Zápas_ID,Směna,Outy,Pálkař,Nadhazovač,Stav_Balls,Stav_Strikes,Pitch_X,Pitch_Y,Hit_X,Hit_Y,Hit_Vzdálenost,Je_Hit,Je_Walk,RBI,Popis_Akce,Fáze
196992,1,0,Jan MULAč,Jose LIMA,0,0,0,0,0,0,0,0,0,0,Play Ball,Základní část
196992,1,0,Jan MULAč,Jose LIMA,0,0,39,7,0,0,0,0,0,0,Ball 1.,Základní část
196992,1,0,Jan MULAč,Jose LIMA,1,0,34,62,0,0,0,0,0,0,Ball 2.,Základní část
196992,1,0,Jan MULAč,Jose LIMA,2,0,1,26,0,0,0,0,0,0,Called Strike 1.,Základní část
196992,1,0,Jan MULAč,Jose LIMA,2,1,5,43,0,0,0,0,0,0,Swinging Strike 2.,Základní část
196992,1,0,Jan MULAč,Jose LIMA,2,2,35,62,0,0,0,0,0,0,Ball 3.,Základní část
196992,1,0,Jan MULAč,Jose LIMA,3,2,-8,17,0,0,149,1,0,0,MULAč Jan singles to shortstop.,Základní část
196992,1,0,Michal ANTOň,Jose LIMA,0,0,37,13,0,0,0,0,0,0,Ball 1.,Základní část
196992,1,0,Michal ANTOň,Jose LIMA,1,0,17,44,0,0,0,0,0,0,Called Strike 1.,Základní část
196992,1,0,Michal ANTOň,Jose LIMA,1,1,0,0,0,0,0,0,0,0,Pickoff Attempt at 1st,Základní část
196992,1,0,Michal ANTOň,Jose LIMA,1,1,39,31,0,0,0,0,0,0,Ball 2.,Základní část
196992,1,0,Michal ANTOň,Jose LIMA,2,1,34,65,0,0,0,0,0,0,Ball 3.,Základní část
196992,1,0,Michal ANTOň,Jose LIMA,3,1,33,58,0,0,0,0,1,0,ANTOň Michal walks. MULAč Jan to 2nd.,Základní část
196992,1,0,Petr ZýMA,Jose LIMA,0,0,33,65,0,0,0,0,0,0,Ball 1.,Základní část
196992,1,0,Petr ZýMA,Jose LIMA,1,0,-15,36,0,0,0,0,0,0,Called Strike 1.,Základní část
196992,1,0,Petr ZýMA,Jose LIMA,1,1,6,11,0,0,113,0,0,0,ZýMA Petr grounds out 4-3. MULAč Jan to 3rd. ANTOň Michal to 2nd. 1 out.,Základní část
196992,1,1,Koya UEMURA,Jose LIMA,0,0,16,36,0,0,0,0,0,0,Called Strike 1.,Základní část
196992,1,1,Koya UEMURA,Jose LIMA,0,1,31,25,0,0,0,0,0,0,Ball 1.,Základní část
196992,1,1,Koya UEMURA,Jose LIMA,1,1,38,35,0,0,0,0,0,0,Ball 2.,Základní část
196992,1,1,Koya UEMURA,Jose LIMA,2,1,-11,36,0,0,0,0,0,0,Foul.,Základní část
196992,1,1,Koya UEMURA,Jose LIMA,2,2,3,34,0,0,0,0,0,0,UEMURA Koya strikes out looking. 2 out.,Základní část
196992,1,2,Filip KUBíčEK,Jose LIMA,0,0,-6,19,0,0,0,0,0,0,Called Strike 1.,Základní část
196992,1,2,Filip KUBíčEK,Jose LIMA,0,1,9,16,0,0,0,0,0,0,Foul.,Základní část
196992,1,2,Filip KUBíčEK,Jose LIMA,0,2,36,47,0,0,0,0,0,0,Ball 1.,Základní část
196992,1,2,Filip KUBíčEK,Jose LIMA,1,2,4,12,0,0,0,0,0,0,Foul.,Základní část
196992,1,2,Filip KUBíčEK,Jose LIMA,1,2,-8,35,0,0,0,0,0,0,KUBíčEK Filip strikes out swinging. 3 out.,Základní část
196992,1,0,Kryštof LUKAVSKý,Jose LIMA,0,0,0,0,0,0,0,0,0,0,"Middle of the 1st<br>0 runs, 2 lob",Základní část
196992,2,0,Kryštof LUKAVSKý,Jose LIMA,0,0,33,26,0,0,0,0,0,0,Ball 1.,Základní část
196992,2,0,Kryštof LUKAVSKý,Jose LIMA,1,0,17,17,0,0,0,0,0,0,Called Strike 1.,Základní část
196992,2,0,Kryštof LUKAVSKý,Jose LIMA,1,1,10,60,0,0,0,0,0,0,Swinging Strike 2.,Základní část
196992,2,0,Kryštof LUKAVSKý,Jose LIMA,1,2,16,38,0,0,0,0,0,0,LUKAVSKý Kryštof strikes out looking. 1 out.,Základní část
196992,2,1,Jan HOJDA,Jose LIMA,0,0,39,27,0,0,0,0,0,0,Ball 1.,Základní část
196992,2,1,Jan HOJDA,Jose LIMA,1,0,38,60,0,0,0,0,0,0,Ball 2.,Základní část
196992,2,1,Jan HOJDA,Jose LIMA,2,0,-2,25,0,0,0,0,0,0,Foul.,Základní část
196992,2,1,Jan HOJDA,Jose LIMA,2,1,31,9,0,0,0,0,0,0,Ball 3.,Základní část
196992,2,1,Jan HOJDA,Jose LIMA,3,1,4,49,0,0,0,0,0,0,Called Strike 2.,Základní část
196992,2,1,Jan HOJDA,Jose LIMA,3,2,12,45,0,0,0,0,0,0,HOJDA Jan strikes out swinging. 2 out.,Základní část
196992,2,2,Matyáš SMOLA,Jose LIMA,0,0,-7,35,0,0,0,0,0,0,Called Strike 1.,Základní část
196992,2,2,Matyáš SMOLA,Jose LIMA,0,1,33,30,0,0,0,0,0,0,Ball 1.,Základní část
196992,2,2,Matyáš SMOLA,Jose LIMA,1,1,-5,61,0,0,0,0,0,0,Foul.,Základní část
196992,2,2,Matyáš SMOLA,Jose LIMA,1,2,17,59,0,0,0,0,0,0,Foul.,Základní část
196992,2,2,Matyáš SMOLA,Jose LIMA,1,2,7,56,0,0,0,0,0,0,SMOLA Matyáš strikes out swinging. 3 out.,Základní část
196992,2,0,Lukáš DERGANZ,Jose LIMA,0,0,0,0,0,0,0,0,0,0,"Middle of the 2nd<br>0 runs, 0 lob",Základní část
196992,3,0,Lukáš DERGANZ,Jose LIMA,0,0,31,42,0,0,0,0,0,0,Ball 1.,Základní část
196992,3,0,Lukáš DERGANZ,Jose LIMA,1,0,36,54,0,0,0,0,0,0,Ball 2.,Základní část
196992,3,0,Lukáš DERGANZ,Jose LIMA,2,0,0,51,0,0,0,0,0,0,Foul.,Základní část
196992,3,0,Lukáš DERGANZ,Jose LIMA,2,1,39,67,0,0,0,0,0,0,Ball 3.,Základní část
196992,3,0,Lukáš DERGANZ,Jose LIMA,3,1,3,24,0,0,0,0,0,0,Swinging Strike 2.,Základní část
196992,3,0,Lukáš DERGANZ,Jose LIMA,3,2,-12,16,0,0,0,0,0,0,DERGANZ Lukáš strikes out swinging. 1 out.,Základní část
196992,3,1,Jan MULAč,Jose LIMA,0,0,8,13,0,0,0,0,0,0,Called Strike 1.,Základní část
196992,3,1,Jan MULAč,Jose LIMA,0,1,6,38,0,0,0,0,0,0,Swinging Strike 2.,Základní část
196992,3,1,Jan MULAč,Jose LIMA,0,2,36,53,0,0,0,0,0,0,Ball 1.,Základní část
196992,3,1,Jan MULAč,Jose LIMA,1,2,31,19,0,0,0,0,0,0,Ball 2.,Základní část
196992,3,1,Jan MULAč,Jose LIMA,2,2,11,16,0,0,0,0,0,0,MULAč Jan strikes out swinging. 2 out.,Základní část
196992,3,2,Michal ANTOň,Jose LIMA,0,0,-8,19,0,0,0,0,0,0,Foul.,Základní část
196992,3,2,Michal ANTOň,Jose LIMA,0,1,-19,50,0,0,0,0,0,0,Called Strike 2.,Základní část
196992,3,2,Michal ANTOň,Jose LIMA,0,2,38,10,0,0,0,0,0,0,Ball 1.,Základní část
196992,3,2,Michal ANTOň,Jose LIMA,1,2,-20,24,0,0,81,0,0,0,ANTOň Michal grounds out 5-3. 3 out.,Základní část
196992,3,0,Petr ZýMA,Jose LIMA,0,0,0,0,0,0,0,0,0,0,"Middle of the 3rd<br>0 runs, 0 lob",Základní část
196992,4,0,Petr ZýMA,Jose LIMA,0,0,35,68,0,0,0,0,0,0,Ball 1.,Základní část
196992,4,0,Petr ZýMA,Jose LIMA,1,0,30,57,0,0,0,0,0,0,Ball 2.,Základní část
196992,4,0,Petr ZýMA,Jose LIMA,2,0,-4,39,0,0,0,0,0,0,Called Strike 1.,Základní část
196992,4,0,Petr ZýMA,Jose LIMA,2,1,-5,17,0,0,26,1,0,0,ZýMA Petr singles to home plate area.,Základní část
196992,4,0,Koya UEMURA,Jose LIMA,0,0,39,55,0,0,0,0,0,0,Ball 1.,Základní část
196992,4,0,Koya UEMURA,Jose LIMA,1,0,38,39,0,0,0,0,0,0,Ball 2.,Základní část
196992,4,0,Koya UEMURA,Jose LIMA,2,0,-13,28,0,0,0,0,0,0,Foul.,Základní část
196992,4,0,Koya UEMURA,Jose LIMA,2,1,36,3,0,0,0,0,0,0,Ball 3.,Základní část
196992,4,0,Koya UEMURA,Jose LIMA,3,1,36,37,0,0,0,0,1,0,UEMURA Koya walks. ZýMA Petr to 2nd.,Základní část
196992,4,0,Filip KUBíčEK,Jose LIMA,0,0,15,23,0,0,0,0,0,0,Swinging Strike 1.,Základní část
196992,4,0,Filip KUBíčEK,Jose LIMA,0,1,37,40,0,0,0,0,0,0,Ball 1.,Základní část
196992,4,0,Filip KUBíčEK,Jose LIMA,1,1,39,26,0,0,0,0,0,0,Ball 2.,Základní část
196992,4,0,Filip KUBíčEK,Jose LIMA,2,1,32,40,0,0,0,0,0,0,Ball 3.,Základní část
196992,4,0,Filip KUBíčEK,Jose LIMA,3,1,-13,11,0,0,113,0,0,0,KUBíčEK Filip hits into a double play.  GDP 643. ZýMA Petr to 3rd. UEMURA Koya  out at 2nd 64.  2 out.,Základní část
196992,4,2,Kryštof LUKAVSKý,Jose LIMA,0,0,-14,14,0,0,0,0,0,0,Foul.,Základní část
196992,4,2,Kryštof LUKAVSKý,Jose LIMA,0,1,38,38,0,0,0,0,0,0,Ball 1.,Základní část
196992,4,2,Kryštof LUKAVSKý,Jose LIMA,1,1,35,56,0,0,0,0,0,0,Ball 2.,Základní část
196992,4,2,Kryštof LUKAVSKý,Jose LIMA,2,1,-7,14,0,0,0,0,0,0,Called Strike 2.,Základní část
196992,4,2,Kryštof LUKAVSKý,Jose LIMA,2,2,33,17,0,0,0,0,0,0,Ball 3.,Základní část
196992,4,2,Kryštof LUKAVSKý,Jose LIMA,3,2,1,49,0,0,0,0,0,0,LUKAVSKý Kryštof strikes out swinging. 3 out.,Základní část
196992,4,0,Jan HOJDA,Jose LIMA,0,0,0,0,0,0,0,0,0,0,"Middle of the 4th<br>0 runs, 1 lob",Základní část
196992,5,0,Jan HOJDA,Jose LIMA,0,0,38,35,0,0,0,0,0,0,Ball 1.,Základní část
196992,5,0,Jan HOJDA,Jose LIMA,1,0,37,20,0,0,0,0,0,0,Ball 2.,Základní část
196992,5,0,Jan HOJDA,Jose LIMA,2,0,38,57,0,0,0,0,0,0,Ball 3.,Základní část
196992,5,0,Jan HOJDA,Jose LIMA,3,0,30,59,0,0,0,0,1,0,HOJDA Jan walks.,Základní část
196992,5,0,Matyáš SMOLA,Jose LIMA,0,0,0,0,0,0,0,0,0,0,Defensive Conference,Základní část
196992,5,0,Matyáš SMOLA,Jose LIMA,0,0,33,1,0,0,0,0,0,0,Ball 1. HOJDA Jan to 2nd on stolen base.,Základní část
196992,5,0,Matyáš SMOLA,Jose LIMA,1,0,1,59,0,0,0,0,0,0,Called Strike 1.,Základní část
196992,5,0,Matyáš SMOLA,Jose LIMA,1,1,31,1,0,0,0,0,0,0,Ball 2. HOJDA Jan  out at 2nd CS26.  1 out.,Základní část
196992,5,1,Matyáš SMOLA,Jose LIMA,2,1,6,41,0,0,0,0,0,0,Foul.,Základní část
196992,5,1,Matyáš SMOLA,Jose LIMA,2,2,18,31,0,0,0,0,0,0,SMOLA Matyáš strikes out looking. 2 out.,Základní část
196992,5,2,Lukáš DERGANZ,Jose LIMA,0,0,33,12,0,0,0,0,0,0,Ball 1.,Základní část
196992,5,2,Lukáš DERGANZ,Jose LIMA,1,0,11,20,0,0,0,0,0,0,Swinging Strike 1.,Základní část
196992,5,2,Lukáš DERGANZ,Jose LIMA,1,1,39,40,0,0,0,0,0,0,Ball 2.,Základní část
196992,5,2,Lukáš DERGANZ,Jose LIMA,2,1,-9,59,0,0,0,0,0,0,Called Strike 2.,Základní část
196992,5,2,Lukáš DERGANZ,Jose LIMA,2,2,38,32,0,0,0,0,0,0,Ball 3.,Základní část
196992,5,2,Lukáš DERGANZ,Jose LIMA,3,2,-12,27,0,0,0,0,0,0,DERGANZ Lukáš strikes out swinging. 3 out.,Základní část
196992,5,0,Jan MULAč,Jose LIMA,0,0,0,0,0,0,0,0,0,0,"Middle of the 5th<br>0 runs, 0 lob",Základní část
196992,6,0,Neznámý,Neznámý,0,0,0,0,0,0,0,0,0,0,Pitching Change: #99 HLOUCH for #88 LIMA,Základní část
196992,6,0,Jan MULAč,Lukáš HLOUCH,0,0,9,21,0,0,0,0,0,0,Swinging Strike 1.,Základní část
196992,6,0,Jan MULAč,Lukáš HLOUCH,0,1,37,24,0,0,0,0,0,0,Ball 1.,Základní část
196992,6,0,Jan MULAč,Lukáš HLOUCH,1,1,-6,30,0,0,0,0,0,0,Swinging Strike 2.,Základní část
196992,6,0,Jan MULAč,Lukáš HLOUCH,1,2,38,60,0,0,0,0,0,0,Ball 2.,Základní část
196992,6,0,Jan MULAč,Lukáš HLOUCH,2,2,31,40,0,0,0,0,0,0,Ball 3.,Základní část
196992,6,0,Jan MULAč,Lukáš HLOUCH,3,2,10,39,0,0,0,0,0,0,MULAč Jan strikes out looking. 1 out.,Základní část
196992,6,1,Michal ANTOň,Lukáš HLOUCH,0,0,12,54,0,0,0,0,0,0,Called Strike 1.,Základní část
196992,6,1,Michal ANTOň,Lukáš HLOUCH,0,1,35,32,0,0,0,0,0,0,Ball 1.,Základní část
196992,6,1,Michal ANTOň,Lukáš HLOUCH,1,1,-15,50,0,0,0,0,0,0,Called Strike 2.,Základní část
196992,6,1,Michal ANTOň,Lukáš HLOUCH,1,2,-13,32,0,0,0,0,0,0,ANTOň Michal strikes out looking. 2 out.,Základní část
196992,6,2,Petr ZýMA,Lukáš HLOUCH,0,0,-2,38,0,0,0,0,0,0,Called Strike 1.,Základní část
196992,6,2,Petr ZýMA,Lukáš HLOUCH,0,1,33,24,0,0,0,0,0,0,Ball 1.,Základní část
196992,6,2,Petr ZýMA,Lukáš HLOUCH,1,1,35,15,0,0,0,0,0,0,Ball 2.,Základní část
196992,6,2,Petr ZýMA,Lukáš HLOUCH,2,1,-12,26,0,0,0,0,0,0,Swinging Strike 2.,Základní část
196992,6,2,Petr ZýMA,Lukáš HLOUCH,2,2,13,17,0,0,113,0,0,0,ZýMA Petr grounds out 4-3. 3 out.,Základní část
196992,6,0,Koya UEMURA,Lukáš HLOUCH,0,0,0,0,0,0,0,0,0,0,"Middle of the 6th<br>0 runs, 0 lob",Základní část
196992,7,0,Koya UEMURA,Lukáš HLOUCH,0,0,39,14,0,0,0,0,0,0,Ball 1.,Základní část
196992,7,0,Koya UEMURA,Lukáš HLOUCH,1,0,-15,45,0,0,0,0,0,0,Called Strike 1.,Základní část
196992,7,0,Koya UEMURA,Lukáš HLOUCH,1,1,-20,34,0,0,0,0,0,0,Called Strike 2.,Základní část
196992,7,0,Koya UEMURA,Lukáš HLOUCH,1,2,33,5,0,0,0,0,0,0,Ball 2.,Základní část
196992,7,0,Koya UEMURA,Lukáš HLOUCH,2,2,-1,23,0,0,237,1,0,0,UEMURA Koya doubles down LF line.,Základní část
196992,7,0,Filip KUBíčEK,Lukáš HLOUCH,0,0,16,22,0,0,0,0,0,0,Swinging Strike 1.,Základní část
196992,7,0,Filip KUBíčEK,Lukáš HLOUCH,0,1,34,59,0,0,0,0,0,0,Ball 1.,Základní část
196992,7,0,Filip KUBíčEK,Lukáš HLOUCH,1,1,8,15,0,0,0,0,0,0,Swinging Strike 2.,Základní část
196992,7,0,Filip KUBíčEK,Lukáš HLOUCH,1,2,11,33,0,0,0,0,0,0,KUBíčEK Filip strikes out looking. 1 out.,Základní část
196992,7,1,Kryštof LUKAVSKý,Lukáš HLOUCH,0,0,32,28,0,0,0,0,0,0,Ball 1. UEMURA Koya to 3rd on passed ball.,Základní část
196992,7,1,Kryštof LUKAVSKý,Lukáš HLOUCH,1,0,0,0,0,0,0,0,0,0,Defensive Conference,Základní část
196992,7,1,Kryštof LUKAVSKý,Lukáš HLOUCH,1,0,1,25,0,0,0,0,0,0,Called Strike 1.,Základní část
196992,7,1,Kryštof LUKAVSKý,Lukáš HLOUCH,1,1,1,36,0,0,0,0,0,0,Foul.,Základní část
196992,7,1,Kryštof LUKAVSKý,Lukáš HLOUCH,1,2,31,67,0,0,0,0,0,0,Ball 2.,Základní část
196992,7,1,Kryštof LUKAVSKý,Lukáš HLOUCH,2,2,18,17,0,0,67,1,0,1,LUKAVSKý Kryštof singles to first base. UEMURA Koya scores. 1 RBI.,Základní část
196992,7,1,Jan HOJDA,Lukáš HLOUCH,0,0,-13,34,0,0,0,0,0,0,Called Strike 1.,Základní část
196992,7,1,Jan HOJDA,Lukáš HLOUCH,0,1,36,6,0,0,0,0,0,0,Ball 1.,Základní část
196992,7,1,Jan HOJDA,Lukáš HLOUCH,1,1,-8,46,0,0,0,0,0,0,Called Strike 2.,Základní část
196992,7,1,Jan HOJDA,Lukáš HLOUCH,1,2,35,2,0,0,0,0,0,0,Ball 2.,Základní část
196992,7,1,Jan HOJDA,Lukáš HLOUCH,2,2,-1,41,0,0,0,0,0,0,HOJDA Jan strikes out swinging. 2 out.,Základní část
196992,7,2,Matyáš SMOLA,Lukáš HLOUCH,0,0,33,25,0,0,0,0,0,0,Ball 1.,Základní část
196992,7,2,Matyáš SMOLA,Lukáš HLOUCH,1,0,37,59,0,0,0,0,0,0,Ball 2.,Základní část
196992,7,2,Matyáš SMOLA,Lukáš HLOUCH,2,0,5,51,0,0,0,0,0,0,Called Strike 1.,Základní část
196992,7,2,Matyáš SMOLA,Lukáš HLOUCH,2,1,39,18,0,0,0,0,0,0,Ball 3.,Základní část
196992,7,2,Matyáš SMOLA,Lukáš HLOUCH,3,1,11,45,0,0,0,0,0,0,Foul.,Základní část
196992,7,2,Matyáš SMOLA,Lukáš HLOUCH,3,2,3,41,0,0,0,0,0,0,SMOLA Matyáš strikes out swinging. 3 out.,Základní část
196992,7,0,Lukáš DERGANZ,Lukáš HLOUCH,0,0,0,0,0,0,0,0,0,0,"Middle of the 7th<br>1 runs, 1 lob",Základní část
196992,8,0,Lukáš DERGANZ,Lukáš HLOUCH,0,0,12,16,0,0,0,0,0,0,Foul.,Základní část
196992,8,0,Lukáš DERGANZ,Lukáš HLOUCH,0,1,-3,52,0,0,0,0,0,0,Foul.,Základní část
196992,8,0,Lukáš DERGANZ,Lukáš HLOUCH,0,2,-6,52,0,0,0,0,0,0,Foul.,Základní část
196992,8,0,Lukáš DERGANZ,Lukáš HLOUCH,0,2,8,53,0,0,0,0,0,0,DERGANZ Lukáš strikes out swinging KS23. 1 out.,Základní část
196992,8,1,Jan MULAč,Lukáš HLOUCH,0,0,39,22,0,0,0,0,0,0,Ball 1.,Základní část
196992,8,1,Jan MULAč,Lukáš HLOUCH,1,0,19,46,0,0,157,0,0,0,MULAč Jan flies out to right field.  F9. 2 out.,Základní část
196992,8,2,Michal ANTOň,Lukáš HLOUCH,0,0,11,56,0,0,0,0,0,0,Called Strike 1.,Základní část
196992,8,2,Michal ANTOň,Lukáš HLOUCH,0,1,-12,33,0,0,0,0,0,0,Foul.,Základní část
196992,8,2,Michal ANTOň,Lukáš HLOUCH,0,2,18,45,0,0,0,0,0,0,ANTOň Michal strikes out looking. 3 out.,Základní část
196992,8,0,Petr ZýMA,Lukáš HLOUCH,0,0,0,0,0,0,0,0,0,0,"Middle of the 8th<br>0 runs, 0 lob",Základní část
196992,9,0,Petr ZýMA,Lukáš HLOUCH,0,0,13,51,0,0,0,0,0,0,Called Strike 1.,Základní část
196992,9,0,Petr ZýMA,Lukáš HLOUCH,0,1,-1,53,0,0,0,0,0,0,Foul.,Základní část
196992,9,0,Petr ZýMA,Lukáš HLOUCH,0,2,36,44,0,0,0,0,0,0,Ball 1.,Základní část
196992,9,0,Petr ZýMA,Lukáš HLOUCH,1,2,-5,14,0,0,0,0,0,0,Foul.,Základní část
196992,9,0,Petr ZýMA,Lukáš HLOUCH,1,2,31,62,0,0,0,0,0,0,Ball 2.,Základní část
196992,9,0,Petr ZýMA,Lukáš HLOUCH,2,2,11,63,0,0,201,0,0,0,ZýMA Petr flies out to right field.  L9. 1 out.,Základní část
196992,9,1,Koya UEMURA,Lukáš HLOUCH,0,0,14,51,0,0,0,0,0,0,Called Strike 1.,Základní část
196992,9,1,Koya UEMURA,Lukáš HLOUCH,0,1,36,39,0,0,0,0,0,0,Ball 1.,Základní část
196992,9,1,Koya UEMURA,Lukáš HLOUCH,1,1,35,33,0,0,0,0,0,0,Ball 2.,Základní část
196992,9,1,Koya UEMURA,Lukáš HLOUCH,2,1,-9,58,0,0,0,0,0,0,Swinging Strike 2.,Základní část
196992,9,1,Koya UEMURA,Lukáš HLOUCH,2,2,11,43,0,0,0,0,0,0,UEMURA Koya strikes out swinging. 2 out.,Základní část
196992,9,2,Filip KUBíčEK,Lukáš HLOUCH,0,0,30,54,0,0,0,0,0,0,Ball 1.,Základní část
196992,9,2,Filip KUBíčEK,Lukáš HLOUCH,1,0,17,29,0,0,0,0,0,0,Called Strike 1.,Základní část
196992,9,2,Filip KUBíčEK,Lukáš HLOUCH,1,1,18,29,0,0,0,0,0,0,Swinging Strike 2.,Základní část
196992,9,2,Filip KUBíčEK,Lukáš HLOUCH,1,2,15,62,0,0,206,1,0,0,KUBíčEK Filip doubles to right field.,Základní část
196992,9,2,Kryštof LUKAVSKý,Lukáš HLOUCH,0,0,8,32,0,0,0,0,0,0,Foul.,Základní část
196992,9,2,Kryštof LUKAVSKý,Lukáš HLOUCH,0,1,19,17,0,0,91,0,0,0,LUKAVSKý Kryštof grounds out 4-3. 3 out.,Základní část
196992,9,0,Jan HOJDA,Lukáš HLOUCH,0,0,0,0,0,0,0,0,0,0,GAME OVER<br>NUC wins 2-1<br>Win: HLOUCH<br>Loss: LEMMON,Základní část
196996,1,0,Jan MULAč,Lukáš SMEJKAL,0,0,19,56,0,0,0,0,0,0,Called Strike 1.,Základní část
196996,1,0,Jan MULAč,Lukáš SMEJKAL,0,1,-3,53,0,0,0,0,0,0,Foul.,Základní část
196996,1,0,Jan MULAč,Lukáš SMEJKAL,0,2,-2,60,0,0,0,0,0,0,Foul.,Základní část
196996,1,0,Jan MULAč,Lukáš SMEJKAL,0,2,39,54,0,0,0,0,0,0,Ball 1.,Základní část
196996,1,0,Jan MULAč,Lukáš SMEJKAL,1,2,35,1,0,0,0,0,0,0,Ball 2.,Základní část
196996,1,0,Jan MULAč,Lukáš SMEJKAL,2,2,36,8,0,0,0,0,0,0,Ball 3.,Základní část
196996,1,0,Jan MULAč,Lukáš SMEJKAL,3,2,32,27,0,0,0,0,1,0,MULAč Jan walks.,Základní část
196996,1,0,Michal ANTOň,Lukáš SMEJKAL,0,0,5,57,0,0,207,1,0,0,ANTOň Michal singles to right field. MULAč Jan to 2nd.,Základní část
196996,1,0,Petr ZýMA,Lukáš SMEJKAL,0,0,19,38,0,0,0,0,0,0,Called Strike 1.,Základní část
196996,1,0,Petr ZýMA,Lukáš SMEJKAL,0,1,-19,34,0,0,0,0,0,0,Called Strike 2.,Základní část
196996,1,0,Petr ZýMA,Lukáš SMEJKAL,0,2,-18,20,0,0,93,0,0,0,ZýMA Petr reaches on fielders choice. MULAč Jan to 3rd. ANTOň Michal  out at 2nd 64.  1 out.,Základní část
196996,1,1,Koya UEMURA,Lukáš SMEJKAL,0,0,-9,58,0,0,0,0,0,0,Called Strike 1.,Základní část
196996,1,1,Koya UEMURA,Lukáš SMEJKAL,0,1,30,13,0,0,0,0,0,0,Ball 1.,Základní část
196996,1,1,Koya UEMURA,Lukáš SMEJKAL,1,1,37,62,0,0,0,0,0,0,Ball 2.,Základní část
196996,1,1,Koya UEMURA,Lukáš SMEJKAL,2,1,30,58,0,0,0,0,0,0,Ball 3.,Základní část
196996,1,1,Koya UEMURA,Lukáš SMEJKAL,3,1,35,58,0,0,0,0,1,0,UEMURA Koya walks. ZýMA Petr to 2nd.,Základní část
196996,1,1,Kryštof LUKAVSKý,Lukáš SMEJKAL,0,0,3,26,0,0,0,0,0,0,Swinging Strike 1.,Základní část
196996,1,1,Kryštof LUKAVSKý,Lukáš SMEJKAL,0,1,16,14,0,0,94,0,0,0,LUKAVSKý Kryštof reaches on fielders choice. MULAč Jan  out at home 32.  ZýMA Petr to 3rd. UEMURA Koya to 2nd. 2 out.,Základní část
196996,1,2,Marek SLABý,Lukáš SMEJKAL,0,0,-9,26,0,0,145,1,0,1,SLABý Marek singles to third base. ZýMA Petr scores. UEMURA Koya to 3rd. LUKAVSKý Kryštof to 2nd. 1 RBI.,Základní část
196996,1,2,Filip KUBíčEK,Lukáš SMEJKAL,0,0,38,39,0,0,0,0,0,0,Ball 1.,Základní část
196996,1,2,Filip KUBíčEK,Lukáš SMEJKAL,1,0,-11,18,0,0,113,0,0,0,KUBíčEK Filip reaches on fielders choice. SLABý Marek  out at 2nd 64.  3 out.,Základní část
196996,1,0,Jan HOJDA,Lukáš SMEJKAL,0,0,0,0,0,0,0,0,0,0,"End of the 1st<br>1 runs, 3 lob",Základní část
196996,2,0,Jan HOJDA,Lukáš SMEJKAL,0,0,17,28,0,0,0,0,0,0,Swinging Strike 1.,Základní část
196996,2,0,Jan HOJDA,Lukáš SMEJKAL,0,1,31,3,0,0,0,0,0,0,Ball 1.,Základní část
196996,2,0,Jan HOJDA,Lukáš SMEJKAL,1,1,32,57,0,0,0,0,0,0,Ball 2.,Základní část
196996,2,0,Jan HOJDA,Lukáš SMEJKAL,2,1,35,68,0,0,0,0,0,0,Ball 3.,Základní část
196996,2,0,Jan HOJDA,Lukáš SMEJKAL,3,1,19,52,0,0,0,0,0,0,Swinging Strike 2.,Základní část
196996,2,0,Jan HOJDA,Lukáš SMEJKAL,3,2,-6,50,0,0,219,0,0,0,HOJDA Jan flies out to left field.  F7. 1 out.,Základní část
196996,2,1,Lukáš DERGANZ,Lukáš SMEJKAL,0,0,37,69,0,0,0,0,0,0,Ball 1.,Základní část
196996,2,1,Lukáš DERGANZ,Lukáš SMEJKAL,1,0,-5,38,0,0,0,0,0,0,Called Strike 1.,Základní část
196996,2,1,Lukáš DERGANZ,Lukáš SMEJKAL,1,1,-9,14,0,0,0,0,0,0,Foul.,Základní část
196996,2,1,Lukáš DERGANZ,Lukáš SMEJKAL,1,2,-15,40,0,0,0,0,0,0,DERGANZ Lukáš strikes out swinging. 2 out.,Základní část
196996,2,2,Jan MULAč,Lukáš SMEJKAL,0,0,31,55,0,0,0,0,0,0,Ball 1.,Základní část
196996,2,2,Jan MULAč,Lukáš SMEJKAL,1,0,-17,17,0,0,0,0,0,0,Called Strike 1.,Základní část
196996,2,2,Jan MULAč,Lukáš SMEJKAL,1,1,-11,31,0,0,0,0,0,0,Swinging Strike 2.,Základní část
196996,2,2,Jan MULAč,Lukáš SMEJKAL,1,2,-19,29,0,0,113,0,0,0,MULAč Jan grounds out 6-3. 3 out.,Základní část
196996,2,0,Michal ANTOň,Lukáš SMEJKAL,0,0,0,0,0,0,0,0,0,0,"End of the 2nd<br>0 runs, 0 lob",Základní část
196996,3,0,Michal ANTOň,Lukáš SMEJKAL,0,0,38,12,0,0,0,0,0,0,Ball 1.,Základní část
196996,3,0,Michal ANTOň,Lukáš SMEJKAL,1,0,37,20,0,0,0,0,0,0,Ball 2.,Základní část
196996,3,0,Michal ANTOň,Lukáš SMEJKAL,2,0,10,59,0,0,0,0,0,0,Called Strike 1.,Základní část
196996,3,0,Michal ANTOň,Lukáš SMEJKAL,2,1,-1,59,0,0,222,1,0,0,ANTOň Michal triples to left field.,Základní část
196996,3,0,Petr ZýMA,Lukáš SMEJKAL,0,0,37,47,0,0,0,0,0,0,Ball 1. ANTOň Michal scores on wild pitch.,Základní část
196996,3,0,Petr ZýMA,Lukáš SMEJKAL,1,0,33,24,0,0,0,0,0,0,Ball 2.,Základní část
196996,3,0,Petr ZýMA,Lukáš SMEJKAL,2,0,-3,18,0,0,94,0,0,0,ZýMA Petr grounds out 5-3. 1 out.,Základní část
196996,3,1,Koya UEMURA,Lukáš SMEJKAL,0,0,-20,13,0,0,0,0,0,0,Called Strike 1.,Základní část
196996,3,1,Koya UEMURA,Lukáš SMEJKAL,0,1,5,22,0,0,0,0,0,0,Foul.,Základní část
196996,3,1,Koya UEMURA,Lukáš SMEJKAL,0,2,19,46,0,0,211,0,0,0,UEMURA Koya flies out to right field.  F9. 2 out.,Základní část
196996,3,2,Kryštof LUKAVSKý,Lukáš SMEJKAL,0,0,13,57,0,0,0,0,0,0,Swinging Strike 1.,Základní část
196996,3,2,Kryštof LUKAVSKý,Lukáš SMEJKAL,0,1,32,29,0,0,0,0,0,0,Ball 1.,Základní část
196996,3,2,Kryštof LUKAVSKý,Lukáš SMEJKAL,1,1,38,61,0,0,0,0,0,0,Ball 2.,Základní část
196996,3,2,Kryštof LUKAVSKý,Lukáš SMEJKAL,2,1,36,64,0,0,0,0,0,0,Ball 3.,Základní část
196996,3,2,Kryštof LUKAVSKý,Lukáš SMEJKAL,3,1,-11,28,0,0,0,0,0,0,Foul.,Základní část
196996,3,2,Kryštof LUKAVSKý,Lukáš SMEJKAL,3,2,34,54,0,0,0,0,1,0,LUKAVSKý Kryštof walks.,Základní část
196996,3,2,Marek SLABý,Lukáš SMEJKAL,0,0,30,32,0,0,0,0,0,0,Ball 1. LUKAVSKý Kryštof to 2nd on stolen base.,Základní část
196996,3,2,Marek SLABý,Lukáš SMEJKAL,1,0,30,57,0,0,0,0,0,0,Ball 2.,Základní část
196996,3,2,Marek SLABý,Lukáš SMEJKAL,2,0,-10,30,0,0,0,0,0,0,Called Strike 1.,Základní část
196996,3,2,Marek SLABý,Lukáš SMEJKAL,2,1,15,29,0,0,90,0,0,0,SLABý Marek grounds out 4-3. 3 out.,Základní část
196996,3,0,Filip KUBíčEK,Lukáš SMEJKAL,0,0,0,0,0,0,0,0,0,0,"End of the 3rd<br>1 runs, 1 lob",Základní část
196996,4,0,Filip KUBíčEK,Lukáš SMEJKAL,0,0,36,12,0,0,0,0,0,0,Ball 1.,Základní část
196996,4,0,Filip KUBíčEK,Lukáš SMEJKAL,1,0,17,27,0,0,0,0,0,0,Swinging Strike 1.,Základní část
196996,4,0,Filip KUBíčEK,Lukáš SMEJKAL,1,1,32,37,0,0,0,0,0,0,Ball 2.,Základní část
196996,4,0,Filip KUBíčEK,Lukáš SMEJKAL,2,1,-13,45,0,0,0,0,0,0,Called Strike 2.,Základní část
196996,4,0,Filip KUBíčEK,Lukáš SMEJKAL,2,2,39,58,0,0,0,0,0,0,Ball 3.,Základní část
196996,4,0,Filip KUBíčEK,Lukáš SMEJKAL,3,2,-12,48,0,0,71,0,0,0,KUBíčEK Filip flies out.  L5. 1 out.,Základní část
196996,4,1,Jan HOJDA,Lukáš SMEJKAL,0,0,-11,14,0,0,119,1,0,0,HOJDA Jan singles to third base.,Základní část
196996,4,1,Lukáš DERGANZ,Lukáš SMEJKAL,0,0,38,23,0,0,0,0,0,0,Ball 1.,Základní část
196996,4,1,Lukáš DERGANZ,Lukáš SMEJKAL,1,0,-19,27,0,0,113,0,0,0,DERGANZ Lukáš reaches on fielding error. E6. HOJDA Jan to 2nd.,Základní část
196996,4,1,Jan MULAč,Lukáš SMEJKAL,0,0,36,20,0,0,0,0,0,0,Ball 1.,Základní část
196996,4,1,Jan MULAč,Lukáš SMEJKAL,1,0,-17,63,0,0,211,0,0,0,MULAč Jan flies out down left field line.  F7. 2 out.,Základní část
196996,4,2,Michal ANTOň,Lukáš SMEJKAL,0,0,-4,39,0,0,0,0,0,0,Called Strike 1.,Základní část
196996,4,2,Michal ANTOň,Lukáš SMEJKAL,0,1,31,61,0,0,0,0,0,0,Ball 1.,Základní část
196996,4,2,Michal ANTOň,Lukáš SMEJKAL,1,1,-12,12,0,0,194,1,0,0,ANTOň Michal singles through the left side. HOJDA Jan to 3rd. DERGANZ Lukáš to 2nd.,Základní část
196996,4,2,Petr ZýMA,Lukáš SMEJKAL,0,0,38,68,0,0,0,0,0,0,Ball 1.,Základní část
196996,4,2,Petr ZýMA,Lukáš SMEJKAL,1,0,37,45,0,0,0,0,0,0,Ball 2.,Základní část
196996,4,2,Petr ZýMA,Lukáš SMEJKAL,2,0,39,44,0,0,0,0,0,0,Ball 3.,Základní část
196996,4,2,Petr ZýMA,Lukáš SMEJKAL,3,0,39,12,0,0,0,0,1,1,ZýMA Petr walks. HOJDA Jan scores. DERGANZ Lukáš to 3rd. ANTOň Michal to 2nd. 1 RBI.,Základní část
196996,4,2,Koya UEMURA,Lukáš SMEJKAL,0,0,0,0,0,0,0,0,0,0,Coaching Visit,Základní část
196996,4,2,Koya UEMURA,Lukáš SMEJKAL,0,0,4,26,0,0,0,0,0,0,Called Strike 1.,Základní část
196996,4,2,Koya UEMURA,Lukáš SMEJKAL,0,1,30,56,0,0,0,0,0,0,Ball 1.,Základní část
196996,4,2,Koya UEMURA,Lukáš SMEJKAL,1,1,35,32,0,0,0,0,0,0,Ball 2.,Základní část
196996,4,2,Koya UEMURA,Lukáš SMEJKAL,2,1,-13,33,0,0,0,0,0,0,Foul.,Základní část
196996,4,2,Koya UEMURA,Lukáš SMEJKAL,2,2,13,24,0,0,0,0,0,0,Foul.,Základní část
196996,4,2,Koya UEMURA,Lukáš SMEJKAL,2,2,-14,23,0,0,0,0,0,0,Foul.,Základní část
196996,4,2,Koya UEMURA,Lukáš SMEJKAL,2,2,-1,15,0,0,0,0,0,0,UEMURA Koya strikes out swinging. 3 out.,Základní část
196996,4,0,Kryštof LUKAVSKý,Lukáš SMEJKAL,0,0,0,0,0,0,0,0,0,0,"End of the 4th<br>1 runs, 3 lob",Základní část
196996,5,0,Neznámý,Neznámý,0,0,0,0,0,0,0,0,0,0,Pitching Change: #58 NETOPILíK for #38 SMEJKAL,Základní část
196996,5,0,Neznámý,Neznámý,0,0,0,0,0,0,0,0,0,0,Defensive Substitution: #64 PEROUTKA for #0 TRENDL at LF,Základní část
196996,5,0,Kryštof LUKAVSKý,Matěj NETOPILíK,0,0,12,48,0,0,0,0,0,0,Foul.,Základní část
196996,5,0,Kryštof LUKAVSKý,Matěj NETOPILíK,0,1,36,14,0,0,0,0,0,0,Ball 1.,Základní část
196996,5,0,Kryštof LUKAVSKý,Matěj NETOPILíK,1,1,32,57,0,0,0,0,0,0,Ball 2.,Základní část
196996,5,0,Kryštof LUKAVSKý,Matěj NETOPILíK,2,1,14,58,0,0,0,0,0,0,Swinging Strike 2.,Základní část
196996,5,0,Kryštof LUKAVSKý,Matěj NETOPILíK,2,2,15,20,0,0,0,0,0,0,LUKAVSKý Kryštof strikes out looking. 1 out.,Základní část
196996,5,1,Marek SLABý,Matěj NETOPILíK,0,0,-9,11,0,0,38,1,0,0,SLABý Marek singles to third base. Bunt.,Základní část
196996,5,1,Filip KUBíčEK,Matěj NETOPILíK,0,0,6,45,0,0,0,0,0,0,Called Strike 1. SLABý Marek to 2nd on . SLABý Marek  out at 1st CS363.  2 out.,Základní část
196996,5,2,Filip KUBíčEK,Matěj NETOPILíK,0,1,34,33,0,0,0,0,0,0,Ball 1.,Základní část
196996,5,2,Filip KUBíčEK,Matěj NETOPILíK,1,1,16,49,0,0,29,0,0,0,KUBíčEK Filip flies out.  P5. 3 out.,Základní část
196996,5,0,Jan HOJDA,Matěj NETOPILíK,0,0,0,0,0,0,0,0,0,0,"End of the 5th<br>0 runs, 0 lob",Základní část
196996,6,0,Jan HOJDA,Matěj NETOPILíK,0,0,38,59,0,0,0,0,0,0,Ball 1.,Základní část
196996,6,0,Jan HOJDA,Matěj NETOPILíK,1,0,38,12,0,0,0,0,0,0,Ball 2.,Základní část
196996,6,0,Jan HOJDA,Matěj NETOPILíK,2,0,14,43,0,0,0,0,0,0,Called Strike 1.,Základní část
196996,6,0,Jan HOJDA,Matěj NETOPILíK,2,1,-13,48,0,0,179,1,0,0,HOJDA Jan singles to left field.,Základní část
196996,6,0,Lukáš DERGANZ,Matěj NETOPILíK,0,0,14,21,0,0,230,1,0,0,DERGANZ Lukáš singles down RF line. HOJDA Jan to 3rd.,Základní část
196996,6,0,Jan MULAč,Matěj NETOPILíK,0,0,0,0,0,0,0,0,0,0,Pickoff Attempt at 1st,Základní část
196996,6,0,Jan MULAč,Matěj NETOPILíK,0,0,32,1,0,0,0,0,0,0,Ball 1.,Základní část
196996,6,0,Jan MULAč,Matěj NETOPILíK,1,0,-10,56,0,0,260,1,0,1,MULAč Jan doubles to deep left field. HOJDA Jan scores. DERGANZ Lukáš to 3rd. 1 RBI.,Základní část
196996,6,0,Michal ANTOň,Matěj NETOPILíK,0,0,30,48,0,0,0,0,0,0,Ball 1.,Základní část
196996,6,0,Michal ANTOň,Matěj NETOPILíK,1,0,-7,49,0,0,0,0,0,0,Called Strike 1.,Základní část
196996,6,0,Michal ANTOň,Matěj NETOPILíK,1,1,32,6,0,0,0,0,0,0,Ball 2.,Základní část
196996,6,0,Michal ANTOň,Matěj NETOPILíK,2,1,31,69,0,0,0,0,0,0,Ball 3.,Základní část
196996,6,0,Michal ANTOň,Matěj NETOPILíK,3,1,18,45,0,0,0,0,0,0,Swinging Strike 2.,Základní část
196996,6,0,Michal ANTOň,Matěj NETOPILíK,3,2,31,4,0,0,0,0,1,0,ANTOň Michal walks.,Základní část
196996,6,0,Neznámý,Neznámý,0,0,0,0,0,0,0,0,0,0,Pitching Change: #8 URBáNEK for #58 NETOPILíK,Základní část
196996,6,0,Petr ZýMA,Jan URBáNEK,0,0,13,25,0,0,113,0,0,0,ZýMA Petr hits into a double play.  GDP 463. DERGANZ Lukáš scores. MULAč Jan to 3rd. ANTOň Michal  out at 2nd 46.  2 out.,Základní část
196996,6,2,Koya UEMURA,Jan URBáNEK,0,0,32,14,0,0,0,0,0,0,Ball 1.,Základní část
196996,6,2,Koya UEMURA,Jan URBáNEK,1,0,-1,45,0,0,0,0,0,0,Called Strike 1.,Základní část
196996,6,2,Koya UEMURA,Jan URBáNEK,1,1,-19,38,0,0,0,0,0,0,Foul.,Základní část
196996,6,2,Koya UEMURA,Jan URBáNEK,1,2,39,14,0,0,0,0,0,0,Ball 2.,Základní část
196996,6,2,Koya UEMURA,Jan URBáNEK,2,2,38,25,0,0,0,0,0,0,Ball 3.,Základní část
196996,6,2,Koya UEMURA,Jan URBáNEK,3,2,12,39,0,0,0,0,0,0,UEMURA Koya strikes out swinging. 3 out.,Základní část
196996,6,0,Kryštof LUKAVSKý,Jan URBáNEK,0,0,0,0,0,0,0,0,0,0,"End of the 6th<br>2 runs, 1 lob",Základní část
196996,7,0,Neznámý,Neznámý,0,0,0,0,0,0,0,0,0,0,Defensive Change: #35 BíLEK to RF,Základní část
196996,7,0,Kryštof LUKAVSKý,Jan URBáNEK,0,0,16,60,0,0,226,0,0,0,LUKAVSKý Kryštof flies out to right field.  L9. 1 out.,Základní část
196996,7,1,Marek SLABý,Jan URBáNEK,0,0,4,41,0,0,0,0,0,0,Called Strike 1.,Základní část
196996,7,1,Marek SLABý,Jan URBáNEK,0,1,35,56,0,0,0,0,0,0,Ball 1.,Základní část
196996,7,1,Marek SLABý,Jan URBáNEK,1,1,34,35,0,0,0,0,0,0,Ball 2.,Základní část
196996,7,1,Marek SLABý,Jan URBáNEK,2,1,39,2,0,0,0,0,0,0,Ball 3.,Základní část
196996,7,1,Marek SLABý,Jan URBáNEK,3,1,36,21,0,0,0,0,1,0,SLABý Marek walks.,Základní část
196996,7,1,Filip KUBíčEK,Jan URBáNEK,0,0,-15,52,0,0,0,0,0,0,Foul.,Základní část
196996,7,1,Filip KUBíčEK,Jan URBáNEK,0,1,35,36,0,0,0,0,0,0,Ball 1.,Základní část
196996,7,1,Filip KUBíčEK,Jan URBáNEK,1,1,0,0,0,0,0,0,0,0,Pickoff Attempt at 1st,Základní část
196996,7,1,Filip KUBíčEK,Jan URBáNEK,1,1,39,38,0,0,0,0,0,0,Ball 2. SLABý Marek to 2nd on stolen base.,Základní část
196996,7,1,Filip KUBíčEK,Jan URBáNEK,2,1,31,10,0,0,0,0,0,0,Ball 3.,Základní část
196996,7,1,Filip KUBíčEK,Jan URBáNEK,3,1,0,39,0,0,0,0,0,0,Foul.,Základní část
196996,7,1,Filip KUBíčEK,Jan URBáNEK,3,2,30,24,0,0,0,0,1,0,KUBíčEK Filip walks.,Základní část
196996,7,1,Jan HOJDA,Jan URBáNEK,0,0,35,34,0,0,0,0,0,0,Ball 1. SLABý Marek to 3rd on stolen base. KUBíčEK Filip to 2nd on stolen base.,Základní část
196996,7,1,Jan HOJDA,Jan URBáNEK,1,0,33,25,0,0,0,0,0,0,Ball 2.,Základní část
196996,7,1,Jan HOJDA,Jan URBáNEK,2,0,5,42,0,0,0,0,0,0,Called Strike 1.,Základní část
196996,7,1,Jan HOJDA,Jan URBáNEK,2,1,33,11,0,0,0,0,0,0,Ball 3.,Základní část
196996,7,1,Jan HOJDA,Jan URBáNEK,3,1,3,58,0,0,0,0,0,0,Swinging Strike 2.,Základní část
196996,7,1,Jan HOJDA,Jan URBáNEK,3,2,-12,45,0,0,226,0,0,0,HOJDA Jan flies out to center field.  F8. SLABý Marek  out at home 82.  Double Play. 3 out.,Základní část
196996,7,0,Lukáš DERGANZ,Jan URBáNEK,0,0,0,0,0,0,0,0,0,0,"End of the 7th<br>0 runs, 1 lob",Základní část
196996,8,0,Lukáš DERGANZ,Jan URBáNEK,0,0,34,8,0,0,0,0,0,0,Ball 1.,Základní část
196996,8,0,Lukáš DERGANZ,Jan URBáNEK,1,0,12,33,0,0,0,0,0,0,Called Strike 1.,Základní část
196996,8,0,Lukáš DERGANZ,Jan URBáNEK,1,1,-54,22,0,0,0,0,0,0,DERGANZ Lukáš Hit By Pitch.,Základní část
196996,8,0,Jan MULAč,Jan URBáNEK,0,0,18,38,0,0,0,0,0,0,Foul.,Základní část
196996,8,0,Jan MULAč,Jan URBáNEK,0,1,38,44,0,0,0,0,0,0,Ball 1.,Základní část
196996,8,0,Jan MULAč,Jan URBáNEK,1,1,16,36,0,0,0,0,0,0,Foul.,Základní část
196996,8,0,Jan MULAč,Jan URBáNEK,1,2,35,32,0,0,0,0,0,0,Ball 2.,Základní část
196996,8,0,Jan MULAč,Jan URBáNEK,2,2,0,0,0,0,0,0,0,0,Catcher Pickoff Attempt at 1st,Základní část
196996,8,0,Jan MULAč,Jan URBáNEK,2,2,-9,55,0,0,226,0,0,0,MULAč Jan flies out to center field.  F8. 1 out.,Základní část
196996,8,1,Michal ANTOň,Jan URBáNEK,0,0,-8,13,0,0,0,0,0,0,Called Strike 1.,Základní část
196996,8,1,Michal ANTOň,Jan URBáNEK,0,1,37,55,0,0,0,0,0,0,Ball 1.,Základní část
196996,8,1,Michal ANTOň,Jan URBáNEK,1,1,36,52,0,0,0,0,0,0,Ball 2.,Základní část
196996,8,1,Michal ANTOň,Jan URBáNEK,2,1,32,45,0,0,0,0,0,0,Ball 3.,Základní část
196996,8,1,Michal ANTOň,Jan URBáNEK,3,1,30,4,0,0,0,0,1,0,ANTOň Michal walks. DERGANZ Lukáš to 2nd.,Základní část
196996,8,1,Petr ZýMA,Jan URBáNEK,0,0,37,22,0,0,0,0,0,0,Ball 1.,Základní část
196996,8,1,Petr ZýMA,Jan URBáNEK,1,0,0,0,0,0,0,0,0,0,DERGANZ Lukáš to 3rd on balk. ANTOň Michal to 2nd on balk.,Základní část
196996,8,1,Petr ZýMA,Jan URBáNEK,1,0,0,47,0,0,0,0,0,0,Foul.,Základní část
196996,8,1,Petr ZýMA,Jan URBáNEK,1,1,-4,50,0,0,0,0,0,0,Foul.,Základní část
196996,8,1,Petr ZýMA,Jan URBáNEK,1,2,4,54,0,0,235,1,0,2,ZýMA Petr doubles to right field. DERGANZ Lukáš scores. ANTOň Michal scores. 2 RBI.,Základní část
196996,8,0,Neznámý,Neznámý,0,0,0,0,0,0,0,0,0,0,Pitching Change: #1 SKáLA for #8 URBáNEK,Základní část
196996,8,0,Neznámý,Neznámý,0,0,0,0,0,0,0,0,0,0,Defensive Change: #8 URBáNEK to RF,Základní část
196996,8,1,Koya UEMURA,Adam SKáLA,0,0,33,39,0,0,0,0,0,0,Ball 1.,Základní část
196996,8,1,Koya UEMURA,Adam SKáLA,1,0,37,69,0,0,0,0,0,0,Ball 2.,Základní část
196996,8,1,Koya UEMURA,Adam SKáLA,2,0,33,70,0,0,0,0,0,0,Ball 3.,Základní část
196996,8,1,Koya UEMURA,Adam SKáLA,3,0,19,33,0,0,0,0,0,0,Called Strike 1.,Základní část
196996,8,1,Koya UEMURA,Adam SKáLA,3,1,-8,24,0,0,0,0,0,0,Called Strike 2.,Základní část
196996,8,1,Koya UEMURA,Adam SKáLA,3,2,-17,27,0,0,0,0,0,0,Foul.,Základní část
196996,8,1,Koya UEMURA,Adam SKáLA,3,2,-15,59,0,0,0,0,0,0,Foul.,Základní část
196996,8,1,Koya UEMURA,Adam SKáLA,3,2,-13,47,0,0,310,1,0,2,UEMURA Koya homers to deep left field. ZýMA Petr scores. 2 RBI.,Základní část
196996,8,1,Kryštof LUKAVSKý,Adam SKáLA,0,0,37,68,0,0,0,0,0,0,Ball 1.,Základní část
196996,8,1,Kryštof LUKAVSKý,Adam SKáLA,1,0,0,64,0,0,113,0,0,0,LUKAVSKý Kryštof flies out.  L4. 2 out.,Základní část
196996,8,2,Marek SLABý,Adam SKáLA,0,0,8,14,0,0,0,0,0,0,Called Strike 1.,Základní část
196996,8,2,Marek SLABý,Adam SKáLA,0,1,33,8,0,0,0,0,0,0,Ball 1.,Základní část
196996,8,2,Marek SLABý,Adam SKáLA,1,1,-14,15,0,0,0,0,0,0,Swinging Strike 2.,Základní část
196996,8,2,Marek SLABý,Adam SKáLA,1,2,8,12,0,0,0,0,0,0,SLABý Marek strikes out looking. 3 out.,Základní část
196996,8,0,Filip KUBíčEK,Adam SKáLA,0,0,0,0,0,0,0,0,0,0,"End of the 8th<br>4 runs, 0 lob",Základní část
196999,1,0,Marek SLABý,Filip ČAPKA,0,0,0,0,0,0,0,0,0,0,Play Ball,Základní část
196999,1,0,Marek SLABý,Filip ČAPKA,0,0,39,57,0,0,0,0,0,0,Ball 1.,Základní část
196999,1,0,Marek SLABý,Filip ČAPKA,1,0,0,25,0,0,0,0,0,0,Called Strike 1.,Základní část
196999,1,0,Marek SLABý,Filip ČAPKA,1,1,-16,12,0,0,113,0,0,0,SLABý Marek grounds out 6-3. 1 out.,Základní část
196999,1,1,Michal ANTOň,Filip ČAPKA,0,0,32,22,0,0,0,0,0,0,Ball 1.,Základní část
196999,1,1,Michal ANTOň,Filip ČAPKA,1,0,11,23,0,0,0,0,0,0,Called Strike 1.,Základní část
196999,1,1,Michal ANTOň,Filip ČAPKA,1,1,4,14,0,0,99,0,0,0,ANTOň Michal grounds out 6-3. 2 out.,Základní část
196999,1,2,Jan HOJDA,Filip ČAPKA,0,0,19,58,0,0,0,0,0,0,Called Strike 1.,Základní část
196999,1,2,Jan HOJDA,Filip ČAPKA,0,1,30,65,0,0,0,0,0,0,Ball 1.,Základní část
196999,1,2,Jan HOJDA,Filip ČAPKA,1,1,32,22,0,0,0,0,0,0,Ball 2.,Základní část
196999,1,2,Jan HOJDA,Filip ČAPKA,2,1,19,28,0,0,0,0,0,0,Foul.,Základní část
196999,1,2,Jan HOJDA,Filip ČAPKA,2,2,13,30,0,0,0,0,0,0,HOJDA Jan strikes out swinging. 3 out.,Základní část
196999,1,0,Koya UEMURA,Filip ČAPKA,0,0,0,0,0,0,0,0,0,0,"Middle of the 1st<br>0 runs, 0 lob",Základní část
196999,2,0,Koya UEMURA,Filip ČAPKA,0,0,32,24,0,0,0,0,0,0,Ball 1.,Základní část
196999,2,0,Koya UEMURA,Filip ČAPKA,1,0,32,28,0,0,0,0,0,0,Ball 2.,Základní část
196999,2,0,Koya UEMURA,Filip ČAPKA,2,0,-7,64,0,0,226,0,0,0,UEMURA Koya flies out to left field.  F7. 1 out.,Základní část
196999,2,1,Jan MULAč,Filip ČAPKA,0,0,30,32,0,0,0,0,0,0,Ball 1.,Základní část
196999,2,1,Jan MULAč,Filip ČAPKA,1,0,8,28,0,0,0,0,0,0,Called Strike 1.,Základní část
196999,2,1,Jan MULAč,Filip ČAPKA,1,1,33,42,0,0,0,0,0,0,Ball 2.,Základní část
196999,2,1,Jan MULAč,Filip ČAPKA,2,1,15,59,0,0,146,0,0,0,MULAč Jan flies out.  F3. 2 out.,Základní část
196999,2,2,Petr ZýMA,Filip ČAPKA,0,0,35,31,0,0,0,0,0,0,Ball 1.,Základní část
196999,2,2,Petr ZýMA,Filip ČAPKA,1,0,1,13,0,0,0,0,0,0,Swinging Strike 1.,Základní část
196999,2,2,Petr ZýMA,Filip ČAPKA,1,1,1,33,0,0,0,0,0,0,Foul.,Základní část
196999,2,2,Petr ZýMA,Filip ČAPKA,1,2,0,27,0,0,179,1,0,0,ZýMA Petr singles up the middle.,Základní část
196999,2,2,Filip KUBíčEK,Filip ČAPKA,0,0,-7,49,0,0,0,0,0,0,Called Strike 1.,Základní část
196999,2,2,Filip KUBíčEK,Filip ČAPKA,0,1,34,34,0,0,0,0,0,0,Ball 1.,Základní část
196999,2,2,Filip KUBíčEK,Filip ČAPKA,1,1,0,0,0,0,0,0,0,0,Pickoff Attempt at 1st,Základní část
196999,2,2,Filip KUBíčEK,Filip ČAPKA,1,1,18,21,0,0,119,0,0,0,KUBíčEK Filip grounds out 4-3. 3 out.,Základní část
196999,2,0,Lukáš DERGANZ,Filip ČAPKA,0,0,0,0,0,0,0,0,0,0,"Middle of the 2nd<br>0 runs, 1 lob",Základní část
196999,3,0,Lukáš DERGANZ,Filip ČAPKA,0,0,8,30,0,0,0,0,0,0,Called Strike 1.,Základní část
196999,3,0,Lukáš DERGANZ,Filip ČAPKA,0,1,33,42,0,0,0,0,0,0,Ball 1.,Základní část
196999,3,0,Lukáš DERGANZ,Filip ČAPKA,1,1,-15,16,0,0,77,0,0,0,DERGANZ Lukáš grounds out 5-3. 1 out.,Základní část
196999,3,1,Matyáš SMOLA,Filip ČAPKA,0,0,-19,14,0,0,0,0,0,0,Called Strike 1.,Základní část
196999,3,1,Matyáš SMOLA,Filip ČAPKA,0,1,-10,17,0,0,0,0,0,0,Swinging Strike 2.,Základní část
196999,3,1,Matyáš SMOLA,Filip ČAPKA,0,2,-16,25,0,0,0,0,0,0,Foul.,Základní část
196999,3,1,Matyáš SMOLA,Filip ČAPKA,0,2,17,40,0,0,0,0,0,0,SMOLA Matyáš strikes out swinging. 2 out.,Základní část
196999,3,2,Marek SLABý,Filip ČAPKA,0,0,34,35,0,0,0,0,0,0,Ball 1.,Základní část
196999,3,2,Marek SLABý,Filip ČAPKA,1,0,19,18,0,0,0,0,0,0,Called Strike 1.,Základní část
196999,3,2,Marek SLABý,Filip ČAPKA,1,1,11,58,0,0,0,0,0,0,Swinging Strike 2.,Základní část
196999,3,2,Marek SLABý,Filip ČAPKA,1,2,-2,31,0,0,0,0,0,0,SLABý Marek strikes out looking. 3 out.,Základní část
196999,3,0,Michal ANTOň,Filip ČAPKA,0,0,0,0,0,0,0,0,0,0,"Middle of the 3rd<br>0 runs, 0 lob",Základní část
196999,4,0,Michal ANTOň,Filip ČAPKA,0,0,30,29,0,0,0,0,0,0,Ball 1.,Základní část
196999,4,0,Michal ANTOň,Filip ČAPKA,1,0,-20,17,0,0,46,1,0,0,ANTOň Michal singles to third base.,Základní část
196999,4,0,Jan HOJDA,Filip ČAPKA,0,0,35,54,0,0,0,0,0,0,Ball 1.,Základní část
196999,4,0,Jan HOJDA,Filip ČAPKA,1,0,-18,40,0,0,0,0,0,0,Foul.,Základní část
196999,4,0,Jan HOJDA,Filip ČAPKA,1,1,7,15,0,0,57,0,0,0,HOJDA Jan grounds out 1-3. ANTOň Michal to 2nd. 1 out.,Základní část
196999,4,1,Koya UEMURA,Filip ČAPKA,0,0,-5,32,0,0,0,0,0,0,Called Strike 1.,Základní část
196999,4,1,Koya UEMURA,Filip ČAPKA,0,1,33,26,0,0,0,0,0,0,Ball 1.,Základní část
196999,4,1,Koya UEMURA,Filip ČAPKA,1,1,34,21,0,0,0,0,0,0,Ball 2.,Základní část
196999,4,1,Koya UEMURA,Filip ČAPKA,2,1,32,5,0,0,0,0,0,0,Ball 3.,Základní část
196999,4,1,Koya UEMURA,Filip ČAPKA,3,1,38,4,0,0,0,0,1,0,UEMURA Koya walks.,Základní část
196999,4,1,Jan MULAč,Filip ČAPKA,0,0,1,63,0,0,203,0,0,0,MULAč Jan flies out to right field.  F9. ANTOň Michal to 3rd. 2 out.,Základní část
196999,4,2,Petr ZýMA,Filip ČAPKA,0,0,35,67,0,0,0,0,0,0,Ball 1.,Základní část
196999,4,2,Petr ZýMA,Filip ČAPKA,1,0,-5,31,0,0,0,0,0,0,Called Strike 1.,Základní část
196999,4,2,Petr ZýMA,Filip ČAPKA,1,1,-54,39,0,0,0,0,0,0,ZýMA Petr Hit By Pitch. UEMURA Koya to 2nd.,Základní část
196999,4,2,Filip KUBíčEK,Filip ČAPKA,0,0,0,0,0,0,0,0,0,0,Defensive Conference,Základní část
196999,4,2,Filip KUBíčEK,Filip ČAPKA,0,0,-12,33,0,0,0,0,0,0,Foul.,Základní část
196999,4,2,Filip KUBíčEK,Filip ČAPKA,0,1,35,67,0,0,0,0,0,0,Ball 1.,Základní část
196999,4,2,Filip KUBíčEK,Filip ČAPKA,1,1,37,60,0,0,0,0,0,0,Ball 2.,Základní část
196999,4,2,Filip KUBíčEK,Filip ČAPKA,2,1,38,19,0,0,0,0,0,0,Ball 3.,Základní část
196999,4,2,Filip KUBíčEK,Filip ČAPKA,3,1,0,0,0,0,0,0,0,0,Pickoff Attempt at 2nd,Základní část
196999,4,2,Filip KUBíčEK,Filip ČAPKA,3,1,39,37,0,0,0,0,1,1,KUBíčEK Filip walks. ANTOň Michal scores. UEMURA Koya to 3rd. ZýMA Petr to 2nd. 1 RBI.,Základní část
196999,4,2,Lukáš DERGANZ,Filip ČAPKA,0,0,0,0,0,0,0,0,0,0,Coaching Visit,Základní část
196999,4,2,Lukáš DERGANZ,Filip ČAPKA,0,0,34,45,0,0,0,0,0,0,Ball 1.,Základní část
196999,4,2,Lukáš DERGANZ,Filip ČAPKA,1,0,18,53,0,0,0,0,0,0,Called Strike 1.,Základní část
196999,4,2,Lukáš DERGANZ,Filip ČAPKA,1,1,-19,51,0,0,0,0,0,0,Called Strike 2.,Základní část
196999,4,2,Lukáš DERGANZ,Filip ČAPKA,1,2,30,25,0,0,0,0,0,0,Ball 2.,Základní část
196999,4,2,Lukáš DERGANZ,Filip ČAPKA,2,2,-4,30,0,0,0,0,0,0,Foul.,Základní část
196999,4,2,Lukáš DERGANZ,Filip ČAPKA,2,2,34,47,0,0,0,0,0,0,Ball 3.,Základní část
196999,4,2,Lukáš DERGANZ,Filip ČAPKA,3,2,-20,30,0,0,0,0,0,0,DERGANZ Lukáš strikes out swinging. 3 out.,Základní část
196999,4,0,Matyáš SMOLA,Filip ČAPKA,0,0,0,0,0,0,0,0,0,0,"Middle of the 4th<br>1 runs, 3 lob",Základní část
196999,5,0,Matyáš SMOLA,Filip ČAPKA,0,0,-17,43,0,0,0,0,0,0,Called Strike 1.,Základní část
196999,5,0,Matyáš SMOLA,Filip ČAPKA,0,1,11,16,0,0,0,0,0,0,Swinging Strike 2.,Základní část
196999,5,0,Matyáš SMOLA,Filip ČAPKA,0,2,-3,43,0,0,0,0,0,0,SMOLA Matyáš strikes out swinging. 1 out.,Základní část
196999,5,1,Marek SLABý,Filip ČAPKA,0,0,37,1,0,0,0,0,0,0,Ball 1.,Základní část
196999,5,1,Marek SLABý,Filip ČAPKA,1,0,3,47,0,0,0,0,0,0,Swinging Strike 1.,Základní část
196999,5,1,Marek SLABý,Filip ČAPKA,1,1,19,38,0,0,0,0,0,0,Called Strike 2.,Základní část
196999,5,1,Marek SLABý,Filip ČAPKA,1,2,-19,41,0,0,0,0,0,0,SLABý Marek strikes out swinging. 2 out.,Základní část
196999,5,2,Michal ANTOň,Filip ČAPKA,0,0,13,49,0,0,0,0,0,0,Called Strike 1.,Základní část
196999,5,2,Michal ANTOň,Filip ČAPKA,0,1,36,44,0,0,0,0,0,0,Ball 1.,Základní část
196999,5,2,Michal ANTOň,Filip ČAPKA,1,1,13,14,0,0,179,1,0,0,ANTOň Michal singles through the right side.,Základní část
196999,5,2,Jan HOJDA,Filip ČAPKA,0,0,0,22,0,0,0,0,0,0,Called Strike 1.,Základní část
196999,5,2,Jan HOJDA,Filip ČAPKA,0,1,30,64,0,0,0,0,0,0,Ball 1. ANTOň Michal to 2nd on stolen base.,Základní část
196999,5,2,Jan HOJDA,Filip ČAPKA,1,1,-14,61,0,0,179,1,0,1,HOJDA Jan singles to center field. ANTOň Michal scores. HOJDA Jan to 2nd on throw. 1 RBI.,Základní část
196999,5,2,Koya UEMURA,Filip ČAPKA,0,0,37,27,0,0,0,0,0,0,Ball 1.,Základní část
196999,5,2,Koya UEMURA,Filip ČAPKA,1,0,34,22,0,0,0,0,0,0,Ball 2.,Základní část
196999,5,2,Koya UEMURA,Filip ČAPKA,2,0,0,0,0,0,0,0,0,0,Defensive Conference,Základní část
196999,5,2,Koya UEMURA,Filip ČAPKA,2,0,33,46,0,0,0,0,0,0,Ball 3.,Základní část
196999,5,2,Koya UEMURA,Filip ČAPKA,3,0,0,0,0,0,0,0,1,0,UEMURA Koya is intentionally walked.,Základní část
196999,5,2,Jan MULAč,Filip ČAPKA,0,0,5,24,0,0,0,0,0,0,Called Strike 1.,Základní část
196999,5,2,Jan MULAč,Filip ČAPKA,0,1,-12,54,0,0,0,0,0,0,Swinging Strike 2.,Základní část
196999,5,2,Jan MULAč,Filip ČAPKA,0,2,32,20,0,0,0,0,0,0,Ball 1.,Základní část
196999,5,2,Jan MULAč,Filip ČAPKA,1,2,37,23,0,0,0,0,0,0,Ball 2. HOJDA Jan to 3rd on wild pitch. UEMURA Koya to 2nd on wild pitch.,Základní část
196999,5,2,Jan MULAč,Filip ČAPKA,2,2,1,32,0,0,0,0,0,0,MULAč Jan strikes out swinging KS2. 3 out.,Základní část
196999,5,0,Petr ZýMA,Filip ČAPKA,0,0,0,0,0,0,0,0,0,0,"Middle of the 5th<br>1 runs, 2 lob",Základní část
196999,6,0,Neznámý,Neznámý,0,0,0,0,0,0,0,0,0,0,Pitching Change: #0 VENTRUBA for #14 ČAPKA,Základní část
196999,6,0,Petr ZýMA,Vojtěch VENTRUBA,0,0,-19,49,0,0,0,0,0,0,Called Strike 1.,Základní část
196999,6,0,Petr ZýMA,Vojtěch VENTRUBA,0,1,32,60,0,0,0,0,0,0,Ball 1.,Základní část
196999,6,0,Petr ZýMA,Vojtěch VENTRUBA,1,1,0,57,0,0,94,0,0,0,ZýMA Petr flies out foul.  FP3. 1 out.,Základní část
196999,6,1,Filip KUBíčEK,Vojtěch VENTRUBA,0,0,34,60,0,0,0,0,0,0,Ball 1.,Základní část
196999,6,1,Filip KUBíčEK,Vojtěch VENTRUBA,1,0,6,56,0,0,0,0,0,0,Swinging Strike 1.,Základní část
196999,6,1,Filip KUBíčEK,Vojtěch VENTRUBA,1,1,14,27,0,0,0,0,0,0,Swinging Strike 2.,Základní část
196999,6,1,Filip KUBíčEK,Vojtěch VENTRUBA,1,2,-15,32,0,0,0,0,0,0,KUBíčEK Filip strikes out looking. 2 out.,Základní část
196999,6,2,Lukáš DERGANZ,Vojtěch VENTRUBA,0,0,-5,20,0,0,121,0,0,0,DERGANZ Lukáš reaches on throwing error. E6T.,Základní část
196999,6,0,Neznámý,Neznámý,0,0,0,0,0,0,0,0,0,0,Pinch Hitter: #0 TOšOVSKý for #26 SMOLA,Základní část
196999,6,2,Adam TOšOVSKý,Vojtěch VENTRUBA,0,0,35,69,0,0,0,0,0,0,Ball 1.,Základní část
196999,6,2,Adam TOšOVSKý,Vojtěch VENTRUBA,1,0,39,2,0,0,0,0,0,0,Ball 2.,Základní část
196999,6,2,Adam TOšOVSKý,Vojtěch VENTRUBA,2,0,0,0,0,0,0,0,0,0,Pickoff Attempt at 1st,Základní část
196999,6,2,Adam TOšOVSKý,Vojtěch VENTRUBA,2,0,-6,25,0,0,0,0,0,0,Foul.,Základní část
196999,6,2,Adam TOšOVSKý,Vojtěch VENTRUBA,2,1,0,48,0,0,117,0,0,0,TOšOVSKý Adam flies out.  P4. 3 out.,Základní část
196999,6,0,Marek SLABý,Vojtěch VENTRUBA,0,0,0,0,0,0,0,0,0,0,"Middle of the 6th<br>0 runs, 1 lob",Základní část
196999,7,0,Neznámý,Neznámý,0,0,0,0,0,0,0,0,0,0,Pitching Change: #0 MONCADA for #0 VENTRUBA,Základní část
196999,7,0,Marek SLABý,Luis MONCADA,0,0,-7,46,0,0,0,0,0,0,Called Strike 1.,Základní část
196999,7,0,Marek SLABý,Luis MONCADA,0,1,-7,45,0,0,179,1,0,0,SLABý Marek singles to left field.,Základní část
196999,7,0,Michal ANTOň,Luis MONCADA,0,0,-19,23,0,0,0,0,0,0,Called Strike 1.,Základní část
196999,7,0,Michal ANTOň,Luis MONCADA,0,1,0,0,0,0,0,0,0,0,Pickoff Attempt at 1st,Základní část
196999,7,0,Michal ANTOň,Luis MONCADA,0,1,38,19,0,0,0,0,0,0,Ball 1. SLABý Marek to 2nd on stolen base.,Základní část
196999,7,0,Michal ANTOň,Luis MONCADA,1,1,34,19,0,0,0,0,0,0,Ball 2.,Základní část
196999,7,0,Michal ANTOň,Luis MONCADA,2,1,-7,31,0,0,0,0,0,0,Called Strike 2.,Základní část
196999,7,0,Michal ANTOň,Luis MONCADA,2,2,37,44,0,0,0,0,0,0,Ball 3.,Základní část
196999,7,0,Michal ANTOň,Luis MONCADA,3,2,-16,59,0,0,0,0,0,0,Foul.,Základní část
196999,7,0,Michal ANTOň,Luis MONCADA,3,2,13,14,0,0,99,0,0,0,ANTOň Michal grounds out 3U. SLABý Marek to 3rd. 1 out.,Základní část
196999,7,1,Jan HOJDA,Luis MONCADA,0,0,38,15,0,0,0,0,0,0,Ball 1.,Základní část
196999,7,1,Jan HOJDA,Luis MONCADA,1,0,-5,19,0,0,0,0,0,0,Called Strike 1.,Základní část
196999,7,1,Jan HOJDA,Luis MONCADA,1,1,30,11,0,0,0,0,0,0,Ball 2.,Základní část
196999,7,1,Jan HOJDA,Luis MONCADA,2,1,11,61,0,0,0,0,0,0,Swinging Strike 2.,Základní část
196999,7,1,Jan HOJDA,Luis MONCADA,2,2,16,29,0,0,0,0,0,0,HOJDA Jan strikes out swinging. 2 out.,Základní část
196999,7,2,Koya UEMURA,Luis MONCADA,0,0,-19,39,0,0,0,0,0,0,Called Strike 1.,Základní část
196999,7,2,Koya UEMURA,Luis MONCADA,0,1,10,39,0,0,0,0,0,0,Swinging Strike 2.,Základní část
196999,7,2,Koya UEMURA,Luis MONCADA,0,2,-7,61,0,0,0,0,0,0,Foul.,Základní část
196999,7,2,Koya UEMURA,Luis MONCADA,0,3,-20,20,0,0,0,0,0,0,UEMURA Koya strikes out swinging. 3 out.,Základní část
196999,7,0,Jan MULAč,Luis MONCADA,0,0,0,0,0,0,0,0,0,0,"Middle of the 7th<br>0 runs, 1 lob",Základní část
196999,8,0,Jan MULAč,Luis MONCADA,0,0,-2,49,0,0,0,0,0,0,Swinging Strike 1.,Základní část
196999,8,0,Jan MULAč,Luis MONCADA,0,1,37,52,0,0,0,0,0,0,Ball 1.,Základní část
196999,8,0,Jan MULAč,Luis MONCADA,1,1,9,25,0,0,0,0,0,0,Swinging Strike 2.,Základní část
196999,8,0,Jan MULAč,Luis MONCADA,1,2,31,35,0,0,0,0,0,0,Ball 2.,Základní část
196999,8,0,Jan MULAč,Luis MONCADA,2,2,-13,58,0,0,0,0,0,0,Foul.,Základní část
196999,8,0,Jan MULAč,Luis MONCADA,2,2,37,52,0,0,0,0,0,0,Ball 3.,Základní část
196999,8,0,Jan MULAč,Luis MONCADA,3,2,32,23,0,0,0,0,1,0,MULAč Jan walks.,Základní část
196999,8,0,Petr ZýMA,Luis MONCADA,0,0,36,4,0,0,0,0,0,0,Ball 1.,Základní část
196999,8,0,Petr ZýMA,Luis MONCADA,1,0,19,30,0,0,0,0,0,0,Foul.,Základní část
196999,8,0,Petr ZýMA,Luis MONCADA,1,1,0,16,0,0,113,0,0,0,ZýMA Petr reaches on fielders choice. MULAč Jan  out at 2nd 46.  1 out.,Základní část
196999,8,1,Filip KUBíčEK,Luis MONCADA,0,0,37,69,0,0,0,0,0,0,Ball 1.,Základní část
196999,8,1,Filip KUBíčEK,Luis MONCADA,1,0,8,20,0,0,0,0,0,0,Called Strike 1.,Základní část
196999,8,1,Filip KUBíčEK,Luis MONCADA,1,1,-19,40,0,0,0,0,0,0,Called Strike 2.,Základní část
196999,8,1,Filip KUBíčEK,Luis MONCADA,1,2,-18,54,0,0,0,0,0,0,KUBíčEK Filip strikes out swinging. 2 out.,Základní část
196999,8,2,Lukáš DERGANZ,Luis MONCADA,0,0,-19,50,0,0,0,0,0,0,Swinging Strike 1.,Základní část
196999,8,2,Lukáš DERGANZ,Luis MONCADA,0,1,-11,46,0,0,0,0,0,0,Called Strike 2.,Základní část
196999,8,2,Lukáš DERGANZ,Luis MONCADA,0,2,8,22,0,0,113,0,0,0,DERGANZ Lukáš grounds out 4-3. 3 out.,Základní část
196999,8,0,Adam TOšOVSKý,Luis MONCADA,0,0,0,0,0,0,0,0,0,0,"Middle of the 8th<br>0 runs, 1 lob",Základní část
196999,9,0,Adam TOšOVSKý,Luis MONCADA,0,0,38,22,0,0,0,0,0,0,Ball 1.,Základní část
196999,9,0,Adam TOšOVSKý,Luis MONCADA,1,0,17,59,0,0,0,0,0,0,Called Strike 1.,Základní část
196999,9,0,Adam TOšOVSKý,Luis MONCADA,1,1,36,19,0,0,0,0,0,0,Ball 2.,Základní část
196999,9,0,Adam TOšOVSKý,Luis MONCADA,2,1,-1,48,0,0,0,0,0,0,Foul.,Základní část
196999,9,0,Adam TOšOVSKý,Luis MONCADA,2,2,4,30,0,0,0,0,0,0,Foul.,Základní část
196999,9,0,Adam TOšOVSKý,Luis MONCADA,2,2,39,16,0,0,0,0,0,0,Ball 3.,Základní část
196999,9,0,Adam TOšOVSKý,Luis MONCADA,3,2,0,63,0,0,189,0,0,0,TOšOVSKý Adam flies out to center field.  F8. 1 out.,Základní část
196999,9,1,Marek SLABý,Luis MONCADA,0,0,36,26,0,0,0,0,0,0,Ball 1.,Základní část
196999,9,1,Marek SLABý,Luis MONCADA,1,0,14,18,0,0,0,0,0,0,Called Strike 1.,Základní část
196999,9,1,Marek SLABý,Luis MONCADA,1,1,35,47,0,0,0,0,0,0,Ball 2.,Základní část
196999,9,1,Marek SLABý,Luis MONCADA,2,1,18,40,0,0,0,0,0,0,Swinging Strike 2.,Základní část
196999,9,1,Marek SLABý,Luis MONCADA,2,2,4,61,0,0,0,0,0,0,SLABý Marek strikes out swinging. 2 out.,Základní část
196999,9,2,Michal ANTOň,Luis MONCADA,0,0,34,34,0,0,0,0,0,0,Ball 1.,Základní část
196999,9,2,Michal ANTOň,Luis MONCADA,1,0,38,13,0,0,0,0,0,0,Ball 2.,Základní část
196999,9,2,Michal ANTOň,Luis MONCADA,2,0,-7,13,0,0,0,0,0,0,Called Strike 1.,Základní část
196999,9,2,Michal ANTOň,Luis MONCADA,2,1,32,53,0,0,0,0,0,0,Ball 3.,Základní část
196999,9,2,Michal ANTOň,Luis MONCADA,3,1,32,37,0,0,0,0,1,0,ANTOň Michal walks.,Základní část
196999,9,2,Jan HOJDA,Luis MONCADA,0,0,39,55,0,0,0,0,0,0,Ball 1.,Základní část
196999,9,2,Jan HOJDA,Luis MONCADA,1,0,14,45,0,0,0,0,0,0,Foul.,Základní část
196999,9,2,Jan HOJDA,Luis MONCADA,1,1,32,45,0,0,0,0,0,0,Ball 2.,Základní část
196999,9,2,Jan HOJDA,Luis MONCADA,2,1,-13,45,0,0,0,0,0,0,Swinging Strike 2.,Základní část
196999,9,2,Jan HOJDA,Luis MONCADA,2,2,-15,41,0,0,0,0,0,0,HOJDA Jan strikes out swinging. 3 out.,Základní část
196999,9,0,Koya UEMURA,Luis MONCADA,0,0,0,0,0,0,0,0,0,0,GAME OVER<br>DRA wins 10-2<br>Win: ČAPKA F<br>Loss: UEMURA<br>Save: MONCADA,Základní část
197003,1,0,Marek SLABý,Tomáš ONDRA,0,0,0,0,0,0,0,0,0,0,Play Ball,Základní část
197003,1,0,Marek SLABý,Tomáš ONDRA,0,0,-7,31,0,0,0,0,0,0,Swinging Strike 1.,Základní část
197003,1,0,Marek SLABý,Tomáš ONDRA,0,1,31,28,0,0,0,0,0,0,Ball 1.,Základní část
197003,1,0,Marek SLABý,Tomáš ONDRA,1,1,1,56,0,0,0,0,0,0,Called Strike 2.,Základní část
197003,1,0,Marek SLABý,Tomáš ONDRA,1,2,18,49,0,0,0,0,0,0,SLABý Marek strikes out swinging. 1 out.,Základní část
197003,1,1,Michal ANTOň,Tomáš ONDRA,0,0,4,34,0,0,0,0,0,0,Called Strike 1.,Základní část
197003,1,1,Michal ANTOň,Tomáš ONDRA,0,1,5,26,0,0,0,0,0,0,Foul.,Základní část
197003,1,1,Michal ANTOň,Tomáš ONDRA,0,2,32,60,0,0,0,0,0,0,Ball 1.,Základní část
197003,1,1,Michal ANTOň,Tomáš ONDRA,1,2,34,52,0,0,0,0,0,0,Ball 2.,Základní část
197003,1,1,Michal ANTOň,Tomáš ONDRA,2,2,-15,11,0,0,113,0,0,0,ANTOň Michal reaches on throwing error. E6T.,Základní část
197003,1,1,Jan HOJDA,Tomáš ONDRA,0,0,9,57,0,0,0,0,0,0,Foul.,Základní část
197003,1,1,Jan HOJDA,Tomáš ONDRA,0,1,-16,31,0,0,0,0,0,0,Swinging Strike 2.,Základní část
197003,1,1,Jan HOJDA,Tomáš ONDRA,0,2,-3,59,0,0,0,0,0,0,HOJDA Jan strikes out swinging. ANTOň Michal to 2nd on stolen base. 2 out.,Základní část
197003,1,2,Koya UEMURA,Tomáš ONDRA,0,0,39,26,0,0,0,0,0,0,Ball 1.,Základní část
197003,1,2,Koya UEMURA,Tomáš ONDRA,1,0,5,48,0,0,0,0,0,0,Called Strike 1.,Základní část
197003,1,2,Koya UEMURA,Tomáš ONDRA,1,1,17,21,0,0,0,0,0,0,Foul.,Základní část
197003,1,2,Koya UEMURA,Tomáš ONDRA,1,2,-10,45,0,0,0,0,0,0,UEMURA Koya strikes out swinging. 3 out.,Základní část
197003,1,0,Jan MULAč,Tomáš ONDRA,0,0,0,0,0,0,0,0,0,0,"Middle of the 1st<br>0 runs, 1 lob",Základní část
197003,2,0,Jan MULAč,Tomáš ONDRA,0,0,38,60,0,0,0,0,0,0,Ball 1.,Základní část
197003,2,0,Jan MULAč,Tomáš ONDRA,1,0,-14,18,0,0,0,0,0,0,Swinging Strike 1.,Základní část
197003,2,0,Jan MULAč,Tomáš ONDRA,1,1,6,32,0,0,0,0,0,0,Foul.,Základní část
197003,2,0,Jan MULAč,Tomáš ONDRA,1,2,-17,23,0,0,0,0,0,0,MULAč Jan strikes out swinging. 1 out.,Základní část
197003,2,1,Petr ZýMA,Tomáš ONDRA,0,0,-1,37,0,0,0,0,0,0,Called Strike 1.,Základní část
197003,2,1,Petr ZýMA,Tomáš ONDRA,0,1,36,31,0,0,0,0,0,0,Ball 1.,Základní část
197003,2,1,Petr ZýMA,Tomáš ONDRA,1,1,31,41,0,0,0,0,0,0,Ball 2.,Základní část
197003,2,1,Petr ZýMA,Tomáš ONDRA,2,1,-19,18,0,0,0,0,0,0,Swinging Strike 2.,Základní část
197003,2,1,Petr ZýMA,Tomáš ONDRA,2,2,-12,59,0,0,128,0,0,0,ZýMA Petr flies out.  L6. 2 out.,Základní část
197003,2,2,Kryštof LUKAVSKý,Tomáš ONDRA,0,0,12,52,0,0,0,0,0,0,Called Strike 1.,Základní část
197003,2,2,Kryštof LUKAVSKý,Tomáš ONDRA,0,1,-9,52,0,0,0,0,0,0,Foul.,Základní část
197003,2,2,Kryštof LUKAVSKý,Tomáš ONDRA,0,2,4,64,0,0,89,0,0,0,LUKAVSKý Kryštof flies out foul.  FP3. 3 out.,Základní část
197003,2,0,Lukáš DERGANZ,Tomáš ONDRA,0,0,0,0,0,0,0,0,0,0,"Middle of the 2nd<br>0 runs, 0 lob",Základní část
197003,3,0,Lukáš DERGANZ,Tomáš ONDRA,0,0,33,20,0,0,0,0,0,0,Ball 1.,Základní část
197003,3,0,Lukáš DERGANZ,Tomáš ONDRA,1,0,7,43,0,0,0,0,0,0,Foul.,Základní část
197003,3,0,Lukáš DERGANZ,Tomáš ONDRA,1,1,33,44,0,0,0,0,0,0,Ball 2.,Základní část
197003,3,0,Lukáš DERGANZ,Tomáš ONDRA,2,1,17,52,0,0,0,0,0,0,Swinging Strike 2.,Základní část
197003,3,0,Lukáš DERGANZ,Tomáš ONDRA,2,2,1,55,0,0,0,0,0,0,DERGANZ Lukáš strikes out swinging. 1 out.,Základní část
197003,3,1,Aleš PRANDžEV,Tomáš ONDRA,0,0,7,29,0,0,0,0,0,0,Called Strike 1.,Základní část
197003,3,1,Aleš PRANDžEV,Tomáš ONDRA,0,1,-6,52,0,0,0,0,0,0,Foul.,Základní část
197003,3,1,Aleš PRANDžEV,Tomáš ONDRA,0,2,-4,49,0,0,0,0,0,0,Foul.,Základní část
197003,3,1,Aleš PRANDžEV,Tomáš ONDRA,0,2,-3,15,0,0,0,0,0,0,PRANDžEV Aleš strikes out swinging. 2 out.,Základní část
197003,3,2,Marek SLABý,Tomáš ONDRA,0,0,3,48,0,0,0,0,0,0,Called Strike 1.,Základní část
197003,3,2,Marek SLABý,Tomáš ONDRA,0,1,17,40,0,0,0,0,0,0,Swinging Strike 2.,Základní část
197003,3,2,Marek SLABý,Tomáš ONDRA,0,2,-15,58,0,0,169,1,0,0,SLABý Marek singles to left field.,Základní část
197003,3,2,Michal ANTOň,Tomáš ONDRA,0,0,-8,32,0,0,0,0,0,0,Called Strike 1.,Základní část
197003,3,2,Michal ANTOň,Tomáš ONDRA,0,1,0,0,0,0,0,0,0,0,Pickoff Attempt at 1st,Základní část
197003,3,2,Michal ANTOň,Tomáš ONDRA,0,1,-5,56,0,0,194,0,0,0,ANTOň Michal flies out to left center.  F7. 3 out.,Základní část
197003,3,0,Jan HOJDA,Tomáš ONDRA,0,0,0,0,0,0,0,0,0,0,"Middle of the 3rd<br>0 runs, 1 lob",Základní část
197003,4,0,Jan HOJDA,Tomáš ONDRA,0,0,13,51,0,0,0,0,0,0,Called Strike 1.,Základní část
197003,4,0,Jan HOJDA,Tomáš ONDRA,0,1,12,55,0,0,0,0,0,0,Called Strike 2.,Základní část
197003,4,0,Jan HOJDA,Tomáš ONDRA,0,2,-2,18,0,0,57,0,0,0,HOJDA Jan grounds out 1-3. 1 out.,Základní část
197003,4,1,Koya UEMURA,Tomáš ONDRA,0,0,7,41,0,0,0,0,0,0,Called Strike 1.,Základní část
197003,4,1,Koya UEMURA,Tomáš ONDRA,0,1,9,41,0,0,0,0,0,0,Called Strike 2.,Základní část
197003,4,1,Koya UEMURA,Tomáš ONDRA,0,2,-3,54,0,0,0,0,0,0,Foul.,Základní část
197003,4,1,Koya UEMURA,Tomáš ONDRA,0,2,-18,56,0,0,0,0,0,0,Foul.,Základní část
197003,4,1,Koya UEMURA,Tomáš ONDRA,0,2,-11,22,0,0,0,0,0,0,Foul.,Základní část
197003,4,1,Koya UEMURA,Tomáš ONDRA,0,2,-7,20,0,0,179,1,0,0,UEMURA Koya singles through the left side.,Základní část
197003,4,1,Jan MULAč,Tomáš ONDRA,0,0,-2,14,0,0,94,0,0,0,MULAč Jan grounds out 5-3. UEMURA Koya to 2nd. 2 out.,Základní část
197003,4,2,Petr ZýMA,Tomáš ONDRA,0,0,16,10,0,0,113,0,0,0,ZýMA Petr grounds out 4-3. 3 out.,Základní část
197003,4,0,Kryštof LUKAVSKý,Tomáš ONDRA,0,0,0,0,0,0,0,0,0,0,"Middle of the 4th<br>0 runs, 1 lob",Základní část
197003,5,0,Kryštof LUKAVSKý,Tomáš ONDRA,0,0,0,45,0,0,0,0,0,0,Foul.,Základní část
197003,5,0,Kryštof LUKAVSKý,Tomáš ONDRA,0,1,39,70,0,0,0,0,0,0,Ball 1.,Základní část
197003,5,0,Kryštof LUKAVSKý,Tomáš ONDRA,1,1,-17,23,0,0,0,0,0,0,Foul.,Základní část
197003,5,0,Kryštof LUKAVSKý,Tomáš ONDRA,1,2,-7,42,0,0,0,0,0,0,Foul.,Základní část
197003,5,0,Kryštof LUKAVSKý,Tomáš ONDRA,1,2,-2,27,0,0,46,1,0,0,LUKAVSKý Kryštof singles to third base.,Základní část
197003,5,0,Lukáš DERGANZ,Tomáš ONDRA,0,0,-1,17,0,0,0,0,0,0,Foul.,Základní část
197003,5,0,Lukáš DERGANZ,Tomáš ONDRA,0,1,-8,38,0,0,0,0,0,0,Called Strike 2.,Základní část
197003,5,0,Lukáš DERGANZ,Tomáš ONDRA,0,2,0,0,0,0,0,0,0,0,Catcher Pickoff Attempt at 1st,Základní část
197003,5,0,Lukáš DERGANZ,Tomáš ONDRA,0,2,6,55,0,0,0,0,0,0,DERGANZ Lukáš strikes out swinging. 1 out.,Základní část
197003,5,1,Aleš PRANDžEV,Tomáš ONDRA,0,0,8,34,0,0,0,0,0,0,Called Strike 1. LUKAVSKý Kryštof to 2nd on . LUKAVSKý Kryštof  out at 2nd CS24.  2 out.,Základní část
197003,5,2,Aleš PRANDžEV,Tomáš ONDRA,0,1,-13,49,0,0,179,1,0,0,PRANDžEV Aleš singles to center field.,Základní část
197003,5,2,Marek SLABý,Tomáš ONDRA,0,0,-1,59,0,0,195,0,0,0,SLABý Marek flies out to left field.  F7. 3 out.,Základní část
197003,5,0,Michal ANTOň,Tomáš ONDRA,0,0,0,0,0,0,0,0,0,0,"Middle of the 5th<br>0 runs, 1 lob",Základní část
197003,6,0,Michal ANTOň,Tomáš ONDRA,0,0,5,16,0,0,0,0,0,0,Called Strike 1.,Základní část
197003,6,0,Michal ANTOň,Tomáš ONDRA,0,1,16,12,0,0,0,0,0,0,Called Strike 2.,Základní část
197003,6,0,Michal ANTOň,Tomáš ONDRA,0,2,-19,63,0,0,123,0,0,0,ANTOň Michal flies out.  L6. 1 out.,Základní část
197003,6,1,Jan HOJDA,Tomáš ONDRA,0,0,-17,19,0,0,113,0,0,0,HOJDA Jan grounds out 4-3. 2 out.,Základní část
197003,6,2,Koya UEMURA,Tomáš ONDRA,0,0,-9,22,0,0,0,0,0,0,Called Strike 1.,Základní část
197003,6,2,Koya UEMURA,Tomáš ONDRA,0,1,2,41,0,0,0,0,0,0,Called Strike 2.,Základní část
197003,6,2,Koya UEMURA,Tomáš ONDRA,0,2,-13,51,0,0,206,0,0,0,UEMURA Koya flies out to center field.  F8. 3 out.,Základní část
197003,6,0,Jan MULAč,Tomáš ONDRA,0,0,0,0,0,0,0,0,0,0,"Middle of the 6th<br>0 runs, 0 lob",Základní část
197003,7,0,Jan MULAč,Tomáš ONDRA,0,0,-19,52,0,0,0,0,0,0,Called Strike 1.,Základní část
197003,7,0,Jan MULAč,Tomáš ONDRA,0,1,-3,12,0,0,113,0,0,0,MULAč Jan reaches on throwing error. E6T.,Základní část
197003,7,0,Petr ZýMA,Tomáš ONDRA,0,0,30,39,0,0,0,0,0,0,Ball 1.,Základní část
197003,7,0,Petr ZýMA,Tomáš ONDRA,1,0,-16,47,0,0,0,0,0,0,Foul.,Základní část
197003,7,0,Petr ZýMA,Tomáš ONDRA,1,1,34,41,0,0,0,0,0,0,Ball 2.,Základní část
197003,7,0,Petr ZýMA,Tomáš ONDRA,2,1,33,25,0,0,0,0,0,0,Ball 3.,Základní část
197003,7,0,Petr ZýMA,Tomáš ONDRA,3,1,-12,48,0,0,217,1,0,1,ZýMA Petr doubles down left field line. MULAč Jan scores. 1 RBI.,Základní část
197003,7,0,Kryštof LUKAVSKý,Tomáš ONDRA,0,0,0,0,0,0,0,0,0,0,Coaching Visit,Základní část
197003,7,0,Kryštof LUKAVSKý,Tomáš ONDRA,0,0,30,14,0,0,0,0,0,0,Ball 1.,Základní část
197003,7,0,Kryštof LUKAVSKý,Tomáš ONDRA,1,0,3,52,0,0,0,0,0,0,Called Strike 1.,Základní část
197003,7,0,Kryštof LUKAVSKý,Tomáš ONDRA,1,1,-16,47,0,0,179,1,0,0,LUKAVSKý Kryštof singles to left center. ZýMA Petr to 3rd.,Základní část
197003,7,0,Lukáš DERGANZ,Tomáš ONDRA,0,0,1,26,0,0,0,0,0,0,Foul.,Základní část
197003,7,0,Lukáš DERGANZ,Tomáš ONDRA,0,1,-12,41,0,0,0,0,0,0,Swinging Strike 2. ZýMA Petr scores on E2T. LUKAVSKý Kryštof to 2nd on stolen base.,Základní část
197003,7,0,Lukáš DERGANZ,Tomáš ONDRA,0,2,38,37,0,0,0,0,0,0,Ball 1.,Základní část
197003,7,0,Lukáš DERGANZ,Tomáš ONDRA,1,2,30,21,0,0,0,0,0,0,Ball 2.,Základní část
197003,7,0,Lukáš DERGANZ,Tomáš ONDRA,2,2,31,40,0,0,0,0,0,0,Ball 3.,Základní část
197003,7,0,Lukáš DERGANZ,Tomáš ONDRA,3,2,13,55,0,0,0,0,0,0,DERGANZ Lukáš strikes out swinging. 1 out.,Základní část
197003,7,1,Aleš PRANDžEV,Tomáš ONDRA,0,0,1,25,0,0,0,0,0,0,Foul.,Základní část
197003,7,1,Aleš PRANDžEV,Tomáš ONDRA,0,1,-14,55,0,0,0,0,0,0,Called Strike 2.,Základní část
197003,7,1,Aleš PRANDžEV,Tomáš ONDRA,0,2,12,30,0,0,0,0,0,0,PRANDžEV Aleš strikes out swinging. 2 out.,Základní část
197003,7,0,Neznámý,Neznámý,0,0,0,0,0,0,0,0,0,0,Pitching Change: #40 VEčERKA for #57 ONDRA,Základní část
197003,7,2,Marek SLABý,Viktor VEčERKA,0,0,34,60,0,0,0,0,0,0,Ball 1.,Základní část
197003,7,2,Marek SLABý,Viktor VEčERKA,1,0,37,6,0,0,0,0,0,0,Ball 2. LUKAVSKý Kryštof to 3rd on stolen base.,Základní část
197003,7,2,Marek SLABý,Viktor VEčERKA,2,0,36,69,0,0,0,0,0,0,Ball 3.,Základní část
197003,7,2,Marek SLABý,Viktor VEčERKA,3,0,-18,18,0,0,0,0,0,0,Called Strike 1.,Základní část
197003,7,2,Marek SLABý,Viktor VEčERKA,3,1,-3,16,0,0,0,0,0,0,Foul.,Základní část
197003,7,2,Marek SLABý,Viktor VEčERKA,3,2,39,32,0,0,0,0,1,0,SLABý Marek walks.,Základní část
197003,7,2,Michal ANTOň,Viktor VEčERKA,0,0,-1,44,0,0,0,0,0,0,Called Strike 1.,Základní část
197003,7,2,Michal ANTOň,Viktor VEčERKA,0,1,38,40,0,0,0,0,0,0,Ball 1.,Základní část
197003,7,2,Michal ANTOň,Viktor VEčERKA,1,1,33,65,0,0,0,0,0,0,Ball 2.,Základní část
197003,7,2,Michal ANTOň,Viktor VEčERKA,2,1,7,54,0,0,226,0,0,0,ANTOň Michal flies out to right field.  F9. 3 out.,Základní část
197003,7,0,Jan HOJDA,Viktor VEčERKA,0,0,0,0,0,0,0,0,0,0,"Middle of the 7th<br>2 runs, 2 lob",Základní část
197003,8,0,Jan HOJDA,Viktor VEčERKA,0,0,-6,40,0,0,0,0,0,0,Called Strike 1.,Základní část
197003,8,0,Jan HOJDA,Viktor VEčERKA,0,1,-9,12,0,0,0,0,0,0,Swinging Strike 2.,Základní část
197003,8,0,Jan HOJDA,Viktor VEčERKA,0,2,30,41,0,0,0,0,0,0,Ball 1.,Základní část
197003,8,0,Jan HOJDA,Viktor VEčERKA,1,2,37,2,0,0,0,0,0,0,Ball 2.,Základní část
197003,8,0,Jan HOJDA,Viktor VEčERKA,2,2,4,64,0,0,174,1,0,0,HOJDA Jan singles to right center.,Základní část
197003,8,0,Koya UEMURA,Viktor VEčERKA,0,0,32,42,0,0,0,0,0,0,Ball 1.,Základní část
197003,8,0,Koya UEMURA,Viktor VEčERKA,1,0,32,3,0,0,0,0,0,0,Ball 2.,Základní část
197003,8,0,Koya UEMURA,Viktor VEčERKA,2,0,16,21,0,0,0,0,0,0,Called Strike 1.,Základní část
197003,8,0,Koya UEMURA,Viktor VEčERKA,2,1,32,12,0,0,0,0,0,0,Ball 3.,Základní část
197003,8,0,Koya UEMURA,Viktor VEčERKA,3,1,-16,36,0,0,0,0,0,0,Called Strike 2.,Základní část
197003,8,0,Koya UEMURA,Viktor VEčERKA,3,2,32,59,0,0,0,0,1,0,UEMURA Koya walks. HOJDA Jan to 2nd.,Základní část
197003,8,0,Jan MULAč,Viktor VEčERKA,0,0,0,0,0,0,0,0,0,0,Coaching Visit,Základní část
197003,8,0,Jan MULAč,Viktor VEčERKA,0,0,33,40,0,0,0,0,0,0,Ball 1.,Základní část
197003,8,0,Jan MULAč,Viktor VEčERKA,1,0,-19,18,0,0,0,0,0,0,Swinging Strike 1.,Základní část
197003,8,0,Jan MULAč,Viktor VEčERKA,1,1,-11,48,0,0,0,0,0,0,Swinging Strike 2.,Základní část
197003,8,0,Jan MULAč,Viktor VEčERKA,1,2,39,70,0,0,0,0,0,0,Ball 2. HOJDA Jan to 3rd on wild pitch. UEMURA Koya to 2nd on wild pitch.,Základní část
197003,8,0,Jan MULAč,Viktor VEčERKA,2,2,34,52,0,0,0,0,0,0,Ball 3. HOJDA Jan scores on wild pitch. UEMURA Koya to 3rd on wild pitch.,Základní část
197003,8,0,Jan MULAč,Viktor VEčERKA,3,2,17,51,0,0,0,0,0,0,MULAč Jan strikes out swinging. 1 out.,Základní část
197003,8,0,Neznámý,Neznámý,0,0,0,0,0,0,0,0,0,0,Pitching Change: #0 VENTRUBA for #40 VEčERKA,Základní část
197003,8,1,Petr ZýMA,Vojtěch VENTRUBA,0,0,37,9,0,0,0,0,0,0,Ball 1.,Základní část
197003,8,1,Petr ZýMA,Vojtěch VENTRUBA,1,0,-5,41,0,0,0,0,0,0,Called Strike 1.,Základní část
197003,8,1,Petr ZýMA,Vojtěch VENTRUBA,1,1,35,69,0,0,0,0,0,0,Ball 2.,Základní část
197003,8,1,Petr ZýMA,Vojtěch VENTRUBA,2,1,35,54,0,0,0,0,0,0,Ball 3.,Základní část
197003,8,1,Petr ZýMA,Vojtěch VENTRUBA,3,1,9,44,0,0,0,0,0,0,Called Strike 2.,Základní část
197003,8,1,Petr ZýMA,Vojtěch VENTRUBA,3,2,7,51,0,0,0,0,0,0,ZýMA Petr strikes out looking. 2 out.,Základní část
197003,8,2,Kryštof LUKAVSKý,Vojtěch VENTRUBA,0,0,-1,23,0,0,120,1,0,1,LUKAVSKý Kryštof singles to shortstop. UEMURA Koya scores. 1 RBI.,Základní část
197003,8,2,Lukáš DERGANZ,Vojtěch VENTRUBA,0,0,6,25,0,0,57,0,0,0,DERGANZ Lukáš grounds out 1-3. 3 out.,Základní část
197003,8,0,Aleš PRANDžEV,Vojtěch VENTRUBA,0,0,0,0,0,0,0,0,0,0,"Middle of the 8th<br>2 runs, 1 lob",Základní část
197003,9,0,Aleš PRANDžEV,Vojtěch VENTRUBA,0,0,-20,40,0,0,0,0,0,0,Foul.,Základní část
197003,9,0,Aleš PRANDžEV,Vojtěch VENTRUBA,0,1,39,55,0,0,0,0,0,0,Ball 1.,Základní část
197003,9,0,Aleš PRANDžEV,Vojtěch VENTRUBA,1,1,7,16,0,0,113,0,0,0,PRANDžEV Aleš grounds out 4-3. 1 out.,Základní část
197003,9,1,Marek SLABý,Vojtěch VENTRUBA,0,0,-9,50,0,0,68,0,0,0,SLABý Marek flies out.  P5. 2 out.,Základní část
197003,9,2,Michal ANTOň,Vojtěch VENTRUBA,0,0,8,34,0,0,0,0,0,0,Called Strike 1.,Základní část
197003,9,2,Michal ANTOň,Vojtěch VENTRUBA,0,1,-8,33,0,0,0,0,0,0,Swinging Strike 2.,Základní část
197003,9,2,Michal ANTOň,Vojtěch VENTRUBA,0,2,4,46,0,0,208,0,0,0,ANTOň Michal flies out to right field.  F9. 3 out.,Základní část
197003,9,0,Jan HOJDA,Vojtěch VENTRUBA,0,0,0,0,0,0,0,0,0,0,"Middle of the 9th<br>0 runs, 0 lob",Základní část
197003,10,0,Michal ANTOň,Vojtěch VENTRUBA,0,0,0,0,0,0,0,0,0,0,-,Základní část
197003,10,0,Jan HOJDA,Vojtěch VENTRUBA,0,0,-3,35,0,0,0,0,0,0,Swinging Strike 1.,Základní část
197003,10,0,Jan HOJDA,Vojtěch VENTRUBA,0,1,33,33,0,0,0,0,0,0,Ball 1.,Základní část
197003,10,0,Jan HOJDA,Vojtěch VENTRUBA,1,1,37,22,0,0,0,0,0,0,Ball 2.,Základní část
197003,10,0,Jan HOJDA,Vojtěch VENTRUBA,2,1,12,48,0,0,0,0,0,0,Swinging Strike 2.,Základní část
197003,10,0,Jan HOJDA,Vojtěch VENTRUBA,2,2,13,20,0,0,0,0,0,0,Foul.,Základní část
197003,10,0,Jan HOJDA,Vojtěch VENTRUBA,2,2,0,0,0,0,0,0,0,0,Pickoff Attempt at 2nd,Základní část
197003,10,0,Jan HOJDA,Vojtěch VENTRUBA,2,2,35,21,0,0,0,0,0,0,Ball 3.,Základní část
197003,10,0,Jan HOJDA,Vojtěch VENTRUBA,3,2,19,20,0,0,52,0,0,0,HOJDA Jan grounds out 1-3. 1 out.,Základní část
197003,10,1,Koya UEMURA,Vojtěch VENTRUBA,0,0,0,0,0,0,0,0,1,0,UEMURA Koya is intentionally walked.,Základní část
197003,10,1,Jan MULAč,Vojtěch VENTRUBA,0,0,0,0,0,0,0,0,0,0,Defensive Conference,Základní část
197003,10,1,Jan MULAč,Vojtěch VENTRUBA,0,0,-5,59,0,0,179,1,0,1,MULAč Jan doubles down left field line. ANTOň Michal scores. UEMURA Koya to 3rd. 1 RBI.,Základní část
197003,10,1,Petr ZýMA,Vojtěch VENTRUBA,0,0,0,0,0,0,0,0,1,0,ZýMA Petr is intentionally walked.,Základní část
197003,10,1,Kryštof LUKAVSKý,Vojtěch VENTRUBA,0,0,-5,31,0,0,0,0,0,0,Called Strike 1.,Základní část
197003,10,1,Kryštof LUKAVSKý,Vojtěch VENTRUBA,0,1,-4,18,0,0,0,0,0,0,Swinging Strike 2.,Základní část
197003,10,1,Kryštof LUKAVSKý,Vojtěch VENTRUBA,0,2,-2,62,0,0,192,0,0,1,LUKAVSKý Kryštof flies out to center field.  Sacrifice Fly.  SF8. UEMURA Koya scores. MULAč Jan to 3rd. 2 out. 1 RBI.,Základní část
197003,10,2,Lukáš DERGANZ,Vojtěch VENTRUBA,0,0,-2,54,0,0,0,0,0,0,Foul.,Základní část
197003,10,2,Lukáš DERGANZ,Vojtěch VENTRUBA,0,1,16,20,0,0,0,0,0,0,Foul.,Základní část
197003,10,2,Lukáš DERGANZ,Vojtěch VENTRUBA,0,2,0,0,0,0,0,0,0,0,Pickoff Attempt at 1st,Základní část
197003,10,2,Lukáš DERGANZ,Vojtěch VENTRUBA,0,2,5,51,0,0,0,0,0,0,Foul.,Základní část
197003,10,2,Lukáš DERGANZ,Vojtěch VENTRUBA,0,2,-14,64,0,0,187,0,0,0,DERGANZ Lukáš flies out to left center.  F7. 3 out.,Základní část
197003,10,0,Aleš PRANDžEV,Vojtěch VENTRUBA,0,0,0,0,0,0,0,0,0,0,"Middle of the 10th<br>2 runs, 2 lob",Základní část
197878,1,0,Koya UEMURA,Roldan OCHOA,0,0,0,0,0,0,0,0,0,0,Play Ball,Základní část
197878,1,0,Koya UEMURA,Roldan OCHOA,0,0,30,30,0,0,0,0,0,0,Ball 1.,Základní část
197878,1,0,Koya UEMURA,Roldan OCHOA,1,0,11,49,0,0,0,0,0,0,Called Strike 1.,Základní část
197878,1,0,Koya UEMURA,Roldan OCHOA,1,1,32,33,0,0,0,0,0,0,Ball 2.,Základní část
197878,1,0,Koya UEMURA,Roldan OCHOA,2,1,-1,32,0,0,0,0,0,0,Foul.,Základní část
197878,1,0,Koya UEMURA,Roldan OCHOA,2,2,1,29,0,0,94,0,0,0,UEMURA Koya grounds out 3U. 1 out.,Základní část
197878,1,1,Michal ANTOň,Roldan OCHOA,0,0,4,43,0,0,0,0,0,0,Called Strike 1.,Základní část
197878,1,1,Michal ANTOň,Roldan OCHOA,0,1,30,65,0,0,0,0,0,0,Ball 1.,Základní část
197878,1,1,Michal ANTOň,Roldan OCHOA,1,1,34,46,0,0,0,0,0,0,Ball 2.,Základní část
197878,1,1,Michal ANTOň,Roldan OCHOA,2,1,39,24,0,0,0,0,0,0,Ball 3.,Základní část
197878,1,1,Michal ANTOň,Roldan OCHOA,3,1,-1,16,0,0,0,0,0,0,Called Strike 2.,Základní část
197878,1,1,Michal ANTOň,Roldan OCHOA,3,2,-10,23,0,0,65,1,0,0,ANTOň Michal singles to pitcher.,Základní část
197878,1,1,Marek SLABý,Roldan OCHOA,0,0,1,34,0,0,0,0,0,0,Called Strike 1.,Základní část
197878,1,1,Marek SLABý,Roldan OCHOA,0,1,31,9,0,0,0,0,0,0,Ball 1.,Základní část
197878,1,1,Marek SLABý,Roldan OCHOA,1,1,-9,12,0,0,0,0,0,0,Called Strike 2.,Základní část
197878,1,1,Marek SLABý,Roldan OCHOA,1,2,36,49,0,0,0,0,0,0,Ball 2.,Základní část
197878,1,1,Marek SLABý,Roldan OCHOA,2,2,7,55,0,0,139,0,0,0,SLABý Marek flies out.  L6. 2 out.,Základní část
197878,1,2,Petr ZýMA,Roldan OCHOA,0,0,-9,39,0,0,0,0,0,0,Called Strike 1.,Základní část
197878,1,2,Petr ZýMA,Roldan OCHOA,0,1,-10,37,0,0,0,0,0,0,Called Strike 2. ANTOň Michal to 2nd on . ANTOň Michal  out at 2nd CS24.  3 out.,Základní část
197878,1,0,Petr ZýMA,Roldan OCHOA,0,0,0,0,0,0,0,0,0,0,"Middle of the 1st<br>0 runs, 0 lob",Základní část
197878,2,0,Petr ZýMA,Roldan OCHOA,0,0,35,46,0,0,0,0,0,0,Ball 1.,Základní část
197878,2,0,Petr ZýMA,Roldan OCHOA,1,0,-3,48,0,0,226,0,0,0,ZýMA Petr flies out to left field.  L7. 1 out.,Základní část
197878,2,1,Kryštof LUKAVSKý,Roldan OCHOA,0,0,-4,23,0,0,0,0,0,0,Called Strike 1.,Základní část
197878,2,1,Kryštof LUKAVSKý,Roldan OCHOA,0,1,33,16,0,0,0,0,0,0,Ball 1.,Základní část
197878,2,1,Kryštof LUKAVSKý,Roldan OCHOA,1,1,-14,13,0,0,92,1,0,0,LUKAVSKý Kryštof singles to shortstop.,Základní část
197878,2,1,Jan MULAč,Roldan OCHOA,0,0,34,61,0,0,0,0,0,0,Ball 1.,Základní část
197878,2,1,Jan MULAč,Roldan OCHOA,1,0,0,0,0,0,0,0,0,0,Pickoff Attempt at 1st,Základní část
197878,2,1,Jan MULAč,Roldan OCHOA,1,0,-8,16,0,0,94,0,0,0,MULAč Jan reaches on fielders choice. LUKAVSKý Kryštof  out at 2nd 54.  2 out.,Základní část
197878,2,2,Jan HOJDA,Roldan OCHOA,0,0,-15,38,0,0,0,0,0,0,Called Strike 1.,Základní část
197878,2,2,Jan HOJDA,Roldan OCHOA,0,1,0,0,0,0,0,0,0,0,Pickoff Attempt at 1st,Základní část
197878,2,2,Jan HOJDA,Roldan OCHOA,0,1,12,53,0,0,155,0,0,0,HOJDA Jan flies out to right field.  F4. 3 out.,Základní část
197878,2,0,Filip KUBíčEK,Roldan OCHOA,0,0,0,0,0,0,0,0,0,0,"Middle of the 2nd<br>0 runs, 1 lob",Základní část
197878,3,0,Filip KUBíčEK,Roldan OCHOA,0,0,-2,60,0,0,0,0,0,0,Called Strike 1.,Základní část
197878,3,0,Filip KUBíčEK,Roldan OCHOA,0,1,-2,56,0,0,145,0,0,0,KUBíčEK Filip flies out.  F6. 1 out.,Základní část
197878,3,1,Lukáš DERGANZ,Roldan OCHOA,0,0,-2,14,0,0,0,0,0,0,Called Strike 1.,Základní část
197878,3,1,Lukáš DERGANZ,Roldan OCHOA,0,1,3,13,0,0,0,0,0,0,Called Strike 2.,Základní část
197878,3,1,Lukáš DERGANZ,Roldan OCHOA,0,2,7,41,0,0,0,0,0,0,DERGANZ Lukáš strikes out swinging. 2 out.,Základní část
197878,3,2,Koya UEMURA,Roldan OCHOA,0,0,39,9,0,0,0,0,0,0,Ball 1.,Základní část
197878,3,2,Koya UEMURA,Roldan OCHOA,1,0,36,2,0,0,0,0,0,0,Ball 2.,Základní část
197878,3,2,Koya UEMURA,Roldan OCHOA,2,0,-17,15,0,0,0,0,0,0,Foul.,Základní část
197878,3,2,Koya UEMURA,Roldan OCHOA,2,1,-3,11,0,0,113,0,0,0,UEMURA Koya grounds out 6-3. 3 out.,Základní část
197878,3,0,Michal ANTOň,Roldan OCHOA,0,0,0,0,0,0,0,0,0,0,"Middle of the 3rd<br>0 runs, 0 lob",Základní část
197878,4,0,Michal ANTOň,Roldan OCHOA,0,0,-14,22,0,0,0,0,0,0,Called Strike 1.,Základní část
197878,4,0,Michal ANTOň,Roldan OCHOA,0,1,5,57,0,0,0,0,0,0,Called Strike 2.,Základní část
197878,4,0,Michal ANTOň,Roldan OCHOA,0,2,9,60,0,0,226,0,0,0,ANTOň Michal flies out to center field.  L8. 1 out.,Základní část
197878,4,1,Marek SLABý,Roldan OCHOA,0,0,-8,59,0,0,0,0,0,0,Called Strike 1.,Základní část
197878,4,1,Marek SLABý,Roldan OCHOA,0,1,39,55,0,0,0,0,0,0,Ball 1.,Základní část
197878,4,1,Marek SLABý,Roldan OCHOA,1,1,6,48,0,0,235,1,0,0,SLABý Marek doubles to center field.,Základní část
197878,4,1,Petr ZýMA,Roldan OCHOA,0,0,30,70,0,0,0,0,0,0,Ball 1.,Základní část
197878,4,1,Petr ZýMA,Roldan OCHOA,1,0,19,56,0,0,0,0,0,0,Called Strike 1.,Základní část
197878,4,1,Petr ZýMA,Roldan OCHOA,1,1,37,66,0,0,0,0,0,0,Ball 2.,Základní část
197878,4,1,Petr ZýMA,Roldan OCHOA,2,1,12,59,0,0,0,0,0,0,Foul.,Základní část
197878,4,1,Petr ZýMA,Roldan OCHOA,2,2,-20,50,0,0,0,0,0,0,ZýMA Petr strikes out swinging KS2. 2 out.,Základní část
197878,4,2,Kryštof LUKAVSKý,Roldan OCHOA,0,0,19,52,0,0,0,0,0,0,Foul.,Základní část
197878,4,2,Kryštof LUKAVSKý,Roldan OCHOA,0,1,-9,17,0,0,0,0,0,0,Swinging Strike 2.,Základní část
197878,4,2,Kryštof LUKAVSKý,Roldan OCHOA,0,2,-2,11,0,0,113,0,0,0,LUKAVSKý Kryštof grounds out 6-3. 3 out.,Základní část
197878,4,0,Jan MULAč,Roldan OCHOA,0,0,0,0,0,0,0,0,0,0,"Middle of the 4th<br>0 runs, 1 lob",Základní část
197878,5,0,Jan MULAč,Roldan OCHOA,0,0,30,69,0,0,0,0,0,0,Ball 1.,Základní část
197878,5,0,Jan MULAč,Roldan OCHOA,1,0,-7,20,0,0,113,0,0,0,MULAč Jan grounds out 6-3. 1 out.,Základní část
197878,5,1,Jan HOJDA,Roldan OCHOA,0,0,33,7,0,0,0,0,0,0,Ball 1.,Základní část
197878,5,1,Jan HOJDA,Roldan OCHOA,1,0,-11,32,0,0,0,0,0,0,Called Strike 1.,Základní část
197878,5,1,Jan HOJDA,Roldan OCHOA,1,1,-20,34,0,0,0,0,0,0,Called Strike 2.,Základní část
197878,5,1,Jan HOJDA,Roldan OCHOA,1,2,34,34,0,0,0,0,0,0,Ball 2.,Základní část
197878,5,1,Jan HOJDA,Roldan OCHOA,2,2,-10,41,0,0,0,0,0,0,HOJDA Jan strikes out swinging. 2 out.,Základní část
197878,5,2,Filip KUBíčEK,Roldan OCHOA,0,0,3,34,0,0,0,0,0,0,Called Strike 1.,Základní část
197878,5,2,Filip KUBíčEK,Roldan OCHOA,0,1,30,2,0,0,0,0,0,0,Ball 1.,Základní část
197878,5,2,Filip KUBíčEK,Roldan OCHOA,1,1,-19,43,0,0,0,0,0,0,Foul.,Základní část
197878,5,2,Filip KUBíčEK,Roldan OCHOA,1,2,8,21,0,0,0,0,0,0,KUBíčEK Filip strikes out swinging KS2. 3 out.,Základní část
197878,5,0,Lukáš DERGANZ,Roldan OCHOA,0,0,0,0,0,0,0,0,0,0,"Middle of the 5th<br>0 runs, 0 lob",Základní část
197878,6,0,Lukáš DERGANZ,Roldan OCHOA,0,0,33,39,0,0,0,0,0,0,Ball 1.,Základní část
197878,6,0,Lukáš DERGANZ,Roldan OCHOA,1,0,-15,36,0,0,0,0,0,0,Called Strike 1.,Základní část
197878,6,0,Lukáš DERGANZ,Roldan OCHOA,1,1,18,16,0,0,0,0,0,0,Swinging Strike 2.,Základní část
197878,6,0,Lukáš DERGANZ,Roldan OCHOA,1,2,7,44,0,0,0,0,0,0,DERGANZ Lukáš strikes out swinging. 1 out.,Základní část
197878,6,1,Koya UEMURA,Roldan OCHOA,0,0,39,67,0,0,0,0,0,0,Ball 1.,Základní část
197878,6,1,Koya UEMURA,Roldan OCHOA,1,0,4,26,0,0,0,0,0,0,Called Strike 1.,Základní část
197878,6,1,Koya UEMURA,Roldan OCHOA,1,1,37,34,0,0,0,0,0,0,Ball 2.,Základní část
197878,6,1,Koya UEMURA,Roldan OCHOA,2,1,4,44,0,0,0,0,0,0,Foul.,Základní část
197878,6,1,Koya UEMURA,Roldan OCHOA,2,2,-7,41,0,0,0,0,0,0,UEMURA Koya strikes out swinging KS2. 2 out.,Základní část
197878,6,2,Michal ANTOň,Roldan OCHOA,0,0,-12,47,0,0,0,0,0,0,Called Strike 1.,Základní část
197878,6,2,Michal ANTOň,Roldan OCHOA,0,1,5,50,0,0,0,0,0,0,Foul.,Základní část
197878,6,2,Michal ANTOň,Roldan OCHOA,0,2,39,5,0,0,0,0,0,0,Ball 1.,Základní část
197878,6,2,Michal ANTOň,Roldan OCHOA,1,2,18,45,0,0,235,1,0,0,ANTOň Michal doubles to right field.,Základní část
197878,6,2,Marek SLABý,Roldan OCHOA,0,0,35,66,0,0,0,0,0,0,Ball 1.,Základní část
197878,6,2,Marek SLABý,Roldan OCHOA,1,0,17,45,0,0,0,0,0,0,Called Strike 1.,Základní část
197878,6,2,Marek SLABý,Roldan OCHOA,1,1,31,65,0,0,0,0,0,0,Ball 2.,Základní část
197878,6,2,Marek SLABý,Roldan OCHOA,2,1,39,26,0,0,0,0,0,0,Ball 3.,Základní část
197878,6,2,Marek SLABý,Roldan OCHOA,3,1,13,18,0,0,0,0,0,0,Called Strike 2.,Základní část
197878,6,2,Marek SLABý,Roldan OCHOA,3,2,-13,30,0,0,0,0,0,0,SLABý Marek strikes out swinging. 3 out.,Základní část
197878,6,0,Petr ZýMA,Roldan OCHOA,0,0,0,0,0,0,0,0,0,0,"Middle of the 6th<br>0 runs, 1 lob",Základní část
197878,7,0,Petr ZýMA,Roldan OCHOA,0,0,3,22,0,0,0,0,0,0,Called Strike 1.,Základní část
197878,7,0,Petr ZýMA,Roldan OCHOA,0,1,-18,25,0,0,0,0,0,0,Foul.,Základní část
197878,7,0,Petr ZýMA,Roldan OCHOA,0,2,-11,15,0,0,0,0,0,0,ZýMA Petr strikes out swinging. 1 out.,Základní část
197878,7,1,Kryštof LUKAVSKý,Roldan OCHOA,0,0,16,56,0,0,0,0,0,0,Called Strike 1.,Základní část
197878,7,1,Kryštof LUKAVSKý,Roldan OCHOA,0,1,1,26,0,0,0,0,0,0,Swinging Strike 2.,Základní část
197878,7,1,Kryštof LUKAVSKý,Roldan OCHOA,0,2,-12,46,0,0,0,0,0,0,Foul.,Základní část
197878,7,1,Kryštof LUKAVSKý,Roldan OCHOA,0,2,35,28,0,0,0,0,0,0,Ball 1.,Základní část
197878,7,1,Kryštof LUKAVSKý,Roldan OCHOA,1,2,36,31,0,0,0,0,0,0,Ball 2.,Základní část
197878,7,1,Kryštof LUKAVSKý,Roldan OCHOA,2,2,14,35,0,0,0,0,0,0,LUKAVSKý Kryštof strikes out swinging. 2 out.,Základní část
197878,7,2,Jan MULAč,Roldan OCHOA,0,0,37,68,0,0,0,0,0,0,Ball 1.,Základní část
197878,7,2,Jan MULAč,Roldan OCHOA,1,0,19,41,0,0,0,0,0,0,Swinging Strike 1.,Základní část
197878,7,2,Jan MULAč,Roldan OCHOA,1,1,30,9,0,0,0,0,0,0,Ball 2.,Základní část
197878,7,2,Jan MULAč,Roldan OCHOA,2,1,-17,12,0,0,0,0,0,0,Foul.,Základní část
197878,7,2,Jan MULAč,Roldan OCHOA,2,2,36,64,0,0,0,0,0,0,Ball 3.,Základní část
197878,7,2,Jan MULAč,Roldan OCHOA,3,2,34,3,0,0,0,0,1,0,MULAč Jan walks.,Základní část
197878,7,2,Jan HOJDA,Roldan OCHOA,0,0,0,0,0,0,0,0,0,0,Pickoff Attempt at 1st,Základní část
197878,7,2,Jan HOJDA,Roldan OCHOA,0,0,-18,43,0,0,0,0,0,0,Foul.,Základní část
197878,7,2,Jan HOJDA,Roldan OCHOA,0,1,-20,12,0,0,0,0,0,0,Swinging Strike 2.,Základní část
197878,7,2,Jan HOJDA,Roldan OCHOA,0,2,0,0,0,0,0,0,0,0,Pickoff Attempt at 1st,Základní část
197878,7,2,Jan HOJDA,Roldan OCHOA,0,2,18,26,0,0,0,0,0,0,HOJDA Jan strikes out swinging. 3 out.,Základní část
197878,7,0,Filip KUBíčEK,Roldan OCHOA,0,0,0,0,0,0,0,0,0,0,"Middle of the 7th<br>0 runs, 1 lob",Základní část
197878,8,0,Neznámý,Neznámý,0,0,0,0,0,0,0,0,0,0,Pitching Change: #34 GALINDO for #52 OCHOA,Základní část
197878,8,0,Filip KUBíčEK,Cristian GALINDO,0,0,30,35,0,0,0,0,0,0,Ball 1.,Základní část
197878,8,0,Filip KUBíčEK,Cristian GALINDO,1,0,-11,56,0,0,226,0,0,0,KUBíčEK Filip flies out to center field.  F8. 1 out.,Základní část
197878,8,1,Lukáš DERGANZ,Cristian GALINDO,0,0,36,23,0,0,0,0,0,0,Ball 1.,Základní část
197878,8,1,Lukáš DERGANZ,Cristian GALINDO,1,0,30,29,0,0,0,0,0,0,Ball 2.,Základní část
197878,8,1,Lukáš DERGANZ,Cristian GALINDO,2,0,37,33,0,0,0,0,0,0,Ball 3.,Základní část
197878,8,1,Lukáš DERGANZ,Cristian GALINDO,3,0,-2,17,0,0,0,0,0,0,Called Strike 1.,Základní část
197878,8,1,Lukáš DERGANZ,Cristian GALINDO,3,1,-19,30,0,0,0,0,0,0,Called Strike 2.,Základní část
197878,8,1,Lukáš DERGANZ,Cristian GALINDO,3,2,30,62,0,0,0,0,1,0,DERGANZ Lukáš walks.,Základní část
197878,8,1,Koya UEMURA,Cristian GALINDO,0,0,36,28,0,0,0,0,0,0,Ball 1.,Základní část
197878,8,1,Koya UEMURA,Cristian GALINDO,1,0,-16,44,0,0,0,0,0,0,Swinging Strike 1.,Základní část
197878,8,1,Koya UEMURA,Cristian GALINDO,1,1,15,52,0,0,0,0,0,0,Swinging Strike 2.,Základní část
197878,8,1,Koya UEMURA,Cristian GALINDO,1,2,0,0,0,0,0,0,0,0,Catcher Pickoff Attempt at 1st,Základní část
197878,8,1,Koya UEMURA,Cristian GALINDO,1,2,7,57,0,0,0,0,0,0,UEMURA Koya strikes out swinging. 2 out.,Základní část
197878,8,2,Michal ANTOň,Cristian GALINDO,0,0,34,49,0,0,0,0,0,0,Ball 1.,Základní část
197878,8,2,Michal ANTOň,Cristian GALINDO,1,0,31,9,0,0,0,0,0,0,Ball 2.,Základní část
197878,8,2,Michal ANTOň,Cristian GALINDO,2,0,-11,53,0,0,0,0,0,0,Called Strike 1.,Základní část
197878,8,2,Michal ANTOň,Cristian GALINDO,2,1,0,0,0,0,0,0,0,0,Catcher Pickoff Attempt at 1st,Základní část
197878,8,2,Michal ANTOň,Cristian GALINDO,2,1,-10,16,0,0,0,0,0,0,Called Strike 2. DERGANZ Lukáš to 2nd on stolen base. DERGANZ Lukáš to 3rd on E2T.,Základní část
197878,8,2,Michal ANTOň,Cristian GALINDO,2,2,-3,16,0,0,94,0,0,0,ANTOň Michal grounds out 5-3. 3 out.,Základní část
197878,8,0,Marek SLABý,Cristian GALINDO,0,0,0,0,0,0,0,0,0,0,"Middle of the 8th<br>0 runs, 1 lob",Základní část
197878,9,0,Marek SLABý,Cristian GALINDO,0,0,35,29,0,0,0,0,0,0,Ball 1.,Základní část
197878,9,0,Marek SLABý,Cristian GALINDO,1,0,9,21,0,0,0,0,0,0,Called Strike 1.,Základní část
197878,9,0,Marek SLABý,Cristian GALINDO,1,1,-14,22,0,0,0,0,0,0,Swinging Strike 2.,Základní část
197878,9,0,Marek SLABý,Cristian GALINDO,1,2,-12,23,0,0,0,0,0,0,SLABý Marek strikes out looking. 1 out.,Základní část
197878,9,1,Petr ZýMA,Cristian GALINDO,0,0,-17,39,0,0,0,0,0,0,Called Strike 1.,Základní část
197878,9,1,Petr ZýMA,Cristian GALINDO,0,1,1,30,0,0,0,0,0,0,Swinging Strike 2.,Základní část
197878,9,1,Petr ZýMA,Cristian GALINDO,0,2,-6,23,0,0,0,0,0,0,Foul.,Základní část
197878,9,1,Petr ZýMA,Cristian GALINDO,0,2,35,3,0,0,0,0,0,0,Ball 1.,Základní část
197878,9,1,Petr ZýMA,Cristian GALINDO,1,2,36,64,0,0,0,0,0,0,Ball 2.,Základní část
197878,9,1,Petr ZýMA,Cristian GALINDO,2,2,34,52,0,0,0,0,0,0,Ball 3.,Základní část
197878,9,1,Petr ZýMA,Cristian GALINDO,3,2,6,22,0,0,0,0,0,0,Foul.,Základní část
197878,9,1,Petr ZýMA,Cristian GALINDO,3,2,-18,26,0,0,94,0,0,0,ZýMA Petr reaches on throwing error. E5T. ZýMA Petr to 2nd.,Základní část
197878,9,1,Kryštof LUKAVSKý,Cristian GALINDO,0,0,30,32,0,0,0,0,0,0,Ball 1.,Základní část
197878,9,1,Kryštof LUKAVSKý,Cristian GALINDO,1,0,30,27,0,0,0,0,0,0,Ball 2.,Základní část
197878,9,1,Kryštof LUKAVSKý,Cristian GALINDO,2,0,31,17,0,0,0,0,0,0,Ball 3.,Základní část
197878,9,1,Kryštof LUKAVSKý,Cristian GALINDO,3,0,-11,53,0,0,0,0,0,0,Called Strike 1.,Základní část
197878,9,1,Kryštof LUKAVSKý,Cristian GALINDO,3,1,2,45,0,0,0,0,0,0,Called Strike 2.,Základní část
197878,9,1,Kryštof LUKAVSKý,Cristian GALINDO,3,2,0,12,0,0,0,0,0,0,LUKAVSKý Kryštof strikes out looking. 2 out.,Základní část
197878,9,2,Jan MULAč,Cristian GALINDO,0,0,31,43,0,0,0,0,0,0,Ball 1.,Základní část
197878,9,2,Jan MULAč,Cristian GALINDO,1,0,-58,28,0,0,0,0,0,0,MULAč Jan Hit By Pitch.,Základní část
197878,9,2,Jan HOJDA,Cristian GALINDO,0,0,0,0,0,0,0,0,0,0,Coaching Visit,Základní část
197878,9,2,Jan HOJDA,Cristian GALINDO,0,0,32,49,0,0,0,0,0,0,Ball 1.,Základní část
197878,9,2,Jan HOJDA,Cristian GALINDO,1,0,30,65,0,0,0,0,0,0,Ball 2.,Základní část
197878,9,2,Jan HOJDA,Cristian GALINDO,2,0,-9,33,0,0,0,0,0,0,Called Strike 1.,Základní část
197878,9,2,Jan HOJDA,Cristian GALINDO,2,1,8,42,0,0,0,0,0,0,Swinging Strike 2.,Základní část
197878,9,2,Jan HOJDA,Cristian GALINDO,2,2,31,6,0,0,0,0,0,0,Ball 3.,Základní část
197878,9,2,Jan HOJDA,Cristian GALINDO,3,2,-1,46,0,0,0,0,0,0,HOJDA Jan strikes out swinging. 3 out.,Základní část
197878,9,0,Filip KUBíčEK,Cristian GALINDO,0,0,0,0,0,0,0,0,0,0,GAME OVER<br>HLU wins 5-0<br>Win: OCHOA<br>Loss: UEMURA,Základní část
197948,1,0,Marek SLABý,Marek MINAříK,0,0,38,46,0,0,0,0,0,0,Ball 1.,Základní část
197948,1,0,Marek SLABý,Marek MINAříK,1,0,39,28,0,0,0,0,0,0,Ball 2.,Základní část
197948,1,0,Marek SLABý,Marek MINAříK,2,0,-3,23,0,0,0,0,0,0,Called Strike 1.,Základní část
197948,1,0,Marek SLABý,Marek MINAříK,2,1,0,30,0,0,0,0,0,0,Called Strike 2.,Základní část
197948,1,0,Marek SLABý,Marek MINAříK,2,2,32,57,0,0,0,0,0,0,Ball 3.,Základní část
197948,1,0,Marek SLABý,Marek MINAříK,3,2,32,22,0,0,0,0,1,0,SLABý Marek walks.,Základní část
197948,1,0,Michal ANTOň,Marek MINAříK,0,0,-10,10,0,0,113,0,0,0,ANTOň Michal reaches on fielders choice. SLABý Marek  out at 2nd 64.  1 out.,Základní část
197948,1,1,Petr ZýMA,Marek MINAříK,0,0,38,8,0,0,0,0,0,0,Ball 1. ANTOň Michal to 2nd on stolen base.,Základní část
197948,1,1,Petr ZýMA,Marek MINAříK,1,0,36,18,0,0,0,0,0,0,Ball 2.,Základní část
197948,1,1,Petr ZýMA,Marek MINAříK,2,0,37,55,0,0,0,0,0,0,Ball 3.,Základní část
197948,1,1,Petr ZýMA,Marek MINAříK,3,0,31,63,0,0,0,0,1,0,ZýMA Petr walks.,Základní část
197948,1,1,Koya UEMURA,Marek MINAříK,0,0,19,34,0,0,0,0,0,0,Called Strike 1.,Základní část
197948,1,1,Koya UEMURA,Marek MINAříK,0,1,35,28,0,0,0,0,0,0,Ball 1.,Základní část
197948,1,1,Koya UEMURA,Marek MINAříK,1,1,3,50,0,0,0,0,0,0,Foul.,Základní část
197948,1,1,Koya UEMURA,Marek MINAříK,1,2,8,26,0,0,0,0,0,0,UEMURA Koya strikes out swinging. 2 out.,Základní část
197948,1,2,Kryštof LUKAVSKý,Marek MINAříK,0,0,-15,42,0,0,0,0,0,0,Foul.,Základní část
197948,1,2,Kryštof LUKAVSKý,Marek MINAříK,0,1,-13,11,0,0,113,0,0,0,LUKAVSKý Kryštof reaches on fielders choice. ZýMA Petr  out at 2nd 64.  3 out.,Základní část
197948,1,0,Jan MULAč,Marek MINAříK,0,0,0,0,0,0,0,0,0,0,"End of the 1st<br>0 runs, 2 lob",Základní část
197948,2,0,Jan MULAč,Marek MINAříK,0,0,-5,31,0,0,0,0,0,0,Called Strike 1.,Základní část
197948,2,0,Jan MULAč,Marek MINAříK,0,1,17,29,0,0,113,0,0,0,MULAč Jan grounds out 6-3. 1 out.,Základní část
197948,2,1,Viktor HLUCHý,Marek MINAříK,0,0,32,10,0,0,0,0,0,0,Ball 1.,Základní část
197948,2,1,Viktor HLUCHý,Marek MINAříK,1,0,31,5,0,0,0,0,0,0,Ball 2.,Základní část
197948,2,1,Viktor HLUCHý,Marek MINAříK,2,0,3,31,0,0,0,0,0,0,Foul.,Základní část
197948,2,1,Viktor HLUCHý,Marek MINAříK,2,1,7,19,0,0,0,0,0,0,Swinging Strike 2.,Základní část
197948,2,1,Viktor HLUCHý,Marek MINAříK,2,2,-12,46,0,0,0,0,0,0,HLUCHý Viktor strikes out swinging. 2 out.,Základní část
197948,2,2,Filip KUBíčEK,Marek MINAříK,0,0,-20,31,0,0,0,0,0,0,Foul.,Základní část
197948,2,2,Filip KUBíčEK,Marek MINAříK,0,1,35,30,0,0,0,0,0,0,Ball 1.,Základní část
197948,2,2,Filip KUBíčEK,Marek MINAříK,1,1,4,59,0,0,0,0,0,0,Swinging Strike 2.,Základní část
197948,2,2,Filip KUBíčEK,Marek MINAříK,1,2,-8,27,0,0,0,0,0,0,Foul.,Základní část
197948,2,2,Filip KUBíčEK,Marek MINAříK,1,2,9,60,0,0,0,0,0,0,KUBíčEK Filip strikes out looking. 3 out.,Základní část
197948,2,0,Lukáš DERGANZ,Marek MINAříK,0,0,0,0,0,0,0,0,0,0,"End of the 2nd<br>0 runs, 0 lob",Základní část
197948,3,0,Lukáš DERGANZ,Marek MINAříK,0,0,1,45,0,0,0,0,0,0,Called Strike 1.,Základní část
197948,3,0,Lukáš DERGANZ,Marek MINAříK,0,1,32,46,0,0,0,0,0,0,Ball 1.,Základní část
197948,3,0,Lukáš DERGANZ,Marek MINAříK,1,1,32,41,0,0,0,0,0,0,Ball 2.,Základní část
197948,3,0,Lukáš DERGANZ,Marek MINAříK,2,1,10,46,0,0,0,0,0,0,Foul.,Základní část
197948,3,0,Lukáš DERGANZ,Marek MINAříK,2,2,1,26,0,0,0,0,0,0,Foul.,Základní část
197948,3,0,Lukáš DERGANZ,Marek MINAříK,2,2,-8,12,0,0,113,0,0,0,DERGANZ Lukáš grounds out 6-3. 1 out.,Základní část
197948,3,1,Marek SLABý,Marek MINAříK,0,0,9,43,0,0,0,0,0,0,Called Strike 1.,Základní část
197948,3,1,Marek SLABý,Marek MINAříK,0,1,33,17,0,0,0,0,0,0,Ball 1.,Základní část
197948,3,1,Marek SLABý,Marek MINAříK,1,1,36,41,0,0,0,0,0,0,Ball 2.,Základní část
197948,3,1,Marek SLABý,Marek MINAříK,2,1,-7,23,0,0,0,0,0,0,Foul.,Základní část
197948,3,1,Marek SLABý,Marek MINAříK,2,2,6,43,0,0,0,0,0,0,Foul.,Základní část
197948,3,1,Marek SLABý,Marek MINAříK,2,2,31,12,0,0,0,0,0,0,Ball 3.,Základní část
197948,3,1,Marek SLABý,Marek MINAříK,3,2,13,45,0,0,0,0,0,0,SLABý Marek strikes out swinging. 2 out.,Základní část
197948,3,2,Michal ANTOň,Marek MINAříK,0,0,-12,25,0,0,0,0,0,0,Called Strike 1.,Základní část
197948,3,2,Michal ANTOň,Marek MINAříK,0,1,2,17,0,0,0,0,0,0,Called Strike 2.,Základní část
197948,3,2,Michal ANTOň,Marek MINAříK,0,2,33,7,0,0,0,0,0,0,Ball 1.,Základní část
197948,3,2,Michal ANTOň,Marek MINAříK,1,2,33,47,0,0,0,0,0,0,Ball 2.,Základní část
197948,3,2,Michal ANTOň,Marek MINAříK,2,2,-11,23,0,0,0,0,0,0,Foul.,Základní část
197948,3,2,Michal ANTOň,Marek MINAříK,2,2,-4,33,0,0,0,0,0,0,ANTOň Michal strikes out swinging. 3 out.,Základní část
197948,3,0,Petr ZýMA,Marek MINAříK,0,0,0,0,0,0,0,0,0,0,"End of the 3rd<br>0 runs, 0 lob",Základní část
197948,4,0,Petr ZýMA,Marek MINAříK,0,0,10,40,0,0,0,0,0,0,Swinging Strike 1.,Základní část
197948,4,0,Petr ZýMA,Marek MINAříK,0,1,-14,49,0,0,0,0,0,0,Called Strike 2.,Základní část
197948,4,0,Petr ZýMA,Marek MINAříK,0,2,-3,20,0,0,0,0,0,0,ZýMA Petr strikes out swinging. 1 out.,Základní část
197948,4,1,Koya UEMURA,Marek MINAříK,0,0,33,70,0,0,0,0,0,0,Ball 1.,Základní část
197948,4,1,Koya UEMURA,Marek MINAříK,1,0,32,38,0,0,0,0,0,0,Ball 2.,Základní část
197948,4,1,Koya UEMURA,Marek MINAříK,2,0,38,49,0,0,0,0,0,0,Ball 3.,Základní část
197948,4,1,Koya UEMURA,Marek MINAříK,3,0,34,8,0,0,0,0,1,0,UEMURA Koya walks.,Základní část
197948,4,1,Kryštof LUKAVSKý,Marek MINAříK,0,0,-12,55,0,0,0,0,0,0,Called Strike 1.,Základní část
197948,4,1,Kryštof LUKAVSKý,Marek MINAříK,0,1,38,58,0,0,0,0,0,0,Ball 1.,Základní část
197948,4,1,Kryštof LUKAVSKý,Marek MINAříK,1,1,36,59,0,0,0,0,0,0,Ball 2.,Základní část
197948,4,1,Kryštof LUKAVSKý,Marek MINAříK,2,1,0,0,0,0,0,0,0,0,Pickoff Attempt at 1st,Základní část
197948,4,1,Kryštof LUKAVSKý,Marek MINAříK,2,1,6,55,0,0,201,0,0,0,LUKAVSKý Kryštof flies out down right field line.  F9. 2 out.,Základní část
197948,4,2,Jan MULAč,Marek MINAříK,0,0,30,21,0,0,0,0,0,0,Ball 1.,Základní část
197948,4,2,Jan MULAč,Marek MINAříK,1,0,-20,21,0,0,113,0,0,0,MULAč Jan reaches on fielders choice. UEMURA Koya  out at 2nd 6.  3 out.,Základní část
197948,4,0,Viktor HLUCHý,Marek MINAříK,0,0,0,0,0,0,0,0,0,0,"End of the 4th<br>0 runs, 1 lob",Základní část
197948,5,0,Viktor HLUCHý,Marek MINAříK,0,0,35,43,0,0,0,0,0,0,Ball 1.,Základní část
197948,5,0,Viktor HLUCHý,Marek MINAříK,1,0,39,30,0,0,0,0,0,0,Ball 2.,Základní část
197948,5,0,Viktor HLUCHý,Marek MINAříK,2,0,8,25,0,0,113,0,0,0,HLUCHý Viktor grounds out 4-3. 1 out.,Základní část
197948,5,1,Filip KUBíčEK,Marek MINAříK,0,0,6,39,0,0,0,0,0,0,Swinging Strike 1.,Základní část
197948,5,1,Filip KUBíčEK,Marek MINAříK,0,1,-5,41,0,0,0,0,0,0,Foul.,Základní část
197948,5,1,Filip KUBíčEK,Marek MINAříK,0,2,31,54,0,0,0,0,0,0,Ball 1.,Základní část
197948,5,1,Filip KUBíčEK,Marek MINAříK,1,2,-19,25,0,0,94,0,0,0,KUBíčEK Filip grounds out 5-3. 2 out.,Základní část
197948,5,2,Lukáš DERGANZ,Marek MINAříK,0,0,6,12,0,0,88,0,0,0,DERGANZ Lukáš grounds out 4-3. 3 out.,Základní část
197948,5,0,Marek SLABý,Marek MINAříK,0,0,0,0,0,0,0,0,0,0,"End of the 5th<br>0 runs, 0 lob",Základní část
197948,6,0,Marek SLABý,Marek MINAříK,0,0,-9,35,0,0,0,0,0,0,Called Strike 1.,Základní část
197948,6,0,Marek SLABý,Marek MINAříK,0,1,37,6,0,0,0,0,0,0,Ball 1.,Základní část
197948,6,0,Marek SLABý,Marek MINAříK,1,1,39,22,0,0,0,0,0,0,Ball 2.,Základní část
197948,6,0,Marek SLABý,Marek MINAříK,2,1,32,57,0,0,0,0,0,0,Ball 3.,Základní část
197948,6,0,Marek SLABý,Marek MINAříK,3,1,32,66,0,0,0,0,1,0,SLABý Marek walks.,Základní část
197948,6,0,Michal ANTOň,Marek MINAříK,0,0,0,0,0,0,0,0,0,0,Coaching Visit,Základní část
197948,6,0,Michal ANTOň,Marek MINAříK,0,0,33,62,0,0,0,0,0,0,Ball 1.,Základní část
197948,6,0,Michal ANTOň,Marek MINAříK,1,0,0,0,0,0,0,0,0,0,Pickoff Attempt at 1st,Základní část
197948,6,0,Michal ANTOň,Marek MINAříK,1,0,33,63,0,0,0,0,0,0,Ball 2. SLABý Marek to 2nd on stolen base.,Základní část
197948,6,0,Michal ANTOň,Marek MINAříK,2,0,-53,52,0,0,0,0,0,0,ANTOň Michal Hit By Pitch.,Základní část
197948,6,0,Petr ZýMA,Marek MINAříK,0,0,30,48,0,0,0,0,0,0,Ball 1.,Základní část
197948,6,0,Petr ZýMA,Marek MINAříK,1,0,-3,37,0,0,0,0,0,0,Called Strike 1.,Základní část
197948,6,0,Petr ZýMA,Marek MINAříK,1,1,9,57,0,0,0,0,0,0,Swinging Strike 2.,Základní část
197948,6,0,Petr ZýMA,Marek MINAříK,1,2,39,2,0,0,0,0,0,0,Ball 2. SLABý Marek to 3rd on stolen base. ANTOň Michal to 2nd on stolen base.,Základní část
197948,6,0,Petr ZýMA,Marek MINAříK,2,2,35,50,0,0,0,0,0,0,Ball 3.,Základní část
197948,6,0,Petr ZýMA,Marek MINAříK,3,2,-5,26,0,0,0,0,0,0,ZýMA Petr strikes out swinging. 1 out.,Základní část
197948,6,1,Koya UEMURA,Marek MINAříK,0,0,0,0,0,0,0,0,0,0,Coaching Visit,Základní část
197948,6,0,Neznámý,Neznámý,0,0,0,0,0,0,0,0,0,0,Pitching Change: #27 VLACH for #13 MINAříK,Základní část
197948,6,1,Koya UEMURA,Vojtěch VLACH,0,0,0,0,0,0,0,0,1,0,UEMURA Koya is intentionally walked.,Základní část
197948,6,1,Kryštof LUKAVSKý,Vojtěch VLACH,0,0,-7,23,0,0,179,1,0,2,LUKAVSKý Kryštof singles up the middle. SLABý Marek scores. ANTOň Michal scores. UEMURA Koya to 2nd. 2 RBI.,Základní část
197948,6,1,Jan MULAč,Vojtěch VLACH,0,0,34,44,0,0,0,0,0,0,Ball 1. UEMURA Koya to 3rd on wild pitch. LUKAVSKý Kryštof to 2nd on wild pitch.,Základní část
197948,6,1,Jan MULAč,Vojtěch VLACH,1,0,34,59,0,0,0,0,0,0,Ball 2.,Základní část
197948,6,1,Jan MULAč,Vojtěch VLACH,2,0,2,58,0,0,0,0,0,0,Foul.,Základní část
197948,6,1,Jan MULAč,Vojtěch VLACH,2,1,19,61,0,0,59,0,0,0,MULAč Jan flies out.  P3. 2 out.,Základní část
197948,6,2,Viktor HLUCHý,Vojtěch VLACH,0,0,37,61,0,0,0,0,0,0,Ball 1.,Základní část
197948,6,2,Viktor HLUCHý,Vojtěch VLACH,1,0,-11,54,0,0,0,0,0,0,Called Strike 1.,Základní část
197948,6,2,Viktor HLUCHý,Vojtěch VLACH,1,1,-18,27,0,0,0,0,0,0,Swinging Strike 2.,Základní část
197948,6,2,Viktor HLUCHý,Vojtěch VLACH,1,2,1,43,0,0,0,0,0,0,Foul.,Základní část
197948,6,2,Viktor HLUCHý,Vojtěch VLACH,1,2,-15,30,0,0,0,0,0,0,Foul.,Základní část
197948,6,2,Viktor HLUCHý,Vojtěch VLACH,1,2,4,22,0,0,113,0,0,0,HLUCHý Viktor grounds out 4-3. 3 out.,Základní část
197948,6,0,Filip KUBíčEK,Vojtěch VLACH,0,0,0,0,0,0,0,0,0,0,"End of the 6th<br>2 runs, 2 lob",Základní část
197948,7,0,Filip KUBíčEK,Vojtěch VLACH,0,0,33,24,0,0,0,0,0,0,Ball 1.,Základní část
197948,7,0,Filip KUBíčEK,Vojtěch VLACH,1,0,16,12,0,0,0,0,0,0,Foul.,Základní část
197948,7,0,Filip KUBíčEK,Vojtěch VLACH,1,1,-9,52,0,0,179,1,0,0,KUBíčEK Filip singles to center field.,Základní část
197948,7,0,Lukáš DERGANZ,Vojtěch VLACH,0,0,-16,22,0,0,28,0,0,0,DERGANZ Lukáš reaches on throwing error. Bunt. E5T. KUBíčEK Filip to 3rd. DERGANZ Lukáš to 2nd.,Základní část
197948,7,0,Marek SLABý,Vojtěch VLACH,0,0,0,0,0,0,0,0,0,0,Coaching Visit,Základní část
197948,7,0,Marek SLABý,Neznámý,0,0,0,0,0,0,0,0,0,0,Pitching Change: #27 MLýNEK for #27 VLACH,Základní část
197948,7,0,Marek SLABý,Šimon MLýNEK,0,0,-1,52,0,0,0,0,0,0,Called Strike 1.,Základní část
197948,7,0,Marek SLABý,Šimon MLýNEK,0,1,34,31,0,0,0,0,0,0,Ball 1.,Základní část
197948,7,0,Marek SLABý,Šimon MLýNEK,1,1,36,48,0,0,0,0,0,0,Ball 2.,Základní část
197948,7,0,Marek SLABý,Šimon MLýNEK,2,1,1,29,0,0,57,0,0,0,SLABý Marek grounds out 1-3. 1 out.,Základní část
197948,7,1,Michal ANTOň,Šimon MLýNEK,0,0,38,39,0,0,0,0,0,0,Ball 1.,Základní část
197948,7,1,Michal ANTOň,Šimon MLýNEK,1,0,36,16,0,0,0,0,0,0,Ball 2.,Základní část
197948,7,1,Michal ANTOň,Šimon MLýNEK,2,0,6,30,0,0,0,0,0,0,Called Strike 1.,Základní část
197948,7,1,Michal ANTOň,Šimon MLýNEK,2,1,-13,21,0,0,60,0,0,1,ANTOň Michal grounds out 6-3. KUBíčEK Filip scores. 2 out. 1 RBI.,Základní část
197948,7,2,Petr ZýMA,Šimon MLýNEK,0,0,33,70,0,0,0,0,0,0,Ball 1.,Základní část
197948,7,2,Petr ZýMA,Šimon MLýNEK,1,0,-2,13,0,0,113,0,0,0,ZýMA Petr grounds out 6-3. 3 out.,Základní část
197948,7,0,Koya UEMURA,Šimon MLýNEK,0,0,0,0,0,0,0,0,0,0,"End of the 7th<br>1 runs, 1 lob",Základní část
197948,8,0,Neznámý,Neznámý,0,0,0,0,0,0,0,0,0,0,Pitching Change: #38 ZELENKA for #27 MLýNEK,Základní část
197948,8,0,Neznámý,Neznámý,0,0,0,0,0,0,0,0,0,0,Defensive Change: #22 LAVIčKA to LF,Základní část
197948,8,0,Koya UEMURA,Martin ZELENKA,0,0,35,3,0,0,0,0,0,0,Ball 1.,Základní část
197948,8,0,Koya UEMURA,Martin ZELENKA,1,0,-20,58,0,0,0,0,0,0,Called Strike 1.,Základní část
197948,8,0,Koya UEMURA,Martin ZELENKA,1,1,39,13,0,0,0,0,0,0,Ball 2.,Základní část
197948,8,0,Koya UEMURA,Martin ZELENKA,2,1,38,11,0,0,0,0,0,0,Ball 3.,Základní část
197948,8,0,Koya UEMURA,Martin ZELENKA,3,1,12,42,0,0,0,0,0,0,Swinging Strike 2.,Základní část
197948,8,0,Koya UEMURA,Martin ZELENKA,3,2,-6,22,0,0,0,0,0,0,UEMURA Koya strikes out swinging. 1 out.,Základní část
197948,8,1,Kryštof LUKAVSKý,Martin ZELENKA,0,0,35,40,0,0,0,0,0,0,Ball 1.,Základní část
197948,8,1,Kryštof LUKAVSKý,Martin ZELENKA,1,0,18,60,0,0,0,0,0,0,Foul.,Základní část
197948,8,1,Kryštof LUKAVSKý,Martin ZELENKA,1,1,30,47,0,0,0,0,0,0,Ball 2.,Základní část
197948,8,1,Kryštof LUKAVSKý,Martin ZELENKA,2,1,-5,13,0,0,0,0,0,0,Foul.,Základní část
197948,8,1,Kryštof LUKAVSKý,Martin ZELENKA,2,2,-5,23,0,0,0,0,0,0,LUKAVSKý Kryštof strikes out looking. 2 out.,Základní část
197948,8,2,Jan MULAč,Martin ZELENKA,0,0,1,58,0,0,0,0,0,0,Called Strike 1.,Základní část
197948,8,2,Jan MULAč,Martin ZELENKA,0,1,12,56,0,0,235,1,0,0,MULAč Jan doubles to right field.,Základní část
197948,8,2,Viktor HLUCHý,Martin ZELENKA,0,0,-10,59,0,0,0,0,0,0,Called Strike 1.,Základní část
197948,8,2,Viktor HLUCHý,Martin ZELENKA,0,1,3,61,0,0,0,0,0,0,Foul.,Základní část
197948,8,2,Viktor HLUCHý,Martin ZELENKA,0,2,31,36,0,0,0,0,0,0,Ball 1.,Základní část
197948,8,2,Viktor HLUCHý,Martin ZELENKA,1,2,-1,57,0,0,94,0,0,0,HLUCHý Viktor flies out.  F5. 3 out.,Základní část
197948,8,0,Filip KUBíčEK,Martin ZELENKA,0,0,0,0,0,0,0,0,0,0,"End of the 8th<br>0 runs, 1 lob",Základní část
197948,9,0,Filip KUBíčEK,Martin ZELENKA,0,0,1,40,0,0,0,0,0,0,Called Strike 1.,Základní část
197948,9,0,Filip KUBíčEK,Martin ZELENKA,0,1,39,32,0,0,0,0,0,0,Ball 1.,Základní část
197948,9,0,Filip KUBíčEK,Martin ZELENKA,1,1,37,68,0,0,0,0,0,0,Ball 2.,Základní část
197948,9,0,Filip KUBíčEK,Martin ZELENKA,2,1,39,55,0,0,0,0,0,0,Ball 3.,Základní část
197948,9,0,Filip KUBíčEK,Martin ZELENKA,3,1,37,48,0,0,0,0,1,0,KUBíčEK Filip walks.,Základní část
197948,9,0,Lukáš DERGANZ,Martin ZELENKA,0,0,1,50,0,0,0,0,0,0,Called Strike 1.,Základní část
197948,9,0,Lukáš DERGANZ,Martin ZELENKA,0,1,-1,30,0,0,0,0,0,0,Called Strike 2.,Základní část
197948,9,0,Lukáš DERGANZ,Martin ZELENKA,0,2,-8,15,0,0,0,0,0,0,Foul.,Základní část
197948,9,0,Lukáš DERGANZ,Martin ZELENKA,0,2,-19,17,0,0,71,0,0,0,DERGANZ Lukáš reaches on fielders choice. KUBíčEK Filip  out at 2nd 54.  1 out.,Základní část
197948,9,1,Marek SLABý,Martin ZELENKA,0,0,30,57,0,0,0,0,0,0,Ball 1.,Základní část
197948,9,1,Marek SLABý,Martin ZELENKA,1,0,13,34,0,0,0,0,0,0,Called Strike 1.,Základní část
197948,9,1,Marek SLABý,Martin ZELENKA,1,1,34,35,0,0,0,0,0,0,Ball 2.,Základní část
197948,9,1,Marek SLABý,Martin ZELENKA,2,1,0,57,0,0,0,0,0,0,Called Strike 2.,Základní část
197948,9,1,Marek SLABý,Martin ZELENKA,2,2,-2,47,0,0,0,0,0,0,SLABý Marek strikes out swinging. DERGANZ Lukáš to 2nd on stolen base. 2 out.,Základní část
197948,9,2,Michal ANTOň,Martin ZELENKA,0,0,37,34,0,0,0,0,0,0,Ball 1.,Základní část
197948,9,2,Michal ANTOň,Martin ZELENKA,1,0,34,11,0,0,0,0,0,0,Ball 2. DERGANZ Lukáš to 3rd on stolen base.,Základní část
197948,9,2,Michal ANTOň,Martin ZELENKA,2,0,-10,22,0,0,0,0,0,0,Called Strike 1.,Základní část
197948,9,2,Michal ANTOň,Martin ZELENKA,2,1,6,16,0,0,94,0,0,0,ANTOň Michal grounds out 3-1. 3 out.,Základní část
197948,9,0,Petr ZýMA,Martin ZELENKA,0,0,0,0,0,0,0,0,0,0,"End of the 9th<br>0 runs, 1 lob",Základní část
197948,10,0,Michal ANTOň,Martin ZELENKA,0,0,0,0,0,0,0,0,0,0,-,Základní část
197948,10,0,Neznámý,Neznámý,0,0,0,0,0,0,0,0,0,0,Defensive Substitution: #94 VANčURA for #34 GALINDO at RF,Základní část
197948,10,0,Petr ZýMA,Martin ZELENKA,0,0,13,31,0,0,0,0,0,0,Foul.,Základní část
197948,10,0,Petr ZýMA,Martin ZELENKA,0,1,-10,56,0,0,0,0,0,0,Called Strike 2.,Základní část
197948,10,0,Petr ZýMA,Martin ZELENKA,0,2,30,31,0,0,0,0,0,0,Ball 1.,Základní část
197948,10,0,Petr ZýMA,Martin ZELENKA,1,2,4,51,0,0,133,0,0,0,ZýMA Petr flies out foul.  FF3. 1 out.,Základní část
197948,10,1,Koya UEMURA,Martin ZELENKA,0,0,0,0,0,0,0,0,0,0,Coaching Visit,Základní část
197948,10,1,Koya UEMURA,Martin ZELENKA,0,0,19,59,0,0,0,0,0,0,Called Strike 1.,Základní část
197948,10,1,Koya UEMURA,Martin ZELENKA,0,1,18,22,0,0,0,0,0,0,Swinging Strike 2.,Základní část
197948,10,1,Koya UEMURA,Martin ZELENKA,0,2,-14,52,0,0,55,0,0,0,UEMURA Koya flies out.  P5. 2 out.,Základní část
197948,10,2,Kryštof LUKAVSKý,Martin ZELENKA,0,0,-16,46,0,0,0,0,0,0,Called Strike 1.,Základní část
197948,10,2,Kryštof LUKAVSKý,Martin ZELENKA,0,1,30,10,0,0,0,0,0,0,Ball 1.,Základní část
197948,10,2,Kryštof LUKAVSKý,Martin ZELENKA,1,1,6,55,0,0,67,0,0,0,LUKAVSKý Kryštof flies out foul.  FP3. 3 out.,Základní část
197948,10,0,Jan MULAč,Martin ZELENKA,0,0,0,0,0,0,0,0,0,0,GAME OVER<br>HLU wins 4-3<br>Win: ZELENKA<br>Loss: ZAVADIL<br>,Základní část
197019,1,0,Marek SLABý,Jesus CASTILLO,0,0,-3,40,0,0,0,0,0,0,Swinging Strike 1.,Základní část
197019,1,0,Marek SLABý,Jesus CASTILLO,0,1,37,53,0,0,0,0,0,0,Ball 1.,Základní část
197019,1,0,Marek SLABý,Jesus CASTILLO,1,1,10,23,0,0,57,0,0,0,SLABý Marek grounds out 1-3. 1 out.,Základní část
197019,1,1,Michal ANTOň,Jesus CASTILLO,0,0,-3,14,0,0,0,0,0,0,Called Strike 1.,Základní část
197019,1,1,Michal ANTOň,Jesus CASTILLO,0,1,-1,43,0,0,0,0,0,0,Called Strike 2.,Základní část
197019,1,1,Michal ANTOň,Jesus CASTILLO,0,2,32,12,0,0,0,0,0,0,Ball 1.,Základní část
197019,1,1,Michal ANTOň,Jesus CASTILLO,1,2,36,31,0,0,0,0,0,0,Ball 2.,Základní část
197019,1,1,Michal ANTOň,Jesus CASTILLO,2,2,-5,49,0,0,0,0,0,0,ANTOň Michal strikes out looking. 2 out.,Základní část
197019,1,2,Filip KUBíčEK,Jesus CASTILLO,0,0,-17,34,0,0,0,0,0,0,Called Strike 1.,Základní část
197019,1,2,Filip KUBíčEK,Jesus CASTILLO,0,1,30,40,0,0,0,0,0,0,Ball 1.,Základní část
197019,1,2,Filip KUBíčEK,Jesus CASTILLO,1,1,30,3,0,0,0,0,0,0,Ball 2.,Základní část
197019,1,2,Filip KUBíčEK,Jesus CASTILLO,2,1,4,46,0,0,0,0,0,0,Foul.,Základní část
197019,1,2,Filip KUBíčEK,Jesus CASTILLO,2,2,35,53,0,0,0,0,0,0,Ball 3.,Základní část
197019,1,2,Filip KUBíčEK,Jesus CASTILLO,3,2,-11,63,0,0,235,1,0,0,KUBíčEK Filip doubles to left field.,Základní část
197019,1,2,Koya UEMURA,Jesus CASTILLO,0,0,-1,33,0,0,0,0,0,0,Called Strike 1.,Základní část
197019,1,2,Koya UEMURA,Jesus CASTILLO,0,1,-10,15,0,0,0,0,0,0,Foul.,Základní část
197019,1,2,Koya UEMURA,Jesus CASTILLO,0,2,33,70,0,0,0,0,0,0,Ball 1.,Základní část
197019,1,2,Koya UEMURA,Jesus CASTILLO,1,2,-5,52,0,0,0,0,0,0,UEMURA Koya strikes out swinging. 3 out.,Základní část
197019,1,0,Jan MULAč,Jesus CASTILLO,0,0,0,0,0,0,0,0,0,0,"End of the 1st<br>0 runs, 1 lob",Základní část
197019,2,0,Jan MULAč,Jesus CASTILLO,0,0,-7,56,0,0,0,0,0,0,Swinging Strike 1.,Základní část
197019,2,0,Jan MULAč,Jesus CASTILLO,0,1,14,41,0,0,0,0,0,0,Called Strike 2.,Základní část
197019,2,0,Jan MULAč,Jesus CASTILLO,0,3,33,12,0,0,0,0,0,0,Ball 1.,Základní část
197019,2,0,Jan MULAč,Jesus CASTILLO,1,3,37,67,0,0,0,0,0,0,Ball 2.,Základní část
197019,2,0,Jan MULAč,Jesus CASTILLO,2,3,38,39,0,0,0,0,0,0,Ball 3.,Základní část
197019,2,0,Jan MULAč,Jesus CASTILLO,3,3,31,25,0,0,0,0,1,0,MULAč Jan walks.,Základní část
197019,2,0,Petr ZýMA,Jesus CASTILLO,0,0,34,21,0,0,0,0,0,0,Ball 1.,Základní část
197019,2,0,Petr ZýMA,Jesus CASTILLO,1,0,16,14,0,0,0,0,0,0,Called Strike 1.,Základní část
197019,2,0,Petr ZýMA,Jesus CASTILLO,1,1,0,0,0,0,0,0,0,0,Pickoff Attempt at 1st,Základní část
197019,2,0,Petr ZýMA,Jesus CASTILLO,1,1,9,52,0,0,226,0,0,0,ZýMA Petr flies out to right field.  F9. 1 out.,Základní část
197019,2,1,Jan HOJDA,Jesus CASTILLO,0,0,35,39,0,0,0,0,0,0,Ball 1.,Základní část
197019,2,1,Jan HOJDA,Jesus CASTILLO,1,0,-13,14,0,0,0,0,0,0,Swinging Strike 1.,Základní část
197019,2,1,Jan HOJDA,Jesus CASTILLO,1,1,0,0,0,0,0,0,0,0,MULAč Jan  out at 1st PO13.  2 out.,Základní část
197019,2,2,Jan HOJDA,Jesus CASTILLO,1,1,33,3,0,0,0,0,0,0,Ball 2.,Základní část
197019,2,2,Jan HOJDA,Jesus CASTILLO,2,1,31,30,0,0,0,0,0,0,Ball 3.,Základní část
197019,2,2,Jan HOJDA,Jesus CASTILLO,3,1,-9,60,0,0,0,0,0,0,Called Strike 2.,Základní část
197019,2,2,Jan HOJDA,Jesus CASTILLO,3,2,35,48,0,0,0,0,1,0,HOJDA Jan walks.,Základní část
197019,2,2,Matyáš SMOLA,Jesus CASTILLO,0,0,36,1,0,0,0,0,0,0,Ball 1.,Základní část
197019,2,2,Matyáš SMOLA,Jesus CASTILLO,1,0,13,56,0,0,0,0,0,0,Called Strike 1.,Základní část
197019,2,2,Matyáš SMOLA,Jesus CASTILLO,1,1,-13,18,0,0,94,0,0,0,SMOLA Matyáš grounds out 5-3. 3 out.,Základní část
197019,2,0,Lukáš DERGANZ,Jesus CASTILLO,0,0,0,0,0,0,0,0,0,0,"End of the 2nd<br>0 runs, 1 lob",Základní část
197019,3,0,Lukáš DERGANZ,Jesus CASTILLO,0,0,15,30,0,0,0,0,0,0,Swinging Strike 1.,Základní část
197019,3,0,Lukáš DERGANZ,Jesus CASTILLO,0,1,31,20,0,0,0,0,0,0,Ball 1.,Základní část
197019,3,0,Lukáš DERGANZ,Jesus CASTILLO,1,1,-13,38,0,0,0,0,0,0,Called Strike 2.,Základní část
197019,3,0,Lukáš DERGANZ,Jesus CASTILLO,1,2,-15,24,0,0,0,0,0,0,Foul.,Základní část
197019,3,0,Lukáš DERGANZ,Jesus CASTILLO,1,2,2,31,0,0,0,0,0,0,DERGANZ Lukáš strikes out swinging. 1 out.,Základní část
197019,3,1,Marek SLABý,Jesus CASTILLO,0,0,2,39,0,0,0,0,0,0,Called Strike 1.,Základní část
197019,3,1,Marek SLABý,Jesus CASTILLO,0,1,-2,28,0,0,0,0,0,0,Called Strike 2.,Základní část
197019,3,1,Marek SLABý,Jesus CASTILLO,0,2,-7,53,0,0,0,0,0,0,Foul.,Základní část
197019,3,1,Marek SLABý,Jesus CASTILLO,0,2,-2,29,0,0,0,0,0,0,Foul.,Základní část
197019,3,1,Marek SLABý,Jesus CASTILLO,0,2,12,10,0,0,94,0,0,0,SLABý Marek grounds out 3-1. 2 out.,Základní část
197019,3,2,Michal ANTOň,Jesus CASTILLO,0,0,8,22,0,0,0,0,0,0,Called Strike 1.,Základní část
197019,3,2,Michal ANTOň,Jesus CASTILLO,0,1,32,50,0,0,0,0,0,0,Ball 1.,Základní část
197019,3,2,Michal ANTOň,Jesus CASTILLO,1,1,33,53,0,0,0,0,0,0,Ball 2.,Základní část
197019,3,2,Michal ANTOň,Jesus CASTILLO,2,1,30,36,0,0,0,0,0,0,Ball 3.,Základní část
197019,3,2,Michal ANTOň,Jesus CASTILLO,3,1,37,28,0,0,0,0,1,0,ANTOň Michal walks.,Základní část
197019,3,2,Filip KUBíčEK,Jesus CASTILLO,0,0,34,30,0,0,0,0,0,0,Ball 1.,Základní část
197019,3,2,Filip KUBíčEK,Jesus CASTILLO,1,0,35,54,0,0,0,0,0,0,Ball 2.,Základní část
197019,3,2,Filip KUBíčEK,Jesus CASTILLO,2,0,14,40,0,0,0,0,0,0,Called Strike 1.,Základní část
197019,3,2,Filip KUBíčEK,Jesus CASTILLO,2,1,8,26,0,0,0,0,0,0,Foul.,Základní část
197019,3,2,Filip KUBíčEK,Jesus CASTILLO,2,2,-13,22,0,0,0,0,0,0,KUBíčEK Filip strikes out swinging. 3 out.,Základní část
197019,3,0,Koya UEMURA,Jesus CASTILLO,0,0,0,0,0,0,0,0,0,0,"End of the 3rd<br>0 runs, 1 lob",Základní část
197019,4,0,Koya UEMURA,Jesus CASTILLO,0,0,7,14,0,0,0,0,0,0,Called Strike 1.,Základní část
197019,4,0,Koya UEMURA,Jesus CASTILLO,0,1,38,34,0,0,0,0,0,0,Ball 1.,Základní část
197019,4,0,Koya UEMURA,Jesus CASTILLO,1,1,14,52,0,0,0,0,0,0,Swinging Strike 2.,Základní část
197019,4,0,Koya UEMURA,Jesus CASTILLO,1,2,33,42,0,0,0,0,0,0,Ball 2.,Základní část
197019,4,0,Koya UEMURA,Jesus CASTILLO,2,2,19,53,0,0,0,0,0,0,Foul.,Základní část
197019,4,0,Koya UEMURA,Jesus CASTILLO,2,2,37,59,0,0,0,0,0,0,Ball 3.,Základní část
197019,4,0,Koya UEMURA,Jesus CASTILLO,3,2,-17,18,0,0,0,0,0,0,UEMURA Koya strikes out swinging. 1 out.,Základní část
197019,4,1,Jan MULAč,Jesus CASTILLO,0,0,3,60,0,0,0,0,0,0,Called Strike 1.,Základní část
197019,4,1,Jan MULAč,Jesus CASTILLO,0,1,38,11,0,0,0,0,0,0,Ball 1.,Základní část
197019,4,1,Jan MULAč,Jesus CASTILLO,1,1,2,17,0,0,0,0,0,0,Foul.,Základní část
197019,4,1,Jan MULAč,Jesus CASTILLO,1,2,17,55,0,0,226,0,0,0,MULAč Jan flies out down right field line.  F9. 2 out.,Základní část
197019,4,2,Petr ZýMA,Jesus CASTILLO,0,0,-11,33,0,0,0,0,0,0,Called Strike 1.,Základní část
197019,4,2,Petr ZýMA,Jesus CASTILLO,0,1,4,34,0,0,0,0,0,0,Foul.,Základní část
197019,4,2,Petr ZýMA,Jesus CASTILLO,0,2,14,27,0,0,113,0,0,0,ZýMA Petr grounds out 4-3. 3 out.,Základní část
197019,4,0,Jan HOJDA,Jesus CASTILLO,0,0,0,0,0,0,0,0,0,0,"End of the 4th<br>0 runs, 0 lob",Základní část
197019,5,0,Jan HOJDA,Jesus CASTILLO,0,0,13,26,0,0,0,0,0,0,Called Strike 1.,Základní část
197019,5,0,Jan HOJDA,Jesus CASTILLO,0,1,10,49,0,0,0,0,0,0,Swinging Strike 2.,Základní část
197019,5,0,Jan HOJDA,Jesus CASTILLO,0,2,34,56,0,0,0,0,0,0,Ball 1.,Základní část
197019,5,0,Jan HOJDA,Jesus CASTILLO,1,2,-15,43,0,0,0,0,0,0,Foul.,Základní část
197019,5,0,Jan HOJDA,Jesus CASTILLO,1,2,31,54,0,0,0,0,0,0,Ball 2.,Základní část
197019,5,0,Jan HOJDA,Jesus CASTILLO,2,2,38,15,0,0,0,0,0,0,Ball 3.,Základní část
197019,5,0,Jan HOJDA,Jesus CASTILLO,3,2,14,53,0,0,0,0,0,0,HOJDA Jan strikes out looking. 1 out.,Základní část
197019,5,1,Matyáš SMOLA,Jesus CASTILLO,0,0,16,52,0,0,226,0,0,0,SMOLA Matyáš flies out to right field.  F9. 2 out.,Základní část
197019,5,2,Lukáš DERGANZ,Jesus CASTILLO,0,0,32,52,0,0,0,0,0,0,Ball 1.,Základní část
197019,5,2,Lukáš DERGANZ,Jesus CASTILLO,1,0,30,47,0,0,0,0,0,0,Ball 2.,Základní část
197019,5,2,Lukáš DERGANZ,Jesus CASTILLO,2,0,-18,58,0,0,0,0,0,0,Called Strike 1.,Základní část
197019,5,2,Lukáš DERGANZ,Jesus CASTILLO,2,1,-9,43,0,0,0,0,0,0,Swinging Strike 2.,Základní část
197019,5,2,Lukáš DERGANZ,Jesus CASTILLO,2,2,-14,51,0,0,0,0,0,0,Foul.,Základní část
197019,5,2,Lukáš DERGANZ,Jesus CASTILLO,2,2,33,54,0,0,0,0,0,0,Ball 3.,Základní část
197019,5,2,Lukáš DERGANZ,Jesus CASTILLO,3,2,9,59,0,0,0,0,0,0,Foul.,Základní část
197019,5,2,Lukáš DERGANZ,Jesus CASTILLO,3,2,-7,29,0,0,0,0,0,0,DERGANZ Lukáš strikes out looking. 3 out.,Základní část
197019,5,0,Marek SLABý,Jesus CASTILLO,0,0,0,0,0,0,0,0,0,0,"End of the 5th<br>0 runs, 0 lob",Základní část
197019,6,0,Marek SLABý,Jesus CASTILLO,0,0,-11,54,0,0,0,0,0,0,Foul.,Základní část
197019,6,0,Marek SLABý,Jesus CASTILLO,0,1,39,32,0,0,0,0,0,0,Ball 1.,Základní část
197019,6,0,Marek SLABý,Jesus CASTILLO,1,1,36,44,0,0,0,0,0,0,Ball 2.,Základní část
197019,6,0,Marek SLABý,Jesus CASTILLO,2,1,33,25,0,0,0,0,0,0,Ball 3.,Základní část
197019,6,0,Marek SLABý,Jesus CASTILLO,3,1,-19,55,0,0,0,0,0,0,Called Strike 2.,Základní část
197019,6,0,Marek SLABý,Jesus CASTILLO,3,2,15,11,0,0,106,1,0,0,SLABý Marek singles to shortstop.,Základní část
197019,6,0,Michal ANTOň,Jesus CASTILLO,0,0,-16,50,0,0,0,0,0,0,Called Strike 1.,Základní část
197019,6,0,Michal ANTOň,Jesus CASTILLO,0,1,0,0,0,0,0,0,0,0,Pickoff Attempt at 1st,Základní část
197019,6,0,Michal ANTOň,Jesus CASTILLO,0,1,6,33,0,0,0,0,0,0,Called Strike 2.,Základní část
197019,6,0,Michal ANTOň,Jesus CASTILLO,0,2,32,47,0,0,0,0,0,0,Ball 1. SLABý Marek to 2nd on stolen base.,Základní část
197019,6,0,Michal ANTOň,Jesus CASTILLO,1,2,12,49,0,0,38,0,0,0,ANTOň Michal out on sacrifice hit 13. Bunt. SLABý Marek to 3rd. 1 out.,Základní část
197019,6,1,Filip KUBíčEK,Jesus CASTILLO,0,0,-15,26,0,0,94,0,0,1,KUBíčEK Filip grounds out 5-3. SLABý Marek scores. 2 out. 1 RBI.,Základní část
197019,6,2,Koya UEMURA,Jesus CASTILLO,0,0,-7,26,0,0,94,0,0,0,UEMURA Koya grounds out 5-3. 3 out.,Základní část
197019,6,0,Jan MULAč,Jesus CASTILLO,0,0,0,0,0,0,0,0,0,0,"End of the 6th<br>1 runs, 0 lob",Základní část
197019,7,0,Neznámý,Neznámý,0,0,0,0,0,0,0,0,0,0,Pitching Change: #8 MALCONIAN for #0 CASTILLO,Základní část
197019,7,0,Jan MULAč,Matthew MALCONIAN,0,0,30,70,0,0,0,0,0,0,Ball 1.,Základní část
197019,7,0,Jan MULAč,Matthew MALCONIAN,1,0,36,47,0,0,0,0,0,0,Ball 2.,Základní část
197019,7,0,Jan MULAč,Matthew MALCONIAN,2,0,39,20,0,0,0,0,0,0,Ball 3.,Základní část
197019,7,0,Jan MULAč,Matthew MALCONIAN,3,0,-12,12,0,0,0,0,0,0,Called Strike 1.,Základní část
197019,7,0,Jan MULAč,Matthew MALCONIAN,3,1,34,28,0,0,0,0,1,0,MULAč Jan walks.,Základní část
197019,7,0,Petr ZýMA,Matthew MALCONIAN,0,0,5,58,0,0,0,0,0,0,Called Strike 1.,Základní část
197019,7,0,Petr ZýMA,Matthew MALCONIAN,0,1,-11,16,0,0,0,0,0,0,Called Strike 2.,Základní část
197019,7,0,Petr ZýMA,Matthew MALCONIAN,0,2,1,21,0,0,0,0,0,0,Foul.,Základní část
197019,7,0,Petr ZýMA,Matthew MALCONIAN,0,2,35,17,0,0,0,0,0,0,Ball 1.,Základní část
197019,7,0,Petr ZýMA,Matthew MALCONIAN,1,2,-9,38,0,0,0,0,0,0,Foul.,Základní část
197019,7,0,Petr ZýMA,Matthew MALCONIAN,1,2,-7,11,0,0,94,0,0,0,ZýMA Petr grounds out 5-3. MULAč Jan to 2nd. 1 out.,Základní část
197019,7,1,Jan HOJDA,Matthew MALCONIAN,0,0,37,21,0,0,0,0,0,0,Ball 1.,Základní část
197019,7,1,Jan HOJDA,Matthew MALCONIAN,1,0,7,52,0,0,0,0,0,0,Called Strike 1.,Základní část
197019,7,1,Jan HOJDA,Matthew MALCONIAN,1,1,0,10,0,0,113,0,0,0,HOJDA Jan grounds out 4-3. MULAč Jan to 3rd. 2 out.,Základní část
197019,7,2,Matyáš SMOLA,Matthew MALCONIAN,0,0,17,41,0,0,0,0,0,0,Swinging Strike 1.,Základní část
197019,7,2,Matyáš SMOLA,Matthew MALCONIAN,0,1,8,53,0,0,0,0,0,0,Swinging Strike 2.,Základní část
197019,7,2,Matyáš SMOLA,Matthew MALCONIAN,0,2,16,12,0,0,0,0,0,0,SMOLA Matyáš strikes out swinging. 3 out.,Základní část
197019,7,0,Lukáš DERGANZ,Matthew MALCONIAN,0,0,0,0,0,0,0,0,0,0,"End of the 7th<br>0 runs, 1 lob",Základní část
197019,8,0,Neznámý,Neznámý,0,0,0,0,0,0,0,0,0,0,Defensive Change: #0 MARTINEK to 3B,Základní část
197019,8,0,Lukáš DERGANZ,Matthew MALCONIAN,0,0,19,45,0,0,0,0,0,0,Swinging Strike 1.,Základní část
197019,8,0,Lukáš DERGANZ,Matthew MALCONIAN,0,1,-17,39,0,0,0,0,0,0,Swinging Strike 2.,Základní část
197019,8,0,Lukáš DERGANZ,Matthew MALCONIAN,0,2,0,44,0,0,0,0,0,0,DERGANZ Lukáš strikes out swinging. 1 out.,Základní část
197019,8,1,Marek SLABý,Matthew MALCONIAN,0,0,6,12,0,0,0,0,0,0,Called Strike 1.,Základní část
197019,8,1,Marek SLABý,Matthew MALCONIAN,0,1,36,47,0,0,0,0,0,0,Ball 1.,Základní část
197019,8,1,Marek SLABý,Matthew MALCONIAN,1,1,12,16,0,0,0,0,0,0,Called Strike 2.,Základní část
197019,8,1,Marek SLABý,Matthew MALCONIAN,1,2,35,7,0,0,0,0,0,0,Ball 2.,Základní část
197019,8,1,Marek SLABý,Matthew MALCONIAN,2,2,36,57,0,0,0,0,0,0,Ball 3.,Základní část
197019,8,1,Marek SLABý,Matthew MALCONIAN,3,2,32,31,0,0,0,0,1,0,SLABý Marek walks.,Základní část
197019,8,1,Michal ANTOň,Matthew MALCONIAN,0,0,14,38,0,0,0,0,0,0,Called Strike 1.,Základní část
197019,8,1,Michal ANTOň,Matthew MALCONIAN,0,1,39,30,0,0,0,0,0,0,Ball 1.,Základní část
197019,8,1,Michal ANTOň,Matthew MALCONIAN,1,1,-1,55,0,0,179,1,0,0,ANTOň Michal singles to center field. SLABý Marek to 2nd.,Základní část
197019,8,1,Filip KUBíčEK,Matthew MALCONIAN,0,0,-4,13,0,0,0,0,0,0,Called Strike 1.,Základní část
197019,8,1,Filip KUBíčEK,Matthew MALCONIAN,0,1,6,53,0,0,0,0,0,0,Called Strike 2.,Základní část
197019,8,1,Filip KUBíčEK,Matthew MALCONIAN,0,2,31,55,0,0,0,0,0,0,Ball 1.,Základní část
197019,8,1,Filip KUBíčEK,Matthew MALCONIAN,1,2,-11,22,0,0,0,0,0,0,Foul.,Základní část
197019,8,1,Filip KUBíčEK,Matthew MALCONIAN,1,2,38,53,0,0,0,0,0,0,Ball 2.,Základní část
197019,8,1,Filip KUBíčEK,Matthew MALCONIAN,2,2,3,58,0,0,0,0,0,0,Foul.,Základní část
197019,8,1,Filip KUBíčEK,Matthew MALCONIAN,2,2,-8,52,0,0,195,0,0,0,KUBíčEK Filip reaches on fielders choice to center field. SLABý Marek  out at 3rd 95.  ANTOň Michal to 2nd. 2 out.,Základní část
197019,8,2,Koya UEMURA,Matthew MALCONIAN,0,0,14,52,0,0,66,0,0,0,UEMURA Koya flies out.  P3. 3 out.,Základní část
197019,8,0,Jan MULAč,Matthew MALCONIAN,0,0,0,0,0,0,0,0,0,0,"End of the 8th<br>0 runs, 2 lob",Základní část
197019,9,0,Neznámý,Neznámý,0,0,0,0,0,0,0,0,0,0,Defensive Change: #0 SKOPAL to C,Základní část
197019,9,0,Neznámý,Neznámý,0,0,0,0,0,0,0,0,0,0,Pitching Change: #0 NAVRáTIL for #8 MALCONIAN,Základní část
197019,9,0,Jan MULAč,Ondřej NAVRáTIL,0,0,-4,12,0,0,0,0,0,0,Swinging Strike 1.,Základní část
197019,9,0,Jan MULAč,Ondřej NAVRáTIL,0,1,34,19,0,0,0,0,0,0,Ball 1.,Základní část
197019,9,0,Jan MULAč,Ondřej NAVRáTIL,1,1,-1,41,0,0,0,0,0,0,Foul.,Základní část
197019,9,0,Jan MULAč,Ondřej NAVRáTIL,1,2,31,9,0,0,0,0,0,0,Ball 2.,Základní část
197019,9,0,Jan MULAč,Ondřej NAVRáTIL,2,2,19,60,0,0,226,0,0,0,MULAč Jan flies out to center field.  F8. 1 out.,Základní část
197019,9,1,Petr ZýMA,Ondřej NAVRáTIL,0,0,-18,25,0,0,0,0,0,0,Swinging Strike 1.,Základní část
197019,9,1,Petr ZýMA,Ondřej NAVRáTIL,0,1,31,13,0,0,0,0,0,0,Ball 1.,Základní část
197019,9,1,Petr ZýMA,Ondřej NAVRáTIL,1,1,39,62,0,0,0,0,0,0,Ball 2.,Základní část
197019,9,1,Petr ZýMA,Ondřej NAVRáTIL,2,1,36,34,0,0,0,0,0,0,Ball 3.,Základní část
197019,9,1,Petr ZýMA,Ondřej NAVRáTIL,3,1,30,10,0,0,0,0,1,0,ZýMA Petr walks.,Základní část
197019,9,1,Jan HOJDA,Ondřej NAVRáTIL,0,0,39,12,0,0,0,0,0,0,Ball 1.,Základní část
197019,9,1,Jan HOJDA,Ondřej NAVRáTIL,1,0,0,34,0,0,0,0,0,0,Foul.,Základní část
197019,9,1,Jan HOJDA,Ondřej NAVRáTIL,1,1,30,23,0,0,0,0,0,0,Ball 2.,Základní část
197019,9,1,Jan HOJDA,Ondřej NAVRáTIL,2,1,4,34,0,0,0,0,0,0,Foul.,Základní část
197019,9,1,Jan HOJDA,Ondřej NAVRáTIL,2,2,35,69,0,0,0,0,0,0,Ball 3.,Základní část
197019,9,1,Jan HOJDA,Ondřej NAVRáTIL,3,2,-20,20,0,0,113,0,0,0,HOJDA Jan reaches on throwing error. E6T. ZýMA Petr to 2nd.,Základní část
197019,9,1,Matyáš SMOLA,Ondřej NAVRáTIL,0,0,37,37,0,0,0,0,0,0,Ball 1.,Základní část
197019,9,1,Matyáš SMOLA,Ondřej NAVRáTIL,1,0,34,15,0,0,0,0,0,0,Ball 2.,Základní část
197019,9,1,Matyáš SMOLA,Ondřej NAVRáTIL,2,0,30,34,0,0,0,0,0,0,Ball 3.,Základní část
197019,9,1,Matyáš SMOLA,Ondřej NAVRáTIL,3,0,6,24,0,0,0,0,0,0,Called Strike 1.,Základní část
197019,9,1,Matyáš SMOLA,Ondřej NAVRáTIL,3,1,-7,14,0,0,94,0,0,0,SMOLA Matyáš grounds out 5-3. ZýMA Petr to 3rd. HOJDA Jan to 2nd. 2 out.,Základní část
197019,9,2,Lukáš DERGANZ,Ondřej NAVRáTIL,0,0,-5,56,0,0,0,0,0,0,Called Strike 1.,Základní část
197019,9,2,Lukáš DERGANZ,Ondřej NAVRáTIL,0,1,11,47,0,0,0,0,0,0,Called Strike 2.,Základní část
197019,9,2,Lukáš DERGANZ,Ondřej NAVRáTIL,0,2,-6,39,0,0,0,0,0,0,DERGANZ Lukáš strikes out swinging. 3 out.,Základní část
197019,9,0,Marek SLABý,Ondřej NAVRáTIL,0,0,0,0,0,0,0,0,0,0,GAME OVER<br>HRO wins 9-1<br>Win: CASTILLO<br>Loss: UEMURA,Základní část
197024,1,0,Marek SLABý,Viktor BERáNEK,0,0,0,0,0,0,0,0,0,0,Play Ball,Základní část
197024,1,0,Marek SLABý,Viktor BERáNEK,0,0,9,45,0,0,181,0,0,0,SLABý Marek flies out to right center.  F8. 1 out.,Základní část
197024,1,1,Michal ANTOň,Viktor BERáNEK,0,0,39,65,0,0,0,0,0,0,Ball 1.,Základní část
197024,1,1,Michal ANTOň,Viktor BERáNEK,1,0,-11,32,0,0,0,0,0,0,Called Strike 1.,Základní část
197024,1,1,Michal ANTOň,Viktor BERáNEK,1,1,30,53,0,0,0,0,0,0,Ball 2.,Základní část
197024,1,1,Michal ANTOň,Viktor BERáNEK,2,1,-10,22,0,0,0,0,0,0,Called Strike 2.,Základní část
197024,1,1,Michal ANTOň,Viktor BERáNEK,2,2,-2,20,0,0,72,0,0,0,ANTOň Michal grounds out 5-3. 2 out.,Základní část
197024,1,2,Filip KUBíčEK,Viktor BERáNEK,0,0,35,45,0,0,0,0,0,0,Ball 1.,Základní část
197024,1,2,Filip KUBíčEK,Viktor BERáNEK,1,0,7,27,0,0,0,0,0,0,Called Strike 1.,Základní část
197024,1,2,Filip KUBíčEK,Viktor BERáNEK,1,1,9,43,0,0,0,0,0,0,Swinging Strike 2.,Základní část
197024,1,2,Filip KUBíčEK,Viktor BERáNEK,1,2,36,44,0,0,0,0,0,0,Ball 2.,Základní část
197024,1,2,Filip KUBíčEK,Viktor BERáNEK,2,2,36,17,0,0,0,0,0,0,Ball 3.,Základní část
197024,1,2,Filip KUBíčEK,Viktor BERáNEK,3,2,-9,32,0,0,0,0,0,0,KUBíčEK Filip strikes out swinging. 3 out.,Základní část
197024,1,0,Koya UEMURA,Viktor BERáNEK,0,0,0,0,0,0,0,0,0,0,"Middle of the 1st<br>0 runs, 0 lob",Základní část
197024,2,0,Koya UEMURA,Viktor BERáNEK,0,0,15,52,0,0,0,0,0,0,Called Strike 1.,Základní část
197024,2,0,Koya UEMURA,Viktor BERáNEK,0,1,7,32,0,0,0,0,0,0,Called Strike 2.,Základní část
197024,2,0,Koya UEMURA,Viktor BERáNEK,0,2,-2,40,0,0,0,0,0,0,Foul.,Základní část
197024,2,0,Koya UEMURA,Viktor BERáNEK,0,2,-20,18,0,0,76,0,0,0,UEMURA Koya grounds out 5-3. 1 out.,Základní část
197024,2,1,Petr ZýMA,Viktor BERáNEK,0,0,17,45,0,0,208,0,0,0,ZýMA Petr flies out to right field.  F9. 2 out.,Základní část
197024,2,2,Jan MULAč,Viktor BERáNEK,0,0,30,36,0,0,0,0,0,0,Ball 1.,Základní část
197024,2,2,Jan MULAč,Viktor BERáNEK,1,0,15,13,0,0,0,0,0,0,Foul.,Základní část
197024,2,2,Jan MULAč,Viktor BERáNEK,1,1,37,13,0,0,0,0,0,0,Ball 2.,Základní část
197024,2,2,Jan MULAč,Viktor BERáNEK,2,1,0,51,0,0,0,0,0,0,Foul.,Základní část
197024,2,2,Jan MULAč,Viktor BERáNEK,2,2,37,64,0,0,0,0,0,0,Ball 3.,Základní část
197024,2,2,Jan MULAč,Viktor BERáNEK,3,2,-12,11,0,0,179,1,0,0,MULAč Jan singles up the middle.,Základní část
197024,2,2,Jan HOJDA,Viktor BERáNEK,0,0,0,0,0,0,0,0,0,0,Pickoff Attempt at 1st,Základní část
197024,2,2,Jan HOJDA,Viktor BERáNEK,0,0,2,12,0,0,0,0,0,0,Called Strike 1.,Základní část
197024,2,2,Jan HOJDA,Viktor BERáNEK,0,1,31,43,0,0,0,0,0,0,Ball 1.,Základní část
197024,2,2,Jan HOJDA,Viktor BERáNEK,1,1,5,26,0,0,0,0,0,0,Called Strike 2.,Základní část
197024,2,2,Jan HOJDA,Viktor BERáNEK,1,2,38,6,0,0,0,0,0,0,Ball 2.,Základní část
197024,2,2,Jan HOJDA,Viktor BERáNEK,2,2,38,1,0,0,0,0,0,0,Ball 3. MULAč Jan to 2nd on stolen base.,Základní část
197024,2,2,Jan HOJDA,Viktor BERáNEK,3,2,17,36,0,0,0,0,0,0,Foul.,Základní část
197024,2,2,Jan HOJDA,Viktor BERáNEK,3,2,5,34,0,0,0,0,0,0,HOJDA Jan strikes out swinging. 3 out.,Základní část
197024,2,0,Aleš PRANDžEV,Viktor BERáNEK,0,0,0,0,0,0,0,0,0,0,"Middle of the 2nd<br>0 runs, 1 lob",Základní část
197024,3,0,Aleš PRANDžEV,Viktor BERáNEK,0,0,-20,55,0,0,0,0,0,0,Called Strike 1.,Základní část
197024,3,0,Aleš PRANDžEV,Viktor BERáNEK,0,1,11,58,0,0,61,0,0,0,PRANDžEV Aleš flies out.  F3. 1 out.,Základní část
197024,3,1,Lukáš DERGANZ,Viktor BERáNEK,0,0,30,69,0,0,0,0,0,0,Ball 1.,Základní část
197024,3,1,Lukáš DERGANZ,Viktor BERáNEK,1,0,-16,48,0,0,0,0,0,0,Swinging Strike 1.,Základní část
197024,3,1,Lukáš DERGANZ,Viktor BERáNEK,1,1,36,14,0,0,0,0,0,0,Ball 2.,Základní část
197024,3,1,Lukáš DERGANZ,Viktor BERáNEK,2,1,39,57,0,0,0,0,0,0,Ball 3.,Základní část
197024,3,1,Lukáš DERGANZ,Viktor BERáNEK,3,1,-2,12,0,0,113,0,0,0,DERGANZ Lukáš grounds out 6-3. 2 out.,Základní část
197024,3,2,Marek SLABý,Viktor BERáNEK,0,0,-8,42,0,0,0,0,0,0,Called Strike 1.,Základní část
197024,3,2,Marek SLABý,Viktor BERáNEK,0,1,-16,43,0,0,0,0,0,0,Swinging Strike 2.,Základní část
197024,3,2,Marek SLABý,Viktor BERáNEK,0,2,-12,35,0,0,0,0,0,0,SLABý Marek strikes out looking. 3 out.,Základní část
197024,3,0,Michal ANTOň,Viktor BERáNEK,0,0,0,0,0,0,0,0,0,0,"Middle of the 3rd<br>0 runs, 0 lob",Základní část
197024,4,0,Michal ANTOň,Viktor BERáNEK,0,0,9,39,0,0,0,0,0,0,Swinging Strike 1.,Základní část
197024,4,0,Michal ANTOň,Viktor BERáNEK,0,1,37,46,0,0,0,0,0,0,Ball 1.,Základní část
197024,4,0,Michal ANTOň,Viktor BERáNEK,1,1,7,60,0,0,0,0,0,0,Called Strike 2.,Základní část
197024,4,0,Michal ANTOň,Viktor BERáNEK,1,2,13,22,0,0,90,0,0,0,ANTOň Michal grounds out 6-3. 1 out.,Základní část
197024,4,1,Filip KUBíčEK,Viktor BERáNEK,0,0,6,46,0,0,0,0,0,0,Called Strike 1.,Základní část
197024,4,1,Filip KUBíčEK,Viktor BERáNEK,0,1,33,23,0,0,0,0,0,0,Ball 1.,Základní část
197024,4,1,Filip KUBíčEK,Viktor BERáNEK,1,1,39,14,0,0,0,0,0,0,Ball 2.,Základní část
197024,4,1,Filip KUBíčEK,Viktor BERáNEK,2,1,33,63,0,0,0,0,0,0,Ball 3.,Základní část
197024,4,1,Filip KUBíčEK,Viktor BERáNEK,3,1,-9,62,0,0,94,0,0,0,KUBíčEK Filip flies out.  L5. 2 out.,Základní část
197024,4,2,Koya UEMURA,Viktor BERáNEK,0,0,16,41,0,0,0,0,0,0,Called Strike 1.,Základní část
197024,4,2,Koya UEMURA,Viktor BERáNEK,0,1,35,63,0,0,0,0,0,0,Ball 1.,Základní část
197024,4,2,Koya UEMURA,Viktor BERáNEK,1,1,36,40,0,0,0,0,0,0,Ball 2.,Základní část
197024,4,2,Koya UEMURA,Viktor BERáNEK,2,1,32,6,0,0,0,0,0,0,Ball 3.,Základní část
197024,4,2,Koya UEMURA,Viktor BERáNEK,3,1,-18,64,0,0,113,0,0,0,UEMURA Koya flies out.  L6. 3 out.,Základní část
197024,4,0,Petr ZýMA,Viktor BERáNEK,0,0,0,0,0,0,0,0,0,0,"Middle of the 4th<br>0 runs, 0 lob",Základní část
197024,5,0,Petr ZýMA,Viktor BERáNEK,0,0,38,25,0,0,0,0,0,0,Ball 1.,Základní část
197024,5,0,Petr ZýMA,Viktor BERáNEK,1,0,-5,46,0,0,0,0,0,0,Called Strike 1.,Základní část
197024,5,0,Petr ZýMA,Viktor BERáNEK,1,1,7,57,0,0,0,0,0,0,Foul.,Základní část
197024,5,0,Petr ZýMA,Viktor BERáNEK,1,2,38,12,0,0,0,0,0,0,Ball 2.,Základní část
197024,5,0,Petr ZýMA,Viktor BERáNEK,2,2,-8,26,0,0,98,0,0,0,ZýMA Petr grounds out 6-3. 1 out.,Základní část
197024,5,1,Jan MULAč,Viktor BERáNEK,0,0,15,26,0,0,0,0,0,0,Foul.,Základní část
197024,5,1,Jan MULAč,Viktor BERáNEK,0,1,33,19,0,0,0,0,0,0,Ball 1.,Základní část
197024,5,1,Jan MULAč,Viktor BERáNEK,1,1,-7,38,0,0,0,0,0,0,Called Strike 2.,Základní část
197024,5,1,Jan MULAč,Viktor BERáNEK,1,2,0,49,0,0,0,0,0,0,Foul.,Základní část
197024,5,1,Jan MULAč,Viktor BERáNEK,1,2,34,56,0,0,0,0,0,0,Ball 2.,Základní část
197024,5,1,Jan MULAč,Viktor BERáNEK,2,2,-1,38,0,0,0,0,0,0,MULAč Jan strikes out swinging. 2 out.,Základní část
197024,5,2,Jan HOJDA,Viktor BERáNEK,0,0,33,31,0,0,0,0,0,0,Ball 1.,Základní část
197024,5,2,Jan HOJDA,Viktor BERáNEK,1,0,12,41,0,0,0,0,0,0,Called Strike 1.,Základní část
197024,5,2,Jan HOJDA,Viktor BERáNEK,1,1,1,29,0,0,0,0,0,0,Called Strike 2.,Základní část
197024,5,2,Jan HOJDA,Viktor BERáNEK,1,2,-9,45,0,0,170,1,0,0,HOJDA Jan singles to left center.,Základní část
197024,5,2,Aleš PRANDžEV,Viktor BERáNEK,0,0,36,60,0,0,0,0,0,0,Ball 1.,Základní část
197024,5,2,Aleš PRANDžEV,Viktor BERáNEK,1,0,34,49,0,0,0,0,0,0,Ball 2.,Základní část
197024,5,2,Aleš PRANDžEV,Viktor BERáNEK,2,0,6,43,0,0,0,0,0,0,Called Strike 1.,Základní část
197024,5,2,Aleš PRANDžEV,Viktor BERáNEK,2,1,0,0,0,0,0,0,0,0,Pickoff Attempt at 1st,Základní část
197024,5,2,Aleš PRANDžEV,Viktor BERáNEK,2,1,39,19,0,0,0,0,0,0,Ball 3.,Základní část
197024,5,2,Aleš PRANDžEV,Viktor BERáNEK,3,1,7,51,0,0,186,0,0,0,PRANDžEV Aleš flies out down right field line.  F9. 3 out.,Základní část
197024,5,0,Lukáš DERGANZ,Viktor BERáNEK,0,0,0,0,0,0,0,0,0,0,"Middle of the 5th<br>0 runs, 1 lob",Základní část
197024,6,0,Lukáš DERGANZ,Viktor BERáNEK,0,0,39,40,0,0,0,0,0,0,Ball 1.,Základní část
197024,6,0,Lukáš DERGANZ,Viktor BERáNEK,1,0,-15,24,0,0,0,0,0,0,Foul.,Základní část
197024,6,0,Lukáš DERGANZ,Viktor BERáNEK,1,1,-12,18,0,0,0,0,0,0,Called Strike 2.,Základní část
197024,6,0,Lukáš DERGANZ,Viktor BERáNEK,1,2,36,1,0,0,0,0,0,0,Ball 2.,Základní část
197024,6,0,Lukáš DERGANZ,Viktor BERáNEK,2,2,32,25,0,0,0,0,0,0,Ball 3.,Základní část
197024,6,0,Lukáš DERGANZ,Viktor BERáNEK,3,2,34,26,0,0,0,0,1,0,DERGANZ Lukáš walks.,Základní část
197024,6,0,Marek SLABý,Viktor BERáNEK,0,0,39,43,0,0,0,0,0,0,Ball 1.,Základní část
197024,6,0,Marek SLABý,Viktor BERáNEK,1,0,38,5,0,0,0,0,0,0,Ball 2.,Základní část
197024,6,0,Marek SLABý,Viktor BERáNEK,2,0,0,0,0,0,0,0,0,0,Catcher Pickoff Attempt at 1st,Základní část
197024,6,0,Marek SLABý,Viktor BERáNEK,2,0,19,48,0,0,0,0,0,0,Called Strike 1.,Základní část
197024,6,0,Marek SLABý,Viktor BERáNEK,2,1,3,37,0,0,0,0,0,0,Foul.,Základní část
197024,6,0,Marek SLABý,Viktor BERáNEK,2,2,33,26,0,0,0,0,0,0,Ball 3.,Základní část
197024,6,0,Marek SLABý,Viktor BERáNEK,3,2,37,64,0,0,0,0,1,0,SLABý Marek walks. DERGANZ Lukáš to 2nd.,Základní část
197024,6,0,Neznámý,Neznámý,0,0,0,0,0,0,0,0,0,0,Pitching Change: #29 JOHNSON for #4 BERáNEK,Základní část
197024,6,0,Michal ANTOň,Ryan JOHNSON,0,0,0,0,0,0,0,0,0,0,Pickoff Attempt at 2nd,Základní část
197024,6,0,Michal ANTOň,Ryan JOHNSON,0,0,-14,13,0,0,38,0,0,0,ANTOň Michal out on sacrifice hit 13. Bunt. DERGANZ Lukáš to 3rd. SLABý Marek to 2nd. 1 out.,Základní část
197024,6,1,Filip KUBíčEK,Ryan JOHNSON,0,0,39,6,0,0,0,0,0,0,Ball 1.,Základní část
197024,6,1,Filip KUBíčEK,Ryan JOHNSON,1,0,35,52,0,0,0,0,0,0,Ball 2.,Základní část
197024,6,1,Filip KUBíčEK,Ryan JOHNSON,2,0,-10,32,0,0,0,0,0,0,Called Strike 1.,Základní část
197024,6,1,Filip KUBíčEK,Ryan JOHNSON,2,1,-13,56,0,0,0,0,0,0,Foul.,Základní část
197024,6,1,Filip KUBíčEK,Ryan JOHNSON,2,2,35,4,0,0,0,0,0,0,Ball 3.,Základní část
197024,6,1,Filip KUBíčEK,Ryan JOHNSON,3,2,-20,51,0,0,252,0,0,1,KUBíčEK Filip flies out to deep left field.  Sacrifice Fly.  SF7. DERGANZ Lukáš scores. SLABý Marek to 3rd. 2 out. 1 RBI.,Základní část
197024,6,2,Koya UEMURA,Ryan JOHNSON,0,0,14,18,0,0,0,0,0,0,Called Strike 1.,Základní část
197024,6,2,Koya UEMURA,Ryan JOHNSON,0,1,5,32,0,0,0,0,0,0,Swinging Strike 2.,Základní část
197024,6,2,Koya UEMURA,Ryan JOHNSON,0,2,32,14,0,0,0,0,0,0,Ball 1.,Základní část
197024,6,2,Koya UEMURA,Ryan JOHNSON,1,2,-15,53,0,0,150,1,0,1,UEMURA Koya singles to shortstop. SLABý Marek scores. 1 RBI.,Základní část
197024,6,2,Petr ZýMA,Ryan JOHNSON,0,0,-15,48,0,0,0,0,0,0,Called Strike 1.,Základní část
197024,6,2,Petr ZýMA,Ryan JOHNSON,0,1,19,46,0,0,229,1,0,1,ZýMA Petr doubles to right center. UEMURA Koya scores. 1 RBI.,Základní část
197024,6,2,Jan MULAč,Ryan JOHNSON,0,0,-10,16,0,0,77,0,0,0,MULAč Jan grounds out 5-3. 3 out.,Základní část
197024,6,0,Jan HOJDA,Ryan JOHNSON,0,0,0,0,0,0,0,0,0,0,"Middle of the 6th<br>3 runs, 1 lob",Základní část
197024,7,0,Jan HOJDA,Ryan JOHNSON,0,0,3,31,0,0,0,0,0,0,Swinging Strike 1.,Základní část
197024,7,0,Jan HOJDA,Ryan JOHNSON,0,1,11,12,0,0,0,0,0,0,Swinging Strike 2.,Základní část
197024,7,0,Jan HOJDA,Ryan JOHNSON,0,2,36,31,0,0,0,0,0,0,Ball 1.,Základní část
197024,7,0,Jan HOJDA,Ryan JOHNSON,1,2,37,11,0,0,0,0,0,0,Ball 2.,Základní část
197024,7,0,Jan HOJDA,Ryan JOHNSON,2,2,33,12,0,0,0,0,0,0,Ball 3.,Základní část
197024,7,0,Jan HOJDA,Ryan JOHNSON,3,2,19,44,0,0,0,0,0,0,HOJDA Jan strikes out swinging. 1 out.,Základní část
197024,7,1,Aleš PRANDžEV,Ryan JOHNSON,0,0,36,26,0,0,0,0,0,0,Ball 1.,Základní část
197024,7,1,Aleš PRANDžEV,Ryan JOHNSON,1,0,-2,17,0,0,0,0,0,0,Foul.,Základní část
197024,7,1,Aleš PRANDžEV,Ryan JOHNSON,1,1,8,30,0,0,0,0,0,0,Swinging Strike 2.,Základní část
197024,7,1,Aleš PRANDžEV,Ryan JOHNSON,1,2,36,38,0,0,0,0,0,0,Ball 2.,Základní část
197024,7,1,Aleš PRANDžEV,Ryan JOHNSON,2,2,-14,23,0,0,0,0,0,0,PRANDžEV Aleš strikes out looking. 2 out.,Základní část
197024,7,2,Lukáš DERGANZ,Ryan JOHNSON,0,0,38,30,0,0,0,0,0,0,Ball 1.,Základní část
197024,7,2,Lukáš DERGANZ,Ryan JOHNSON,1,0,0,33,0,0,0,0,0,0,Called Strike 1.,Základní část
197024,7,2,Lukáš DERGANZ,Ryan JOHNSON,1,1,33,25,0,0,0,0,0,0,Ball 2.,Základní část
197024,7,2,Lukáš DERGANZ,Ryan JOHNSON,2,1,-12,51,0,0,0,0,0,0,Swinging Strike 2.,Základní část
197024,7,2,Lukáš DERGANZ,Ryan JOHNSON,2,2,34,15,0,0,0,0,0,0,Ball 3.,Základní část
197024,7,2,Lukáš DERGANZ,Ryan JOHNSON,3,2,36,53,0,0,0,0,1,0,DERGANZ Lukáš walks.,Základní část
197024,7,2,Marek SLABý,Ryan JOHNSON,0,0,0,0,0,0,0,0,0,0,Pickoff Attempt at 1st,Základní část
197024,7,2,Marek SLABý,Ryan JOHNSON,0,0,32,49,0,0,0,0,0,0,Ball 1.,Základní část
197024,7,2,Marek SLABý,Ryan JOHNSON,1,0,4,27,0,0,0,0,0,0,Called Strike 1.,Základní část
197024,7,2,Marek SLABý,Ryan JOHNSON,1,1,8,22,0,0,0,0,0,0,Called Strike 2. DERGANZ Lukáš to 2nd on . DERGANZ Lukáš  out at 2nd CS26.  3 out.,Základní část
197024,7,0,Marek SLABý,Ryan JOHNSON,0,0,0,0,0,0,0,0,0,0,"Middle of the 7th<br>0 runs, 0 lob",Základní část
197024,8,0,Marek SLABý,Ryan JOHNSON,0,0,36,28,0,0,0,0,0,0,Ball 1.,Základní část
197024,8,0,Marek SLABý,Ryan JOHNSON,1,0,38,3,0,0,0,0,0,0,Ball 2.,Základní část
197024,8,0,Marek SLABý,Ryan JOHNSON,2,0,37,42,0,0,0,0,0,0,Ball 3.,Základní část
197024,8,0,Marek SLABý,Ryan JOHNSON,3,0,34,36,0,0,0,0,1,0,SLABý Marek walks.,Základní část
197024,8,0,Michal ANTOň,Ryan JOHNSON,0,0,-20,60,0,0,0,0,0,0,Called Strike 1.,Základní část
197024,8,0,Michal ANTOň,Ryan JOHNSON,0,1,0,0,0,0,0,0,0,0,Pickoff Attempt at 1st,Základní část
197024,8,0,Michal ANTOň,Ryan JOHNSON,0,1,32,9,0,0,0,0,0,0,Ball 1. SLABý Marek to 2nd on stolen base.,Základní část
197024,8,0,Michal ANTOň,Ryan JOHNSON,1,1,35,30,0,0,0,0,0,0,Ball 2.,Základní část
197024,8,0,Michal ANTOň,Ryan JOHNSON,2,1,-11,16,0,0,0,0,0,0,Called Strike 2.,Základní část
197024,8,0,Michal ANTOň,Ryan JOHNSON,2,2,-14,22,0,0,72,0,0,0,ANTOň Michal grounds out 5-3. SLABý Marek to 3rd. 1 out.,Základní část
197024,8,1,Filip KUBíčEK,Ryan JOHNSON,0,0,33,38,0,0,0,0,0,0,Ball 1.,Základní část
197024,8,1,Filip KUBíčEK,Ryan JOHNSON,1,0,-16,25,0,0,179,1,0,1,KUBíčEK Filip singles up the middle. SLABý Marek scores. 1 RBI.,Základní část
197024,8,1,Koya UEMURA,Ryan JOHNSON,0,0,31,36,0,0,0,0,0,0,Ball 1.,Základní část
197024,8,1,Koya UEMURA,Ryan JOHNSON,1,0,30,62,0,0,0,0,0,0,Ball 2. KUBíčEK Filip to 2nd on passed ball.,Základní část
197024,8,1,Koya UEMURA,Ryan JOHNSON,2,0,8,27,0,0,0,0,0,0,Foul.,Základní část
197024,8,1,Koya UEMURA,Ryan JOHNSON,2,1,38,39,0,0,0,0,0,0,Ball 3.,Základní část
197024,8,1,Koya UEMURA,Ryan JOHNSON,3,1,9,58,0,0,78,0,0,0,UEMURA Koya flies out foul.  FP3. KUBíčEK Filip to 3rd. 2 out.,Základní část
197024,8,2,Petr ZýMA,Ryan JOHNSON,0,0,0,0,0,0,0,0,0,0,Coaching Visit,Základní část
197024,8,2,Petr ZýMA,Ryan JOHNSON,0,0,36,45,0,0,0,0,0,0,Ball 1.,Základní část
197024,8,2,Petr ZýMA,Ryan JOHNSON,1,0,34,49,0,0,0,0,0,0,Ball 2.,Základní část
197024,8,2,Petr ZýMA,Ryan JOHNSON,2,0,34,8,0,0,0,0,0,0,Ball 3.,Základní část
197024,8,2,Petr ZýMA,Ryan JOHNSON,3,0,-15,17,0,0,0,0,0,0,Called Strike 1.,Základní část
197024,8,2,Petr ZýMA,Ryan JOHNSON,3,1,31,9,0,0,0,0,1,0,ZýMA Petr walks.,Základní část
197024,8,2,Jan MULAč,Ryan JOHNSON,0,0,5,47,0,0,0,0,0,0,Called Strike 1.,Základní část
197024,8,2,Jan MULAč,Ryan JOHNSON,0,1,-10,56,0,0,226,0,0,0,MULAč Jan flies out to left field.  F7. 3 out.,Základní část
197024,8,0,Jan HOJDA,Ryan JOHNSON,0,0,0,0,0,0,0,0,0,0,"Middle of the 8th<br>1 runs, 2 lob",Základní část
197024,9,0,Jan HOJDA,Ryan JOHNSON,0,0,32,28,0,0,0,0,0,0,Ball 1.,Základní část
197024,9,0,Jan HOJDA,Ryan JOHNSON,1,0,6,53,0,0,167,1,0,0,HOJDA Jan singles to center field.,Základní část
197024,9,0,Aleš PRANDžEV,Ryan JOHNSON,0,0,34,23,0,0,0,0,0,0,Ball 1.,Základní část
197024,9,0,Aleš PRANDžEV,Ryan JOHNSON,1,0,39,53,0,0,0,0,0,0,Ball 2.,Základní část
197024,9,0,Aleš PRANDžEV,Ryan JOHNSON,2,0,17,34,0,0,0,0,0,0,Foul.,Základní část
197024,9,0,Aleš PRANDžEV,Ryan JOHNSON,2,1,36,13,0,0,0,0,0,0,Ball 3.,Základní část
197024,9,0,Aleš PRANDžEV,Ryan JOHNSON,3,1,17,39,0,0,30,0,0,0,PRANDžEV Aleš out on sacrifice hit 13. Bunt. HOJDA Jan to 2nd. 1 out.,Základní část
197024,9,1,Lukáš DERGANZ,Ryan JOHNSON,0,0,31,40,0,0,0,0,0,0,Ball 1.,Základní část
197024,9,1,Lukáš DERGANZ,Ryan JOHNSON,1,0,-7,44,0,0,0,0,0,0,Swinging Strike 1.,Základní část
197024,9,1,Lukáš DERGANZ,Ryan JOHNSON,1,1,-15,22,0,0,0,0,0,0,Foul.,Základní část
197024,9,1,Lukáš DERGANZ,Ryan JOHNSON,1,2,3,47,0,0,0,0,0,0,DERGANZ Lukáš strikes out swinging. 2 out.,Základní část
197024,9,2,Marek SLABý,Ryan JOHNSON,0,0,17,26,0,0,0,0,0,0,Called Strike 1.,Základní část
197024,9,2,Marek SLABý,Ryan JOHNSON,0,1,35,36,0,0,0,0,0,0,Ball 1.,Základní část
197024,9,2,Marek SLABý,Ryan JOHNSON,1,1,-8,11,0,0,101,0,0,0,SLABý Marek grounds out 6-3. 3 out.,Základní část
197024,9,0,Michal ANTOň,Ryan JOHNSON,0,0,0,0,0,0,0,0,0,0,"Middle of the 9th<br>0 runs, 1 lob",Základní část
197028,1,0,Marek SLABý,Ondřej SATORIA,0,0,-8,45,0,0,0,0,0,0,Swinging Strike 1.,Základní část
197028,1,0,Marek SLABý,Ondřej SATORIA,0,1,13,58,0,0,226,0,0,0,SLABý Marek flies out to right field.  F9. 1 out.,Základní část
197028,1,1,Koya UEMURA,Ondřej SATORIA,0,0,7,31,0,0,0,0,0,0,Called Strike 1.,Základní část
197028,1,1,Koya UEMURA,Ondřej SATORIA,0,1,-5,22,0,0,0,0,0,0,Called Strike 2.,Základní část
197028,1,1,Koya UEMURA,Ondřej SATORIA,0,2,4,57,0,0,179,1,0,0,UEMURA Koya singles to center field.,Základní část
197028,1,1,Jan MULAč,Ondřej SATORIA,0,0,32,38,0,0,0,0,0,0,Ball 1.,Základní část
197028,1,1,Jan MULAč,Ondřej SATORIA,1,0,39,22,0,0,0,0,0,0,Ball 2.,Základní část
197028,1,1,Jan MULAč,Ondřej SATORIA,2,0,-7,57,0,0,235,1,0,0,MULAč Jan doubles down left field line. UEMURA Koya to 3rd.,Základní část
197028,1,1,Filip KUBíčEK,Ondřej SATORIA,0,0,32,22,0,0,0,0,0,0,Ball 1.,Základní část
197028,1,1,Filip KUBíčEK,Ondřej SATORIA,1,0,-19,16,0,0,0,0,0,0,Swinging Strike 1.,Základní část
197028,1,1,Filip KUBíčEK,Ondřej SATORIA,1,1,31,45,0,0,0,0,0,0,Ball 2.,Základní část
197028,1,1,Filip KUBíčEK,Ondřej SATORIA,2,1,19,47,0,0,0,0,0,0,Called Strike 2.,Základní část
197028,1,1,Filip KUBíčEK,Ondřej SATORIA,2,2,6,56,0,0,0,0,0,0,KUBíčEK Filip strikes out looking. 2 out.,Základní část
197028,1,2,Kryštof LUKAVSKý,Ondřej SATORIA,0,0,7,12,0,0,0,0,0,0,Called Strike 1.,Základní část
197028,1,2,Kryštof LUKAVSKý,Ondřej SATORIA,0,1,-16,58,0,0,0,0,0,0,Swinging Strike 2.,Základní část
197028,1,2,Kryštof LUKAVSKý,Ondřej SATORIA,0,2,6,13,0,0,0,0,0,0,LUKAVSKý Kryštof strikes out swinging. 3 out.,Základní část
197028,1,0,Jan HOJDA,Ondřej SATORIA,0,0,0,0,0,0,0,0,0,0,"End of the 1st<br>0 runs, 2 lob",Základní část
197028,2,0,Jan HOJDA,Ondřej SATORIA,0,0,-14,17,0,0,0,0,0,0,Foul.,Základní část
197028,2,0,Jan HOJDA,Ondřej SATORIA,0,1,33,35,0,0,0,0,0,0,Ball 1.,Základní část
197028,2,0,Jan HOJDA,Ondřej SATORIA,1,1,-14,23,0,0,113,0,0,0,HOJDA Jan grounds out 6-3. 1 out.,Základní část
197028,2,1,Matyáš SMOLA,Ondřej SATORIA,0,0,-14,17,0,0,0,0,0,0,Called Strike 1.,Základní část
197028,2,1,Matyáš SMOLA,Ondřej SATORIA,0,1,-4,22,0,0,113,0,0,0,SMOLA Matyáš grounds out 6-3. 2 out.,Základní část
197028,2,2,Filip NěMEC,Ondřej SATORIA,0,0,39,35,0,0,0,0,0,0,Ball 1.,Základní část
197028,2,2,Filip NěMEC,Ondřej SATORIA,1,0,-2,49,0,0,0,0,0,0,Foul.,Základní část
197028,2,2,Filip NěMEC,Ondřej SATORIA,1,1,33,56,0,0,0,0,0,0,Ball 2.,Základní část
197028,2,2,Filip NěMEC,Ondřej SATORIA,2,1,38,68,0,0,0,0,0,0,Ball 3.,Základní část
197028,2,2,Filip NěMEC,Ondřej SATORIA,3,1,0,50,0,0,0,0,0,0,Called Strike 2.,Základní část
197028,2,2,Filip NěMEC,Ondřej SATORIA,3,2,37,1,0,0,0,0,1,0,NěMEC Filip walks.,Základní část
197028,2,2,Lukáš DERGANZ,Ondřej SATORIA,0,0,35,7,0,0,0,0,0,0,Ball 1.,Základní část
197028,2,2,Lukáš DERGANZ,Ondřej SATORIA,1,0,0,0,0,0,0,0,0,0,NěMEC Filip  out at 1st PO13.  3 out.,Základní část
197028,2,0,Lukáš DERGANZ,Ondřej SATORIA,0,0,0,0,0,0,0,0,0,0,"End of the 2nd<br>0 runs, 0 lob",Základní část
197028,3,0,Lukáš DERGANZ,Ondřej SATORIA,0,0,11,46,0,0,0,0,0,0,Called Strike 1.,Základní část
197028,3,0,Lukáš DERGANZ,Ondřej SATORIA,0,1,35,28,0,0,0,0,0,0,Ball 1.,Základní část
197028,3,0,Lukáš DERGANZ,Ondřej SATORIA,1,1,32,50,0,0,0,0,0,0,Ball 2.,Základní část
197028,3,0,Lukáš DERGANZ,Ondřej SATORIA,2,1,-19,49,0,0,253,0,0,0,DERGANZ Lukáš flies out to deep center field.  F8. 1 out.,Základní část
197028,3,1,Marek SLABý,Ondřej SATORIA,0,0,-17,18,0,0,19,0,0,0,SLABý Marek grounds out. Bunt 2-3. 2 out.,Základní část
197028,3,2,Koya UEMURA,Ondřej SATORIA,0,0,35,42,0,0,0,0,0,0,Ball 1.,Základní část
197028,3,2,Koya UEMURA,Ondřej SATORIA,1,0,-11,31,0,0,0,0,0,0,Called Strike 1.,Základní část
197028,3,2,Koya UEMURA,Ondřej SATORIA,1,1,-15,16,0,0,0,0,0,0,Swinging Strike 2.,Základní část
197028,3,2,Koya UEMURA,Ondřej SATORIA,1,2,-12,52,0,0,226,0,0,0,UEMURA Koya flies out to center field.  F8. 3 out.,Základní část
197028,3,0,Jan MULAč,Ondřej SATORIA,0,0,0,0,0,0,0,0,0,0,"End of the 3rd<br>0 runs, 0 lob",Základní část
197028,4,0,Jan MULAč,Ondřej SATORIA,0,0,-19,34,0,0,0,0,0,0,Foul.,Základní část
197028,4,0,Jan MULAč,Ondřej SATORIA,0,1,3,39,0,0,0,0,0,0,Called Strike 2.,Základní část
197028,4,0,Jan MULAč,Ondřej SATORIA,0,2,-14,40,0,0,0,0,0,0,Foul.,Základní část
197028,4,0,Jan MULAč,Ondřej SATORIA,0,2,11,16,0,0,113,0,0,0,MULAč Jan grounds out 4-3. 1 out.,Základní část
197028,4,1,Filip KUBíčEK,Ondřej SATORIA,0,0,35,53,0,0,0,0,0,0,Ball 1.,Základní část
197028,4,1,Filip KUBíčEK,Ondřej SATORIA,1,0,-12,28,0,0,94,0,0,0,KUBíčEK Filip grounds out 5-3. 2 out.,Základní část
197028,4,2,Kryštof LUKAVSKý,Ondřej SATORIA,0,0,-15,28,0,0,0,0,0,0,Called Strike 1.,Základní část
197028,4,2,Kryštof LUKAVSKý,Ondřej SATORIA,0,1,38,17,0,0,0,0,0,0,Ball 1.,Základní část
197028,4,2,Kryštof LUKAVSKý,Ondřej SATORIA,1,1,0,30,0,0,0,0,0,0,Called Strike 2.,Základní část
197028,4,2,Kryštof LUKAVSKý,Ondřej SATORIA,1,2,16,52,0,0,0,0,0,0,Foul.,Základní část
197028,4,2,Kryštof LUKAVSKý,Ondřej SATORIA,1,2,-7,37,0,0,0,0,0,0,LUKAVSKý Kryštof strikes out swinging. 3 out.,Základní část
197028,4,0,Jan HOJDA,Ondřej SATORIA,0,0,0,0,0,0,0,0,0,0,"End of the 4th<br>0 runs, 0 lob",Základní část
197028,5,0,Jan HOJDA,Ondřej SATORIA,0,0,5,37,0,0,0,0,0,0,Called Strike 1.,Základní část
197028,5,0,Jan HOJDA,Ondřej SATORIA,0,1,-10,44,0,0,0,0,0,0,Swinging Strike 2.,Základní část
197028,5,0,Jan HOJDA,Ondřej SATORIA,0,2,36,18,0,0,0,0,0,0,Ball 1.,Základní část
197028,5,0,Jan HOJDA,Ondřej SATORIA,1,2,38,21,0,0,0,0,0,0,Ball 2.,Základní část
197028,5,0,Jan HOJDA,Ondřej SATORIA,2,2,1,43,0,0,0,0,0,0,HOJDA Jan strikes out swinging. 1 out.,Základní část
197028,5,1,Matyáš SMOLA,Ondřej SATORIA,0,0,-11,52,0,0,160,0,0,0,SMOLA Matyáš flies out to left field.  F6. 2 out.,Základní část
197028,5,2,Filip NěMEC,Ondřej SATORIA,0,0,30,69,0,0,0,0,0,0,Ball 1.,Základní část
197028,5,2,Filip NěMEC,Ondřej SATORIA,1,0,17,59,0,0,0,0,0,0,Foul.,Základní část
197028,5,2,Filip NěMEC,Ondřej SATORIA,1,1,39,24,0,0,0,0,0,0,Ball 2.,Základní část
197028,5,2,Filip NěMEC,Ondřej SATORIA,2,1,-8,30,0,0,0,0,0,0,Foul.,Základní část
197028,5,2,Filip NěMEC,Ondřej SATORIA,2,2,35,18,0,0,0,0,0,0,Ball 3.,Základní část
197028,5,2,Filip NěMEC,Ondřej SATORIA,3,2,-11,37,0,0,0,0,0,0,NěMEC Filip strikes out swinging. 3 out.,Základní část
197028,5,0,Lukáš DERGANZ,Ondřej SATORIA,0,0,0,0,0,0,0,0,0,0,"End of the 5th<br>0 runs, 0 lob",Základní část
197028,6,0,Lukáš DERGANZ,Ondřej SATORIA,0,0,39,21,0,0,0,0,0,0,Ball 1.,Základní část
197028,6,0,Lukáš DERGANZ,Ondřej SATORIA,1,0,7,47,0,0,258,0,0,0,DERGANZ Lukáš flies out to deep center field.  F8. 1 out.,Základní část
197028,6,1,Marek SLABý,Ondřej SATORIA,0,0,30,23,0,0,0,0,0,0,Ball 1.,Základní část
197028,6,1,Marek SLABý,Ondřej SATORIA,1,0,13,24,0,0,0,0,0,0,Called Strike 1.,Základní část
197028,6,1,Marek SLABý,Ondřej SATORIA,1,1,-9,59,0,0,226,0,0,0,SLABý Marek flies out to left field.  F7. 2 out.,Základní část
197028,6,2,Koya UEMURA,Ondřej SATORIA,0,0,30,69,0,0,0,0,0,0,Ball 1.,Základní část
197028,6,2,Koya UEMURA,Ondřej SATORIA,1,0,38,66,0,0,0,0,0,0,Ball 2.,Základní část
197028,6,2,Koya UEMURA,Ondřej SATORIA,2,0,-9,36,0,0,0,0,0,0,Called Strike 1.,Základní část
197028,6,2,Koya UEMURA,Ondřej SATORIA,2,1,-17,54,0,0,286,1,0,1,UEMURA Koya homers to deep center field. 1 RBI.,Základní část
197028,6,2,Jan MULAč,Ondřej SATORIA,0,0,-12,12,0,0,113,0,0,0,MULAč Jan grounds out 6-3. 3 out.,Základní část
197028,6,0,Filip KUBíčEK,Ondřej SATORIA,0,0,0,0,0,0,0,0,0,0,"End of the 6th<br>1 runs, 0 lob",Základní část
197028,7,0,Filip KUBíčEK,Ondřej SATORIA,0,0,8,52,0,0,226,0,0,0,KUBíčEK Filip flies out to right field.  F9. 1 out.,Základní část
197028,7,1,Kryštof LUKAVSKý,Ondřej SATORIA,0,0,-11,36,0,0,0,0,0,0,Foul.,Základní část
197028,7,1,Kryštof LUKAVSKý,Ondřej SATORIA,0,1,-17,35,0,0,0,0,0,0,Foul.,Základní část
197028,7,1,Kryštof LUKAVSKý,Ondřej SATORIA,0,2,16,22,0,0,0,0,0,0,Foul.,Základní část
197028,7,1,Kryštof LUKAVSKý,Ondřej SATORIA,0,2,19,48,0,0,244,1,0,0,LUKAVSKý Kryštof triples to right field.,Základní část
197028,7,1,Jan HOJDA,Ondřej SATORIA,0,0,33,14,0,0,0,0,0,0,Ball 1.,Základní část
197028,7,1,Jan HOJDA,Ondřej SATORIA,1,0,9,39,0,0,0,0,0,0,Called Strike 1.,Základní část
197028,7,1,Jan HOJDA,Ondřej SATORIA,1,1,31,5,0,0,0,0,0,0,Ball 2.,Základní část
197028,7,1,Jan HOJDA,Ondřej SATORIA,2,1,30,63,0,0,0,0,0,0,Ball 3. LUKAVSKý Kryštof scores on wild pitch.,Základní část
197028,7,1,Jan HOJDA,Ondřej SATORIA,3,1,39,54,0,0,0,0,1,0,HOJDA Jan walks.,Základní část
197028,7,1,Matyáš SMOLA,Ondřej SATORIA,0,0,-13,17,0,0,0,0,0,0,Called Strike 1.,Základní část
197028,7,1,Matyáš SMOLA,Ondřej SATORIA,0,1,0,0,0,0,0,0,0,0,Pickoff Attempt at 1st,Základní část
197028,7,1,Matyáš SMOLA,Ondřej SATORIA,0,1,7,15,0,0,0,0,0,0,Foul.,Základní část
197028,7,1,Matyáš SMOLA,Ondřej SATORIA,0,2,-5,19,0,0,94,0,0,0,SMOLA Matyáš reaches on fielders choice. HOJDA Jan  out at 2nd 54.  2 out.,Základní část
197028,7,2,Filip NěMEC,Ondřej SATORIA,0,0,34,2,0,0,0,0,0,0,Ball 1. SMOLA Matyáš to 2nd on . SMOLA Matyáš  out at 2nd CS24.  3 out.,Základní část
197028,7,0,Filip NěMEC,Ondřej SATORIA,0,0,0,0,0,0,0,0,0,0,"End of the 7th<br>1 runs, 0 lob",Základní část
197028,8,0,Marian HARIG,Neznámý,0,0,0,0,0,0,0,0,0,0,Pitching Change: #9 NOVOTNý for #21 SATORIA,Základní část
197028,8,0,Filip NěMEC,Matyáš NOVOTNý,0,0,31,41,0,0,0,0,0,0,Ball 1.,Základní část
197028,8,0,Filip NěMEC,Matyáš NOVOTNý,1,0,-13,35,0,0,0,0,0,0,Swinging Strike 1.,Základní část
197028,8,0,Filip NěMEC,Matyáš NOVOTNý,1,1,35,32,0,0,0,0,0,0,Ball 2.,Základní část
197028,8,0,Filip NěMEC,Matyáš NOVOTNý,2,1,-17,19,0,0,113,0,0,0,NěMEC Filip reaches on throwing error. E6T.,Základní část
197028,8,0,Lukáš DERGANZ,Matyáš NOVOTNý,0,0,-1,15,0,0,0,0,0,0,Foul.,Základní část
197028,8,0,Lukáš DERGANZ,Matyáš NOVOTNý,0,1,-14,44,0,0,0,0,0,0,Called Strike 2.,Základní část
197028,8,0,Lukáš DERGANZ,Matyáš NOVOTNý,0,2,-1,18,0,0,0,0,0,0,DERGANZ Lukáš strikes out swinging. 1 out.,Základní část
197028,8,1,Marek SLABý,Matyáš NOVOTNý,0,0,0,0,0,0,0,0,0,0,Pickoff Attempt at 1st,Základní část
197028,8,1,Marek SLABý,Matyáš NOVOTNý,0,0,13,43,0,0,0,0,0,0,Called Strike 1.,Základní část
197028,8,1,Marek SLABý,Matyáš NOVOTNý,0,1,-13,45,0,0,0,0,0,0,Called Strike 2.,Základní část
197028,8,1,Marek SLABý,Matyáš NOVOTNý,0,2,3,21,0,0,0,0,0,0,SLABý Marek strikes out swinging. 2 out.,Základní část
197028,8,2,Koya UEMURA,Matyáš NOVOTNý,0,0,39,69,0,0,0,0,0,0,Ball 1.,Základní část
197028,8,2,Koya UEMURA,Matyáš NOVOTNý,1,0,38,30,0,0,0,0,0,0,Ball 2.,Základní část
197028,8,2,Koya UEMURA,Matyáš NOVOTNý,2,0,-2,22,0,0,0,0,0,0,Called Strike 1.,Základní část
197028,8,2,Koya UEMURA,Matyáš NOVOTNý,2,1,36,61,0,0,0,0,0,0,Ball 3.,Základní část
197028,8,2,Koya UEMURA,Matyáš NOVOTNý,3,1,-16,41,0,0,0,0,0,0,Called Strike 2.,Základní část
197028,8,2,Koya UEMURA,Matyáš NOVOTNý,3,2,31,10,0,0,0,0,1,0,UEMURA Koya walks. NěMEC Filip to 2nd.,Základní část
197028,8,2,Jan MULAč,Matyáš NOVOTNý,0,0,39,14,0,0,0,0,0,0,Ball 1.,Základní část
197028,8,2,Jan MULAč,Matyáš NOVOTNý,1,0,9,55,0,0,0,0,0,0,Swinging Strike 1.,Základní část
197028,8,2,Jan MULAč,Matyáš NOVOTNý,1,1,-5,47,0,0,0,0,0,0,Swinging Strike 2.,Základní část
197028,8,2,Jan MULAč,Matyáš NOVOTNý,1,2,35,6,0,0,0,0,0,0,Ball 2.,Základní část
197028,8,2,Jan MULAč,Matyáš NOVOTNý,2,2,-15,47,0,0,0,0,0,0,MULAč Jan strikes out swinging. 3 out.,Základní část
197028,8,0,Filip KUBíčEK,Matyáš NOVOTNý,0,0,0,0,0,0,0,0,0,0,"End of the 8th<br>0 runs, 2 lob",Základní část
197028,9,0,Filip KUBíčEK,Matyáš NOVOTNý,0,0,-19,44,0,0,0,0,0,0,Called Strike 1.,Základní část
197028,9,0,Filip KUBíčEK,Matyáš NOVOTNý,0,1,15,61,0,0,0,0,0,0,Foul.,Základní část
197028,9,0,Filip KUBíčEK,Matyáš NOVOTNý,0,2,33,29,0,0,0,0,0,0,Ball 1.,Základní část
197028,9,0,Filip KUBíčEK,Matyáš NOVOTNý,1,2,-14,13,0,0,113,0,0,0,KUBíčEK Filip grounds out 6-3. 1 out.,Základní část
197028,9,1,Kryštof LUKAVSKý,Matyáš NOVOTNý,0,0,33,69,0,0,0,0,0,0,Ball 1.,Základní část
197028,9,1,Kryštof LUKAVSKý,Matyáš NOVOTNý,1,0,-11,40,0,0,0,0,0,0,Foul.,Základní část
197028,9,1,Kryštof LUKAVSKý,Matyáš NOVOTNý,1,1,-20,54,0,0,56,0,0,0,LUKAVSKý Kryštof flies out foul.  FP5. 2 out.,Základní část
197028,9,2,Jan HOJDA,Matyáš NOVOTNý,0,0,-20,54,0,0,0,0,0,0,Called Strike 1.,Základní část
197028,9,2,Jan HOJDA,Matyáš NOVOTNý,0,1,-6,52,0,0,0,0,0,0,Called Strike 2.,Základní část
197028,9,2,Jan HOJDA,Matyáš NOVOTNý,0,2,33,47,0,0,0,0,0,0,Ball 1.,Základní část
197028,9,2,Jan HOJDA,Matyáš NOVOTNý,1,2,33,64,0,0,0,0,0,0,Ball 2.,Základní část
197028,9,2,Jan HOJDA,Matyáš NOVOTNý,2,2,-8,21,0,0,113,0,0,0,HOJDA Jan grounds out 6-3. 3 out.,Základní část
197028,9,0,Matyáš SMOLA,Matyáš NOVOTNý,0,0,0,0,0,0,0,0,0,0,GAME OVER<br>ARR wins 5-2<br>Win: SATORIA<br>Loss: LEMMON<br>Save: NOVOTNý,Základní část
197862,1,0,Marek SLABý,Alexandr ŠíN,0,0,33,17,0,0,0,0,0,0,Ball 1.,Základní část
197862,1,0,Marek SLABý,Alexandr ŠíN,1,0,13,12,0,0,0,0,0,0,Called Strike 1.,Základní část
197862,1,0,Marek SLABý,Alexandr ŠíN,1,1,34,50,0,0,0,0,0,0,Ball 2.,Základní část
197862,1,0,Marek SLABý,Alexandr ŠíN,2,1,16,58,0,0,0,0,0,0,Called Strike 2.,Základní část
197862,1,0,Marek SLABý,Alexandr ŠíN,2,2,-2,25,0,0,0,0,0,0,Foul.,Základní část
197862,1,0,Marek SLABý,Alexandr ŠíN,2,2,-4,27,0,0,113,0,0,0,SLABý Marek grounds out 6-3. 1 out.,Základní část
197862,1,1,Koya UEMURA,Alexandr ŠíN,0,0,10,58,0,0,0,0,0,0,Called Strike 1.,Základní část
197862,1,1,Koya UEMURA,Alexandr ŠíN,0,1,38,8,0,0,0,0,0,0,Ball 1.,Základní část
197862,1,1,Koya UEMURA,Alexandr ŠíN,1,1,-17,21,0,0,0,0,0,0,Called Strike 2.,Základní část
197862,1,1,Koya UEMURA,Alexandr ŠíN,1,2,17,58,0,0,226,0,0,0,UEMURA Koya flies out to right field.  F9. 2 out.,Základní část
197862,1,2,Jan MULAč,Alexandr ŠíN,0,0,-20,39,0,0,0,0,0,0,Foul.,Základní část
197862,1,2,Jan MULAč,Alexandr ŠíN,0,1,-8,26,0,0,0,0,0,0,Foul.,Základní část
197862,1,2,Jan MULAč,Alexandr ŠíN,0,2,6,45,0,0,196,0,0,0,MULAč Jan flies out to right field.  F9. 3 out.,Základní část
197862,1,0,Filip KUBíčEK,Alexandr ŠíN,0,0,0,0,0,0,0,0,0,0,"End of the 1st<br>0 runs, 0 lob",Základní část
197862,2,0,Filip KUBíčEK,Alexandr ŠíN,0,0,5,49,0,0,0,0,0,0,Called Strike 1.,Základní část
197862,2,0,Filip KUBíčEK,Alexandr ŠíN,0,1,38,64,0,0,0,0,0,0,Ball 1.,Základní část
197862,2,0,Filip KUBíčEK,Alexandr ŠíN,1,1,-20,57,0,0,226,0,0,0,KUBíčEK Filip flies out to center field.  F8. 1 out.,Základní část
197862,2,1,Kryštof LUKAVSKý,Alexandr ŠíN,0,0,18,40,0,0,0,0,0,0,Called Strike 1.,Základní část
197862,2,1,Kryštof LUKAVSKý,Alexandr ŠíN,0,1,-17,27,0,0,0,0,0,0,Foul.,Základní část
197862,2,1,Kryštof LUKAVSKý,Alexandr ŠíN,0,2,7,36,0,0,0,0,0,0,Foul.,Základní část
197862,2,1,Kryštof LUKAVSKý,Alexandr ŠíN,0,2,-11,10,0,0,61,0,0,0,LUKAVSKý Kryštof grounds out 5-3. 2 out.,Základní část
197862,2,2,Jan HOJDA,Alexandr ŠíN,0,0,17,32,0,0,0,0,0,0,Called Strike 1.,Základní část
197862,2,2,Jan HOJDA,Alexandr ŠíN,0,1,33,50,0,0,0,0,0,0,Ball 1.,Základní část
197862,2,2,Jan HOJDA,Alexandr ŠíN,1,1,0,29,0,0,0,0,0,0,Swinging Strike 2.,Základní část
197862,2,2,Jan HOJDA,Alexandr ŠíN,1,2,-10,46,0,0,226,0,0,0,HOJDA Jan flies out to left field.  F7. 3 out.,Základní část
197862,2,0,Filip NěMEC,Alexandr ŠíN,0,0,0,0,0,0,0,0,0,0,"End of the 2nd<br>0 runs, 0 lob",Základní část
197862,3,0,Filip NěMEC,Alexandr ŠíN,0,0,4,57,0,0,0,0,0,0,Swinging Strike 1.,Základní část
197862,3,0,Filip NěMEC,Alexandr ŠíN,0,1,13,39,0,0,0,0,0,0,Swinging Strike 2.,Základní část
197862,3,0,Filip NěMEC,Alexandr ŠíN,0,2,14,16,0,0,0,0,0,0,Foul.,Základní část
197862,3,0,Filip NěMEC,Alexandr ŠíN,0,2,36,10,0,0,0,0,0,0,Ball 1.,Základní část
197862,3,0,Filip NěMEC,Alexandr ŠíN,1,2,14,45,0,0,0,0,0,0,Foul.,Základní část
197862,3,0,Filip NěMEC,Alexandr ŠíN,1,2,-9,19,0,0,0,0,0,0,NěMEC Filip strikes out swinging. 1 out.,Základní část
197862,3,1,Aleš PRANDžEV,Alexandr ŠíN,0,0,34,35,0,0,0,0,0,0,Ball 1.,Základní část
197862,3,1,Aleš PRANDžEV,Alexandr ŠíN,1,0,31,8,0,0,0,0,0,0,Ball 2.,Základní část
197862,3,1,Aleš PRANDžEV,Alexandr ŠíN,2,0,12,56,0,0,0,0,0,0,Called Strike 1.,Základní část
197862,3,1,Aleš PRANDžEV,Alexandr ŠíN,2,1,2,45,0,0,0,0,0,0,Foul.,Základní část
197862,3,1,Aleš PRANDžEV,Alexandr ŠíN,2,2,18,48,0,0,0,0,0,0,Foul.,Základní část
197862,3,1,Aleš PRANDžEV,Alexandr ŠíN,2,2,-17,42,0,0,0,0,0,0,PRANDžEV Aleš strikes out swinging. 2 out.,Základní část
197862,3,2,Lukáš DERGANZ,Alexandr ŠíN,0,0,-1,22,0,0,0,0,0,0,Swinging Strike 1.,Základní část
197862,3,2,Lukáš DERGANZ,Alexandr ŠíN,0,1,36,49,0,0,0,0,0,0,Ball 1.,Základní část
197862,3,2,Lukáš DERGANZ,Alexandr ŠíN,1,1,-8,15,0,0,113,0,0,0,DERGANZ Lukáš grounds out 6-3. 3 out.,Základní část
197862,3,0,Marek SLABý,Alexandr ŠíN,0,0,0,0,0,0,0,0,0,0,"End of the 3rd<br>0 runs, 0 lob",Základní část
197862,4,0,Marek SLABý,Alexandr ŠíN,0,0,16,25,0,0,0,0,0,0,Called Strike 1.,Základní část
197862,4,0,Marek SLABý,Alexandr ŠíN,0,1,15,48,0,0,0,0,0,0,Called Strike 2.,Základní část
197862,4,0,Marek SLABý,Alexandr ŠíN,0,2,30,19,0,0,0,0,0,0,Ball 1.,Základní část
197862,4,0,Marek SLABý,Alexandr ŠíN,1,2,-11,51,0,0,71,0,0,0,SLABý Marek flies out.  F5. 1 out.,Základní část
197862,4,1,Koya UEMURA,Alexandr ŠíN,0,0,-8,54,0,0,0,0,0,0,Called Strike 1.,Základní část
197862,4,1,Koya UEMURA,Alexandr ŠíN,0,1,36,53,0,0,0,0,0,0,Ball 1.,Základní část
197862,4,1,Koya UEMURA,Alexandr ŠíN,1,1,-7,52,0,0,0,0,0,0,Foul.,Základní část
197862,4,1,Koya UEMURA,Alexandr ŠíN,1,2,-20,61,0,0,242,0,0,0,UEMURA Koya flies out to center field.  F8. 2 out.,Základní část
197862,4,2,Jan MULAč,Alexandr ŠíN,0,0,-16,11,0,0,113,0,0,0,MULAč Jan grounds out 6-3. 3 out.,Základní část
197862,4,0,Filip KUBíčEK,Alexandr ŠíN,0,0,0,0,0,0,0,0,0,0,"End of the 4th<br>0 runs, 0 lob",Základní část
197862,5,0,Filip KUBíčEK,Alexandr ŠíN,0,0,-14,40,0,0,0,0,0,0,Foul.,Základní část
197862,5,0,Filip KUBíčEK,Alexandr ŠíN,0,1,32,69,0,0,0,0,0,0,Ball 1.,Základní část
197862,5,0,Filip KUBíčEK,Alexandr ŠíN,1,1,-3,50,0,0,265,1,0,0,KUBíčEK Filip doubles to deep left center.,Základní část
197862,5,0,Kryštof LUKAVSKý,Alexandr ŠíN,0,0,-20,16,0,0,0,0,0,0,Called Strike 1.,Základní část
197862,5,0,Kryštof LUKAVSKý,Alexandr ŠíN,0,1,1,55,0,0,179,1,0,0,LUKAVSKý Kryštof singles to right field. KUBíčEK Filip to 3rd.,Základní část
197862,5,0,Jan HOJDA,Alexandr ŠíN,0,0,0,0,0,0,0,0,0,0,KUBíčEK Filip scores on E2T. LUKAVSKý Kryštof to 3rd on E2T.,Základní část
197862,5,0,Jan HOJDA,Alexandr ŠíN,0,0,39,23,0,0,0,0,0,0,Ball 1.,Základní část
197862,5,0,Jan HOJDA,Alexandr ŠíN,1,0,9,56,0,0,0,0,0,0,Swinging Strike 1.,Základní část
197862,5,0,Jan HOJDA,Alexandr ŠíN,1,1,7,30,0,0,0,0,0,0,Swinging Strike 2.,Základní část
197862,5,0,Jan HOJDA,Alexandr ŠíN,1,2,10,49,0,0,226,0,0,1,HOJDA Jan flies out to right field.  Sacrifice Fly.  SF9. LUKAVSKý Kryštof scores. 1 out. 1 RBI.,Základní část
197862,5,1,Filip NěMEC,Alexandr ŠíN,0,0,32,23,0,0,0,0,0,0,Ball 1.,Základní část
197862,5,1,Filip NěMEC,Alexandr ŠíN,1,0,14,34,0,0,0,0,0,0,Called Strike 1.,Základní část
197862,5,1,Filip NěMEC,Alexandr ŠíN,1,1,12,32,0,0,0,0,0,0,Swinging Strike 2.,Základní část
197862,5,1,Filip NěMEC,Alexandr ŠíN,1,2,4,49,0,0,200,1,0,0,NěMEC Filip singles to right center.,Základní část
197862,5,1,Aleš PRANDžEV,Alexandr ŠíN,0,0,-13,40,0,0,0,0,0,0,Called Strike 1.,Základní část
197862,5,1,Aleš PRANDžEV,Alexandr ŠíN,0,1,-13,37,0,0,0,0,0,0,Swinging Strike 2.,Základní část
197862,5,1,Aleš PRANDžEV,Alexandr ŠíN,0,2,5,64,0,0,67,0,0,0,PRANDžEV Aleš flies out.  L3. NěMEC Filip  out at 1st A3.  Double Play. 3 out.,Základní část
197862,5,0,Lukáš DERGANZ,Alexandr ŠíN,0,0,0,0,0,0,0,0,0,0,"End of the 5th<br>2 runs, 0 lob",Základní část
197862,6,0,Lukáš DERGANZ,Alexandr ŠíN,0,0,4,52,0,0,0,0,0,0,Swinging Strike 1.,Základní část
197862,6,0,Lukáš DERGANZ,Alexandr ŠíN,0,1,-19,19,0,0,94,0,0,0,DERGANZ Lukáš grounds out 5-3. 1 out.,Základní část
197862,6,1,Marek SLABý,Alexandr ŠíN,0,0,14,63,0,0,201,1,0,0,SLABý Marek singles to right field.,Základní část
197862,6,1,Koya UEMURA,Alexandr ŠíN,0,0,0,0,0,0,0,0,0,0,Pickoff Attempt at 1st,Základní část
197862,6,1,Koya UEMURA,Alexandr ŠíN,0,0,32,14,0,0,0,0,0,0,Ball 1. SLABý Marek to 2nd on stolen base.,Základní část
197862,6,1,Koya UEMURA,Alexandr ŠíN,1,0,34,63,0,0,0,0,0,0,Ball 2.,Základní část
197862,6,1,Koya UEMURA,Alexandr ŠíN,2,0,30,16,0,0,0,0,0,0,Ball 3.,Základní část
197862,6,1,Koya UEMURA,Alexandr ŠíN,3,0,35,38,0,0,0,0,1,0,UEMURA Koya walks. SLABý Marek to 3rd on wild pitch.,Základní část
197862,6,1,Jan MULAč,Alexandr ŠíN,0,0,0,0,0,0,0,0,0,0,Coaching Visit,Základní část
197862,6,0,Jan MULAč,Neznámý,0,0,0,0,0,0,0,0,0,0,Pitching Change: #52 PJONTEK for #99 ŠíN,Základní část
197862,6,1,Jan MULAč,Matyáš PJONTEK,0,0,-11,53,0,0,0,0,0,0,Called Strike 1.,Základní část
197862,6,1,Jan MULAč,Matyáš PJONTEK,0,1,36,27,0,0,0,0,0,0,Ball 1. SLABý Marek scores on wild pitch. UEMURA Koya to 2nd on wild pitch.,Základní část
197862,6,1,Jan MULAč,Matyáš PJONTEK,1,1,36,27,0,0,0,0,0,0,Ball 2.,Základní část
197862,6,1,Jan MULAč,Matyáš PJONTEK,2,1,38,6,0,0,0,0,0,0,Ball 3.,Základní část
197862,6,1,Jan MULAč,Matyáš PJONTEK,3,1,7,60,0,0,0,0,0,0,Called Strike 2.,Základní část
197862,6,1,Jan MULAč,Matyáš PJONTEK,3,2,14,53,0,0,226,0,0,0,MULAč Jan flies out to right field.  F9. UEMURA Koya to 3rd. 2 out.,Základní část
197862,6,2,Filip KUBíčEK,Matyáš PJONTEK,0,0,15,39,0,0,0,0,0,0,Foul.,Základní část
197862,6,2,Filip KUBíčEK,Matyáš PJONTEK,0,1,36,21,0,0,0,0,0,0,Ball 1.,Základní část
197862,6,2,Filip KUBíčEK,Matyáš PJONTEK,1,1,10,19,0,0,0,0,0,0,Called Strike 2.,Základní část
197862,6,2,Filip KUBíčEK,Matyáš PJONTEK,1,2,34,28,0,0,0,0,0,0,Ball 2.,Základní část
197862,6,2,Filip KUBíčEK,Matyáš PJONTEK,2,2,-5,23,0,0,0,0,0,0,Foul.,Základní část
197862,6,2,Filip KUBíčEK,Matyáš PJONTEK,2,2,15,52,0,0,226,0,0,0,KUBíčEK Filip flies out down right field line foul.  FF9. 3 out.,Základní část
197862,6,0,Kryštof LUKAVSKý,Matyáš PJONTEK,0,0,0,0,0,0,0,0,0,0,"End of the 6th<br>1 runs, 1 lob",Základní část
197862,7,0,Kryštof LUKAVSKý,Matyáš PJONTEK,0,0,12,14,0,0,0,0,0,0,Swinging Strike 1.,Základní část
197862,7,0,Kryštof LUKAVSKý,Matyáš PJONTEK,0,1,-8,49,0,0,0,0,0,0,Swinging Strike 2.,Základní část
197862,7,0,Kryštof LUKAVSKý,Matyáš PJONTEK,0,2,-20,60,0,0,0,0,0,0,Foul.,Základní část
197862,7,0,Kryštof LUKAVSKý,Matyáš PJONTEK,0,2,31,21,0,0,0,0,0,0,Ball 1.,Základní část
197862,7,0,Kryštof LUKAVSKý,Matyáš PJONTEK,1,2,31,3,0,0,0,0,0,0,Ball 2.,Základní část
197862,7,0,Kryštof LUKAVSKý,Matyáš PJONTEK,2,2,-4,48,0,0,0,0,0,0,LUKAVSKý Kryštof strikes out swinging. 1 out.,Základní část
197862,7,1,Jan HOJDA,Matyáš PJONTEK,0,0,35,60,0,0,0,0,0,0,Ball 1.,Základní část
197862,7,1,Jan HOJDA,Matyáš PJONTEK,1,0,8,56,0,0,0,0,0,0,Called Strike 1.,Základní část
197862,7,1,Jan HOJDA,Matyáš PJONTEK,1,1,12,19,0,0,0,0,0,0,Swinging Strike 2.,Základní část
197862,7,1,Jan HOJDA,Matyáš PJONTEK,1,2,-2,44,0,0,0,0,0,0,HOJDA Jan strikes out swinging. 2 out.,Základní část
197862,7,2,Filip NěMEC,Matyáš PJONTEK,0,0,35,25,0,0,0,0,0,0,Ball 1.,Základní část
197862,7,2,Filip NěMEC,Matyáš PJONTEK,1,0,36,19,0,0,0,0,0,0,Ball 2.,Základní část
197862,7,2,Filip NěMEC,Matyáš PJONTEK,2,0,31,23,0,0,0,0,0,0,Ball 3.,Základní část
197862,7,2,Filip NěMEC,Matyáš PJONTEK,3,0,36,19,0,0,0,0,1,0,NěMEC Filip walks.,Základní část
197862,7,2,Aleš PRANDžEV,Matyáš PJONTEK,0,0,-11,39,0,0,0,0,0,0,Called Strike 1.,Základní část
197862,7,2,Aleš PRANDžEV,Matyáš PJONTEK,0,1,4,42,0,0,0,0,0,0,Called Strike 2.,Základní část
197862,7,2,Aleš PRANDžEV,Matyáš PJONTEK,0,2,8,10,0,0,113,0,0,0,PRANDžEV Aleš grounds out 4-3. 3 out.,Základní část
197862,7,0,Lukáš DERGANZ,Matyáš PJONTEK,0,0,0,0,0,0,0,0,0,0,"End of the 7th<br>0 runs, 1 lob",Základní část
197862,8,0,Lukáš DERGANZ,Matyáš PJONTEK,0,0,31,14,0,0,0,0,0,0,Ball 1.,Základní část
197862,8,0,Lukáš DERGANZ,Matyáš PJONTEK,1,0,-51,42,0,0,0,0,0,0,DERGANZ Lukáš Hit By Pitch.,Základní část
197862,8,0,Marek SLABý,Matyáš PJONTEK,0,0,11,38,0,0,0,0,0,0,Called Strike 1.,Základní část
197862,8,0,Marek SLABý,Matyáš PJONTEK,0,1,-8,59,0,0,0,0,0,0,Called Strike 2.,Základní část
197862,8,0,Marek SLABý,Matyáš PJONTEK,0,2,30,26,0,0,0,0,0,0,Ball 1.,Základní část
197862,8,0,Marek SLABý,Matyáš PJONTEK,1,2,-3,33,0,0,0,0,0,0,SLABý Marek strikes out swinging. 1 out.,Základní část
197862,8,1,Koya UEMURA,Matyáš PJONTEK,0,0,38,43,0,0,0,0,0,0,Ball 1.,Základní část
197862,8,1,Koya UEMURA,Matyáš PJONTEK,1,0,17,42,0,0,0,0,0,0,Foul.,Základní část
197862,8,1,Koya UEMURA,Matyáš PJONTEK,1,1,36,52,0,0,0,0,0,0,Ball 2.,Základní část
197862,8,1,Koya UEMURA,Matyáš PJONTEK,2,1,35,32,0,0,0,0,0,0,Ball 3. DERGANZ Lukáš to 2nd on passed ball.,Základní část
197862,8,1,Koya UEMURA,Matyáš PJONTEK,3,1,0,0,0,0,0,0,1,0,UEMURA Koya is intentionally walked.,Základní část
197862,8,1,Jan MULAč,Matyáš PJONTEK,0,0,39,25,0,0,0,0,0,0,Ball 1.,Základní část
197862,8,1,Jan MULAč,Matyáš PJONTEK,1,0,15,43,0,0,0,0,0,0,Foul.,Základní část
197862,8,1,Jan MULAč,Matyáš PJONTEK,1,1,-3,34,0,0,0,0,0,0,Foul.,Základní část
197862,8,1,Jan MULAč,Matyáš PJONTEK,1,2,35,15,0,0,0,0,0,0,Ball 2. DERGANZ Lukáš  out at 3rd CS25.  UEMURA Koya to 2nd on stolen base. 2 out.,Základní část
197862,8,2,Jan MULAč,Matyáš PJONTEK,2,2,-5,46,0,0,0,0,0,0,MULAč Jan strikes out swinging. 3 out.,Základní část
197862,8,0,Filip KUBíčEK,Matyáš PJONTEK,0,0,0,0,0,0,0,0,0,0,"End of the 8th<br>0 runs, 1 lob",Základní část
197862,9,0,Filip KUBíčEK,Matyáš PJONTEK,0,0,34,43,0,0,0,0,0,0,Ball 1.,Základní část
197862,9,0,Filip KUBíčEK,Matyáš PJONTEK,1,0,10,34,0,0,0,0,0,0,Foul.,Základní část
197862,9,0,Filip KUBíčEK,Matyáš PJONTEK,1,1,19,34,0,0,0,0,0,0,Called Strike 2.,Základní část
197862,9,0,Filip KUBíčEK,Matyáš PJONTEK,1,2,34,59,0,0,0,0,0,0,Ball 2.,Základní část
197862,9,0,Filip KUBíčEK,Matyáš PJONTEK,2,2,-9,12,0,0,0,0,0,0,KUBíčEK Filip strikes out looking. 1 out.,Základní část
197862,9,1,Kryštof LUKAVSKý,Matyáš PJONTEK,0,0,32,64,0,0,0,0,0,0,Ball 1.,Základní část
197862,9,1,Kryštof LUKAVSKý,Matyáš PJONTEK,1,0,1,61,0,0,0,0,0,0,Swinging Strike 1.,Základní část
197862,9,1,Kryštof LUKAVSKý,Matyáš PJONTEK,1,1,38,60,0,0,0,0,0,0,Ball 2.,Základní část
197862,9,1,Kryštof LUKAVSKý,Matyáš PJONTEK,2,1,33,4,0,0,0,0,0,0,Ball 3.,Základní část
197862,9,1,Kryštof LUKAVSKý,Matyáš PJONTEK,3,1,-20,29,0,0,94,0,0,0,LUKAVSKý Kryštof grounds out 5-3. 2 out.,Základní část
197862,9,2,Jan HOJDA,Matyáš PJONTEK,0,0,31,27,0,0,0,0,0,0,Ball 1.,Základní část
197862,9,2,Jan HOJDA,Matyáš PJONTEK,1,0,7,54,0,0,0,0,0,0,Called Strike 1.,Základní část
197862,9,2,Jan HOJDA,Matyáš PJONTEK,1,1,11,21,0,0,0,0,0,0,Foul.,Základní část
197862,9,2,Jan HOJDA,Matyáš PJONTEK,1,2,37,22,0,0,0,0,0,0,Ball 2.,Základní část
197862,9,2,Jan HOJDA,Matyáš PJONTEK,2,2,18,52,0,0,0,0,0,0,HOJDA Jan strikes out looking. 3 out.,Základní část
197862,9,0,Filip NěMEC,Matyáš PJONTEK,0,0,0,0,0,0,0,0,0,0,GAME OVER<br>ARR wins 6-3<br>Win: PJONTEK<br>Loss: ZAVADIL,Základní část
197867,1,0,Marek SLABý,Jan NOVáK,0,0,18,44,0,0,0,0,0,0,Called Strike 1.,Základní část
197867,1,0,Marek SLABý,Jan NOVáK,0,1,8,46,0,0,0,0,0,0,Swinging Strike 2.,Základní část
197867,1,0,Marek SLABý,Jan NOVáK,0,2,-19,28,0,0,113,0,0,0,SLABý Marek grounds out 6-3. 1 out.,Základní část
197867,1,1,Koya UEMURA,Jan NOVáK,0,0,17,31,0,0,0,0,0,0,Called Strike 1.,Základní část
197867,1,1,Koya UEMURA,Jan NOVáK,0,1,32,37,0,0,0,0,0,0,Ball 1.,Základní část
197867,1,1,Koya UEMURA,Jan NOVáK,1,1,-18,35,0,0,0,0,0,0,Called Strike 2.,Základní část
197867,1,1,Koya UEMURA,Jan NOVáK,1,2,-5,38,0,0,0,0,0,0,Foul.,Základní část
197867,1,1,Koya UEMURA,Jan NOVáK,1,2,10,49,0,0,212,1,0,0,UEMURA Koya doubles to right field.,Základní část
197867,1,1,Kryštof LUKAVSKý,Jan NOVáK,0,0,-9,51,0,0,235,1,0,1,LUKAVSKý Kryštof doubles to center field. UEMURA Koya scores. 1 RBI.,Základní část
197867,1,1,Petr ZýMA,Jan NOVáK,0,0,36,23,0,0,0,0,0,0,Ball 1.,Základní část
197867,1,1,Petr ZýMA,Jan NOVáK,1,0,38,58,0,0,0,0,0,0,Ball 2.,Základní část
197867,1,1,Petr ZýMA,Jan NOVáK,2,0,33,42,0,0,0,0,0,0,Ball 3.,Základní část
197867,1,1,Petr ZýMA,Jan NOVáK,3,0,-7,14,0,0,0,0,0,0,Called Strike 1.,Základní část
197867,1,1,Petr ZýMA,Jan NOVáK,3,1,33,61,0,0,0,0,1,0,ZýMA Petr walks.,Základní část
197867,1,1,Jan MULAč,Jan NOVáK,0,0,-16,55,0,0,0,0,0,0,Called Strike 1.,Základní část
197867,1,1,Jan MULAč,Jan NOVáK,0,1,4,11,0,0,113,0,0,0,MULAč Jan reaches on fielders choice. LUKAVSKý Kryštof to 3rd. ZýMA Petr  out at 2nd 46.  2 out.,Základní část
197867,1,2,Filip KUBíčEK,Jan NOVáK,0,0,-3,59,0,0,0,0,0,0,Called Strike 1.,Základní část
197867,1,2,Filip KUBíčEK,Jan NOVáK,0,1,34,50,0,0,0,0,0,0,Ball 1. MULAč Jan to 2nd on wild pitch.,Základní část
197867,1,2,Filip KUBíčEK,Jan NOVáK,1,1,8,44,0,0,0,0,0,0,Swinging Strike 2.,Základní část
197867,1,2,Filip KUBíčEK,Jan NOVáK,1,2,-17,45,0,0,280,1,0,3,KUBíčEK Filip homers to deep center field. LUKAVSKý Kryštof scores. MULAč Jan scores. 3 RBI.,Základní část
197867,1,2,Viktor HLUCHý,Jan NOVáK,0,0,12,54,0,0,0,0,0,0,Called Strike 1.,Základní část
197867,1,2,Viktor HLUCHý,Jan NOVáK,0,1,32,67,0,0,0,0,0,0,Ball 1.,Základní část
197867,1,2,Viktor HLUCHý,Jan NOVáK,1,1,32,59,0,0,0,0,0,0,Ball 2.,Základní část
197867,1,2,Viktor HLUCHý,Jan NOVáK,2,1,37,68,0,0,0,0,0,0,Ball 3.,Základní část
197867,1,2,Viktor HLUCHý,Jan NOVáK,3,1,18,63,0,0,226,0,0,0,HLUCHý Viktor reaches on fielding error. E9. HLUCHý Viktor to 3rd.,Základní část
197867,1,2,Filip NěMEC,Jan NOVáK,0,0,38,59,0,0,0,0,0,0,Ball 1.,Základní část
197867,1,2,Filip NěMEC,Jan NOVáK,1,0,4,12,0,0,0,0,0,0,Called Strike 1.,Základní část
197867,1,2,Filip NěMEC,Jan NOVáK,1,1,14,42,0,0,0,0,0,0,Swinging Strike 2.,Základní část
197867,1,2,Filip NěMEC,Jan NOVáK,1,2,31,51,0,0,0,0,0,0,Ball 2.,Základní část
197867,1,2,Filip NěMEC,Jan NOVáK,2,2,-14,39,0,0,0,0,0,0,NěMEC Filip strikes out looking. 3 out.,Základní část
197867,1,0,Lukáš DERGANZ,Jan NOVáK,0,0,0,0,0,0,0,0,0,0,"End of the 1st<br>4 runs, 1 lob",Základní část
197867,2,0,Lukáš DERGANZ,Jan NOVáK,0,0,-11,52,0,0,235,1,0,0,DERGANZ Lukáš doubles to center field.,Základní část
197867,2,0,Marek SLABý,Jan NOVáK,0,0,-20,38,0,0,38,0,0,0,SLABý Marek out on sacrifice hit 53. Bunt. DERGANZ Lukáš to 3rd. 1 out.,Základní část
197867,2,1,Koya UEMURA,Jan NOVáK,0,0,6,27,0,0,0,0,0,0,Called Strike 1.,Základní část
197867,2,1,Koya UEMURA,Jan NOVáK,0,1,4,57,0,0,226,0,0,1,UEMURA Koya flies out to right field.  Sacrifice Fly.  SF9. DERGANZ Lukáš scores. 2 out. 1 RBI.,Základní část
197867,2,2,Kryštof LUKAVSKý,Jan NOVáK,0,0,-4,45,0,0,0,0,0,0,Foul.,Základní část
197867,2,2,Kryštof LUKAVSKý,Jan NOVáK,0,1,-13,15,0,0,0,0,0,0,Swinging Strike 2.,Základní část
197867,2,2,Kryštof LUKAVSKý,Jan NOVáK,0,2,32,18,0,0,0,0,0,0,Ball 1.,Základní část
197867,2,2,Kryštof LUKAVSKý,Jan NOVáK,1,2,-13,35,0,0,0,0,0,0,LUKAVSKý Kryštof strikes out looking. 3 out.,Základní část
197867,2,0,Petr ZýMA,Jan NOVáK,0,0,0,0,0,0,0,0,0,0,"End of the 2nd<br>1 runs, 0 lob",Základní část
197867,3,0,Petr ZýMA,Jan NOVáK,0,0,10,29,0,0,0,0,0,0,Called Strike 1.,Základní část
197867,3,0,Petr ZýMA,Jan NOVáK,0,1,16,50,0,0,249,0,0,0,ZýMA Petr flies out to center field.  L8. 1 out.,Základní část
197867,3,1,Jan MULAč,Jan NOVáK,0,0,7,36,0,0,0,0,0,0,Called Strike 1.,Základní část
197867,3,1,Jan MULAč,Jan NOVáK,0,1,-19,54,0,0,259,0,0,0,MULAč Jan reaches on fielding error. E7. MULAč Jan to 2nd.,Základní část
197867,3,1,Filip KUBíčEK,Jan NOVáK,0,0,-18,46,0,0,0,0,0,0,Called Strike 1.,Základní část
197867,3,1,Filip KUBíčEK,Jan NOVáK,0,1,16,12,0,0,0,0,0,0,Foul.,Základní část
197867,3,1,Filip KUBíčEK,Jan NOVáK,0,2,-17,14,0,0,113,0,0,0,KUBíčEK Filip grounds out 6-3. MULAč Jan to 3rd. 2 out.,Základní část
197867,3,2,Viktor HLUCHý,Jan NOVáK,0,0,33,52,0,0,0,0,0,0,Ball 1.,Základní část
197867,3,2,Viktor HLUCHý,Jan NOVáK,1,0,32,7,0,0,0,0,0,0,Ball 2.,Základní část
197867,3,2,Viktor HLUCHý,Jan NOVáK,2,0,15,24,0,0,113,0,0,0,HLUCHý Viktor grounds out 4-3. 3 out.,Základní část
197867,3,0,Filip NěMEC,Jan NOVáK,0,0,0,0,0,0,0,0,0,0,"End of the 3rd<br>0 runs, 1 lob",Základní část
197867,4,0,Filip NěMEC,Jan NOVáK,0,0,17,49,0,0,0,0,0,0,Swinging Strike 1.,Základní část
197867,4,0,Filip NěMEC,Jan NOVáK,0,1,35,20,0,0,0,0,0,0,Ball 1.,Základní část
197867,4,0,Filip NěMEC,Jan NOVáK,1,1,-20,22,0,0,0,0,0,0,Foul.,Základní část
197867,4,0,Filip NěMEC,Jan NOVáK,1,2,39,34,0,0,0,0,0,0,Ball 2.,Základní část
197867,4,0,Filip NěMEC,Jan NOVáK,2,2,31,54,0,0,0,0,0,0,Ball 3.,Základní část
197867,4,0,Filip NěMEC,Jan NOVáK,3,2,-18,54,0,0,0,0,0,0,NěMEC Filip strikes out swinging. 1 out.,Základní část
197867,4,1,Lukáš DERGANZ,Jan NOVáK,0,0,36,6,0,0,0,0,0,0,Ball 1.,Základní část
197867,4,1,Lukáš DERGANZ,Jan NOVáK,1,0,36,25,0,0,0,0,0,0,Ball 2.,Základní část
197867,4,1,Lukáš DERGANZ,Jan NOVáK,2,0,-5,29,0,0,0,0,0,0,Called Strike 1.,Základní část
197867,4,1,Lukáš DERGANZ,Jan NOVáK,2,1,-8,19,0,0,0,0,0,0,Swinging Strike 2.,Základní část
197867,4,1,Lukáš DERGANZ,Jan NOVáK,2,2,19,45,0,0,0,0,0,0,DERGANZ Lukáš strikes out swinging. 2 out.,Základní část
197867,4,2,Marek SLABý,Jan NOVáK,0,0,31,48,0,0,0,0,0,0,Ball 1.,Základní část
197867,4,2,Marek SLABý,Jan NOVáK,1,0,-6,35,0,0,0,0,0,0,Called Strike 1.,Základní část
197867,4,2,Marek SLABý,Jan NOVáK,1,1,17,13,0,0,113,0,0,0,SLABý Marek grounds out 4-3. 3 out.,Základní část
197867,4,0,Koya UEMURA,Jan NOVáK,0,0,0,0,0,0,0,0,0,0,"End of the 4th<br>0 runs, 0 lob",Základní část
197867,5,0,Koya UEMURA,Jan NOVáK,0,0,-9,34,0,0,0,0,0,0,Called Strike 1.,Základní část
197867,5,0,Koya UEMURA,Jan NOVáK,0,1,34,14,0,0,0,0,0,0,Ball 1.,Základní část
197867,5,0,Koya UEMURA,Jan NOVáK,1,1,17,40,0,0,0,0,0,0,Swinging Strike 2.,Základní část
197867,5,0,Koya UEMURA,Jan NOVáK,1,2,-11,13,0,0,113,0,0,0,UEMURA Koya grounds out 6-3. 1 out.,Základní část
197867,5,1,Kryštof LUKAVSKý,Jan NOVáK,0,0,37,50,0,0,0,0,0,0,Ball 1.,Základní část
197867,5,1,Kryštof LUKAVSKý,Jan NOVáK,1,0,10,19,0,0,0,0,0,0,Foul.,Základní část
197867,5,1,Kryštof LUKAVSKý,Jan NOVáK,1,1,-1,52,0,0,0,0,0,0,Called Strike 2.,Základní část
197867,5,1,Kryštof LUKAVSKý,Jan NOVáK,1,2,-7,28,0,0,0,0,0,0,LUKAVSKý Kryštof strikes out swinging. 2 out.,Základní část
197867,5,2,Petr ZýMA,Jan NOVáK,0,0,15,51,0,0,0,0,0,0,Swinging Strike 1.,Základní část
197867,5,2,Petr ZýMA,Jan NOVáK,0,1,-18,23,0,0,0,0,0,0,Swinging Strike 2.,Základní část
197867,5,2,Petr ZýMA,Jan NOVáK,0,2,-12,56,0,0,0,0,0,0,Foul.,Základní část
197867,5,2,Petr ZýMA,Jan NOVáK,0,2,11,10,0,0,235,1,0,0,ZýMA Petr doubles down RF line.,Základní část
197867,5,2,Jan MULAč,Jan NOVáK,0,0,7,59,0,0,77,0,0,0,MULAč Jan flies out.  P3. 3 out.,Základní část
197867,5,0,Filip KUBíčEK,Jan NOVáK,0,0,0,0,0,0,0,0,0,0,"End of the 5th<br>0 runs, 1 lob",Základní část
197867,6,0,Filip KUBíčEK,Jan NOVáK,0,0,32,14,0,0,0,0,0,0,Ball 1.,Základní část
197867,6,0,Filip KUBíčEK,Jan NOVáK,1,0,39,68,0,0,0,0,0,0,Ball 2.,Základní část
197867,6,0,Filip KUBíčEK,Jan NOVáK,2,0,-9,56,0,0,0,0,0,0,Swinging Strike 1.,Základní část
197867,6,0,Filip KUBíčEK,Jan NOVáK,2,1,30,34,0,0,0,0,0,0,Ball 3.,Základní část
197867,6,0,Filip KUBíčEK,Jan NOVáK,3,1,39,22,0,0,0,0,1,0,KUBíčEK Filip walks.,Základní část
197867,6,0,Viktor HLUCHý,Jan NOVáK,0,0,-4,26,0,0,0,0,0,0,Swinging Strike 1.,Základní část
197867,6,0,Viktor HLUCHý,Jan NOVáK,0,1,-18,45,0,0,0,0,0,0,Swinging Strike 2.,Základní část
197867,6,0,Viktor HLUCHý,Jan NOVáK,0,2,-20,38,0,0,0,0,0,0,HLUCHý Viktor strikes out swinging. 1 out.,Základní část
197867,6,1,Filip NěMEC,Jan NOVáK,0,0,-1,22,0,0,0,0,0,0,Called Strike 1.,Základní část
197867,6,1,Filip NěMEC,Jan NOVáK,0,1,36,66,0,0,0,0,0,0,Ball 1.,Základní část
197867,6,1,Filip NěMEC,Jan NOVáK,1,1,-12,50,0,0,0,0,0,0,Swinging Strike 2.,Základní část
197867,6,1,Filip NěMEC,Jan NOVáK,1,2,33,48,0,0,0,0,0,0,Ball 2.,Základní část
197867,6,1,Filip NěMEC,Jan NOVáK,2,2,-8,20,0,0,0,0,0,0,NěMEC Filip strikes out swinging. 2 out.,Základní část
197867,6,2,Lukáš DERGANZ,Jan NOVáK,0,0,38,56,0,0,0,0,0,0,Ball 1. KUBíčEK Filip to 2nd on stolen base.,Základní část
197867,6,2,Lukáš DERGANZ,Jan NOVáK,1,0,0,0,0,0,0,0,0,0,Defensive Conference,Základní část
197867,6,2,Lukáš DERGANZ,Jan NOVáK,1,0,-9,30,0,0,0,0,0,0,Swinging Strike 1.,Základní část
197867,6,2,Lukáš DERGANZ,Jan NOVáK,1,1,32,38,0,0,0,0,0,0,Ball 2. KUBíčEK Filip to 3rd on stolen base.,Základní část
197867,6,2,Lukáš DERGANZ,Jan NOVáK,2,1,37,28,0,0,0,0,0,0,Ball 3.,Základní část
197867,6,2,Lukáš DERGANZ,Jan NOVáK,3,1,32,44,0,0,0,0,1,0,DERGANZ Lukáš walks.,Základní část
197867,6,2,Marek SLABý,Jan NOVáK,0,0,0,0,0,0,0,0,0,0,Coaching Visit,Základní část
197867,6,0,Marek SLABý,Neznámý,0,0,0,0,0,0,0,0,0,0,Pitching Change: #34 HRDLIčKA for #18 NOVáK,Základní část
197867,6,2,Marek SLABý,Vít HRDLIčKA,0,0,32,68,0,0,0,0,0,0,Ball 1.,Základní část
197867,6,2,Marek SLABý,Vít HRDLIčKA,1,0,32,33,0,0,0,0,0,0,Ball 2.,Základní část
197867,6,2,Marek SLABý,Vít HRDLIčKA,2,0,-18,18,0,0,0,0,0,0,Called Strike 1.,Základní část
197867,6,2,Marek SLABý,Vít HRDLIčKA,2,1,30,69,0,0,0,0,0,0,Ball 3.,Základní část
197867,6,2,Marek SLABý,Vít HRDLIčKA,3,1,-11,27,0,0,0,0,0,0,Called Strike 2.,Základní část
197867,6,2,Marek SLABý,Vít HRDLIčKA,3,2,-10,61,0,0,113,0,0,0,SLABý Marek flies out.  P6. 3 out.,Základní část
197867,6,0,Koya UEMURA,Vít HRDLIčKA,0,0,0,0,0,0,0,0,0,0,"End of the 6th<br>0 runs, 2 lob",Základní část
197867,7,0,Neznámý,Neznámý,0,0,0,0,0,0,0,0,0,0,Defensive Change: #85 KUKLíK to RF,Základní část
197867,7,0,Neznámý,Neznámý,0,0,0,0,0,0,0,0,0,0,Defensive Change: #13 ČERVENKA to C,Základní část
197867,7,0,Koya UEMURA,Vít HRDLIčKA,0,0,33,66,0,0,0,0,0,0,Ball 1.,Základní část
197867,7,0,Koya UEMURA,Vít HRDLIčKA,1,0,-18,53,0,0,244,1,0,0,UEMURA Koya triples to center field.,Základní část
197867,7,0,Kryštof LUKAVSKý,Vít HRDLIčKA,0,0,30,14,0,0,0,0,0,0,Ball 1.,Základní část
197867,7,0,Kryštof LUKAVSKý,Vít HRDLIčKA,1,0,9,27,0,0,0,0,0,0,Called Strike 1.,Základní část
197867,7,0,Kryštof LUKAVSKý,Vít HRDLIčKA,1,1,8,25,0,0,0,0,0,0,Foul.,Základní část
197867,7,0,Kryštof LUKAVSKý,Vít HRDLIčKA,1,2,37,23,0,0,0,0,0,0,Ball 2.,Základní část
197867,7,0,Kryštof LUKAVSKý,Vít HRDLIčKA,2,2,-8,57,0,0,0,0,0,0,LUKAVSKý Kryštof strikes out swinging. 1 out.,Základní část
197867,7,0,Neznámý,Neznámý,0,0,0,0,0,0,0,0,0,0,Defensive Change: #0 VELáZQUEZ to 3B,Základní část
197867,7,1,Petr ZýMA,Vít HRDLIčKA,0,0,10,26,0,0,0,0,0,0,Called Strike 1.,Základní část
197867,7,1,Petr ZýMA,Vít HRDLIčKA,0,1,-54,30,0,0,0,0,0,0,ZýMA Petr Hit By Pitch.,Základní část
197867,7,1,Jan MULAč,Vít HRDLIčKA,0,0,-11,27,0,0,0,0,0,0,Foul.,Základní část
197867,7,1,Jan MULAč,Vít HRDLIčKA,0,1,-11,62,0,0,113,0,0,0,MULAč Jan flies out.  L6. 2 out.,Základní část
197867,7,2,Filip KUBíčEK,Vít HRDLIčKA,0,0,33,50,0,0,0,0,0,0,Ball 1.,Základní část
197867,7,2,Filip KUBíčEK,Vít HRDLIčKA,1,0,38,30,0,0,0,0,0,0,Ball 2.,Základní část
197867,7,2,Filip KUBíčEK,Vít HRDLIčKA,2,0,-1,49,0,0,0,0,0,0,Foul.,Základní část
197867,7,2,Filip KUBíčEK,Vít HRDLIčKA,2,1,-6,39,0,0,0,0,0,0,Swinging Strike 2.,Základní část
197867,7,2,Filip KUBíčEK,Vít HRDLIčKA,2,2,-15,39,0,0,0,0,0,0,KUBíčEK Filip strikes out swinging. 3 out.,Základní část
197867,7,0,Viktor HLUCHý,Vít HRDLIčKA,0,0,0,0,0,0,0,0,0,0,"End of the 7th<br>0 runs, 2 lob",Základní část
197867,8,0,Neznámý,Neznámý,0,0,0,0,0,0,0,0,0,0,Pitching Change: #79 LORENC for #34 HRDLIčKA,Základní část
197867,8,0,Viktor HLUCHý,Jan LORENC,0,0,35,19,0,0,0,0,0,0,Ball 1.,Základní část
197867,8,0,Viktor HLUCHý,Jan LORENC,1,0,-13,29,0,0,0,0,0,0,Foul.,Základní část
197867,8,0,Viktor HLUCHý,Jan LORENC,1,1,-1,24,0,0,94,0,0,0,HLUCHý Viktor grounds out 5-3. 1 out.,Základní část
197867,8,1,Filip NěMEC,Jan LORENC,0,0,38,46,0,0,0,0,0,0,Ball 1.,Základní část
197867,8,1,Filip NěMEC,Jan LORENC,1,0,-20,55,0,0,0,0,0,0,Foul.,Základní část
197867,8,1,Filip NěMEC,Jan LORENC,1,1,38,12,0,0,0,0,0,0,Ball 2.,Základní část
197867,8,1,Filip NěMEC,Jan LORENC,2,1,-14,11,0,0,94,0,0,0,NěMEC Filip grounds out 5-3. 2 out.,Základní část
197867,8,2,Lukáš DERGANZ,Jan LORENC,0,0,6,59,0,0,0,0,0,0,Swinging Strike 1.,Základní část
197867,8,2,Lukáš DERGANZ,Jan LORENC,0,1,5,20,0,0,0,0,0,0,Swinging Strike 2.,Základní část
197867,8,2,Lukáš DERGANZ,Jan LORENC,0,2,-15,50,0,0,0,0,0,0,DERGANZ Lukáš strikes out swinging. 3 out.,Základní část
197867,8,0,Marek SLABý,Jan LORENC,0,0,0,0,0,0,0,0,0,0,"End of the 8th<br>0 runs, 0 lob",Základní část
197867,9,0,Neznámý,Neznámý,0,0,0,0,0,0,0,0,0,0,Pitching Change: #32 PLACHý for #79 LORENC,Základní část
197867,9,0,Marek SLABý,Tomáš PLACHý,0,0,15,25,0,0,0,0,0,0,Called Strike 1.,Základní část
197867,9,0,Marek SLABý,Tomáš PLACHý,0,1,6,14,0,0,0,0,0,0,Swinging Strike 2.,Základní část
197867,9,0,Marek SLABý,Tomáš PLACHý,0,2,39,35,0,0,0,0,0,0,Ball 1.,Základní část
197867,9,0,Marek SLABý,Tomáš PLACHý,1,2,30,47,0,0,0,0,0,0,Ball 2.,Základní část
197867,9,0,Marek SLABý,Tomáš PLACHý,2,2,8,54,0,0,0,0,0,0,SLABý Marek strikes out swinging. 1 out.,Základní část
197867,9,1,Koya UEMURA,Tomáš PLACHý,0,0,-18,43,0,0,0,0,0,0,Called Strike 1.,Základní část
197867,9,1,Koya UEMURA,Tomáš PLACHý,0,1,-4,26,0,0,0,0,0,0,Called Strike 2.,Základní část
197867,9,1,Koya UEMURA,Tomáš PLACHý,0,2,16,42,0,0,0,0,0,0,Foul.,Základní část
197867,9,1,Koya UEMURA,Tomáš PLACHý,0,2,-17,48,0,0,0,0,0,0,UEMURA Koya strikes out swinging. 2 out.,Základní část
197867,9,2,Kryštof LUKAVSKý,Tomáš PLACHý,0,0,0,38,0,0,0,0,0,0,Foul.,Základní část
197867,9,2,Kryštof LUKAVSKý,Tomáš PLACHý,0,1,18,54,0,0,0,0,0,0,Called Strike 2.,Základní část
197867,9,2,Kryštof LUKAVSKý,Tomáš PLACHý,0,2,-9,18,0,0,57,0,0,0,LUKAVSKý Kryštof grounds out 1-3. 3 out.,Základní část
197867,9,0,Petr ZýMA,Tomáš PLACHý,0,0,0,0,0,0,0,0,0,0,GAME OVER<br>KOT wins 12-5<br>Win: NOVáK<br>Loss: UEMURA,Základní část
197871,1,0,Petr ZýMA,Lukáš ERCOLI,0,0,38,36,0,0,0,0,0,0,Ball 1.,Základní část
197871,1,0,Petr ZýMA,Lukáš ERCOLI,1,0,39,20,0,0,0,0,0,0,Ball 2.,Základní část
197871,1,0,Petr ZýMA,Lukáš ERCOLI,2,0,-5,37,0,0,0,0,0,0,Called Strike 1.,Základní část
197871,1,0,Petr ZýMA,Lukáš ERCOLI,2,1,32,35,0,0,0,0,0,0,Ball 3.,Základní část
197871,1,0,Petr ZýMA,Lukáš ERCOLI,3,1,17,53,0,0,0,0,0,0,Called Strike 2.,Základní část
197871,1,0,Petr ZýMA,Lukáš ERCOLI,3,2,35,21,0,0,0,0,1,0,ZýMA Petr walks.,Základní část
197871,1,0,Koya UEMURA,Lukáš ERCOLI,0,0,-3,27,0,0,0,0,0,0,Called Strike 1.,Základní část
197871,1,0,Koya UEMURA,Lukáš ERCOLI,0,1,35,57,0,0,0,0,0,0,Ball 1. ZýMA Petr to 2nd on wild pitch.,Základní část
197871,1,0,Koya UEMURA,Lukáš ERCOLI,1,1,-5,32,0,0,0,0,0,0,Foul.,Základní část
197871,1,0,Koya UEMURA,Lukáš ERCOLI,1,2,37,55,0,0,0,0,0,0,Ball 2. ZýMA Petr to 3rd on wild pitch.,Základní část
197871,1,0,Koya UEMURA,Lukáš ERCOLI,2,2,34,46,0,0,0,0,0,0,Ball 3.,Základní část
197871,1,0,Koya UEMURA,Lukáš ERCOLI,3,2,-5,53,0,0,310,1,0,2,UEMURA Koya homers to deep left field. ZýMA Petr scores. 2 RBI.,Základní část
197871,1,0,Kryštof LUKAVSKý,Lukáš ERCOLI,0,0,10,37,0,0,0,0,0,0,Called Strike 1.,Základní část
197871,1,0,Kryštof LUKAVSKý,Lukáš ERCOLI,0,1,-11,16,0,0,0,0,0,0,Called Strike 2.,Základní část
197871,1,0,Kryštof LUKAVSKý,Lukáš ERCOLI,0,2,37,48,0,0,0,0,0,0,Ball 1.,Základní část
197871,1,0,Kryštof LUKAVSKý,Lukáš ERCOLI,1,2,-11,23,0,0,113,0,0,0,LUKAVSKý Kryštof grounds out 6-3. 1 out.,Základní část
197871,1,1,Filip KUBíčEK,Lukáš ERCOLI,0,0,19,55,0,0,0,0,0,0,Called Strike 1.,Základní část
197871,1,1,Filip KUBíčEK,Lukáš ERCOLI,0,1,-7,48,0,0,0,0,0,0,Swinging Strike 2.,Základní část
197871,1,1,Filip KUBíčEK,Lukáš ERCOLI,0,2,-3,14,0,0,0,0,0,0,Foul.,Základní část
197871,1,1,Filip KUBíčEK,Lukáš ERCOLI,0,2,-4,47,0,0,0,0,0,0,KUBíčEK Filip strikes out swinging. 2 out.,Základní část
197871,1,2,Marek SLABý,Lukáš ERCOLI,0,0,30,54,0,0,0,0,0,0,Ball 1.,Základní část
197871,1,2,Marek SLABý,Lukáš ERCOLI,1,0,-4,39,0,0,0,0,0,0,Called Strike 1.,Základní část
197871,1,2,Marek SLABý,Lukáš ERCOLI,1,1,36,61,0,0,0,0,0,0,Ball 2.,Základní část
197871,1,2,Marek SLABý,Lukáš ERCOLI,2,1,33,15,0,0,0,0,0,0,Ball 3.,Základní část
197871,1,2,Marek SLABý,Lukáš ERCOLI,3,1,-7,54,0,0,0,0,0,0,Swinging Strike 2.,Základní část
197871,1,2,Marek SLABý,Lukáš ERCOLI,3,2,9,39,0,0,0,0,0,0,Foul.,Základní část
197871,1,2,Marek SLABý,Lukáš ERCOLI,3,2,-19,15,0,0,0,0,0,0,Foul.,Základní část
197871,1,2,Marek SLABý,Lukáš ERCOLI,3,2,-18,18,0,0,0,0,0,0,Foul.,Základní část
197871,1,2,Marek SLABý,Lukáš ERCOLI,3,2,-3,54,0,0,0,0,0,0,SLABý Marek strikes out looking. 3 out.,Základní část
197871,1,0,Jan MULAč,Lukáš ERCOLI,0,0,0,0,0,0,0,0,0,0,"End of the 1st<br>2 runs, 0 lob",Základní část
197871,2,0,Jan MULAč,Lukáš ERCOLI,0,0,-10,10,0,0,94,0,0,0,MULAč Jan reaches on throwing error. E5T. MULAč Jan out at 2nd 34.  1 out.,Základní část
197871,2,1,Viktor HLUCHý,Lukáš ERCOLI,0,0,4,16,0,0,0,0,0,0,Called Strike 1.,Základní část
197871,2,1,Viktor HLUCHý,Lukáš ERCOLI,0,1,-9,34,0,0,0,0,0,0,Swinging Strike 2.,Základní část
197871,2,1,Viktor HLUCHý,Lukáš ERCOLI,0,2,-6,15,0,0,0,0,0,0,HLUCHý Viktor strikes out swinging. 2 out.,Základní část
197871,2,2,Filip NěMEC,Lukáš ERCOLI,0,0,2,59,0,0,0,0,0,0,Called Strike 1.,Základní část
197871,2,2,Filip NěMEC,Lukáš ERCOLI,0,1,34,14,0,0,0,0,0,0,Ball 1.,Základní část
197871,2,2,Filip NěMEC,Lukáš ERCOLI,1,1,1,32,0,0,0,0,0,0,Called Strike 2.,Základní část
197871,2,2,Filip NěMEC,Lukáš ERCOLI,1,2,17,34,0,0,0,0,0,0,NěMEC Filip strikes out looking. 3 out.,Základní část
197871,2,0,Lukáš DERGANZ,Lukáš ERCOLI,0,0,0,0,0,0,0,0,0,0,"End of the 2nd<br>0 runs, 0 lob",Základní část
197871,3,0,Lukáš DERGANZ,Lukáš ERCOLI,0,0,32,17,0,0,0,0,0,0,Ball 1.,Základní část
197871,3,0,Lukáš DERGANZ,Lukáš ERCOLI,1,0,37,11,0,0,0,0,0,0,Ball 2.,Základní část
197871,3,0,Lukáš DERGANZ,Lukáš ERCOLI,2,0,6,59,0,0,113,0,0,0,DERGANZ Lukáš flies out.  F4. 1 out.,Základní část
197871,3,1,Petr ZýMA,Lukáš ERCOLI,0,0,3,16,0,0,0,0,0,0,Called Strike 1.,Základní část
197871,3,1,Petr ZýMA,Lukáš ERCOLI,0,1,-20,51,0,0,0,0,0,0,Foul.,Základní část
197871,3,1,Petr ZýMA,Lukáš ERCOLI,0,2,30,48,0,0,0,0,0,0,Ball 1.,Základní část
197871,3,1,Petr ZýMA,Lukáš ERCOLI,1,2,-1,14,0,0,113,0,0,0,ZýMA Petr grounds out 6-3. 2 out.,Základní část
197871,3,2,Koya UEMURA,Lukáš ERCOLI,0,0,39,41,0,0,0,0,0,0,Ball 1.,Základní část
197871,3,2,Koya UEMURA,Lukáš ERCOLI,1,0,-13,32,0,0,0,0,0,0,Called Strike 1.,Základní část
197871,3,2,Koya UEMURA,Lukáš ERCOLI,1,1,31,46,0,0,0,0,0,0,Ball 2.,Základní část
197871,3,2,Koya UEMURA,Lukáš ERCOLI,2,1,34,18,0,0,0,0,0,0,Ball 3.,Základní část
197871,3,2,Koya UEMURA,Lukáš ERCOLI,3,1,38,5,0,0,0,0,1,0,UEMURA Koya walks.,Základní část
197871,3,2,Kryštof LUKAVSKý,Lukáš ERCOLI,0,0,-19,61,0,0,235,1,0,1,LUKAVSKý Kryštof doubles to left center. UEMURA Koya scores. 1 RBI.,Základní část
197871,3,2,Filip KUBíčEK,Lukáš ERCOLI,0,0,31,7,0,0,0,0,0,0,Ball 1. LUKAVSKý Kryštof to 3rd on wild pitch.,Základní část
197871,3,2,Filip KUBíčEK,Lukáš ERCOLI,1,0,-13,23,0,0,22,0,0,0,KUBíčEK Filip grounds out 2-3. 3 out.,Základní část
197871,3,0,Marek SLABý,Lukáš ERCOLI,0,0,0,0,0,0,0,0,0,0,"End of the 3rd<br>1 runs, 1 lob",Základní část
197871,4,0,Marek SLABý,Lukáš ERCOLI,0,0,35,35,0,0,0,0,0,0,Ball 1.,Základní část
197871,4,0,Marek SLABý,Lukáš ERCOLI,1,0,11,29,0,0,0,0,0,0,Called Strike 1.,Základní část
197871,4,0,Marek SLABý,Lukáš ERCOLI,1,1,3,60,0,0,0,0,0,0,Called Strike 2.,Základní část
197871,4,0,Marek SLABý,Lukáš ERCOLI,1,2,35,41,0,0,0,0,0,0,Ball 2.,Základní část
197871,4,0,Marek SLABý,Lukáš ERCOLI,2,2,36,49,0,0,0,0,0,0,Ball 3.,Základní část
197871,4,0,Marek SLABý,Lukáš ERCOLI,3,2,6,28,0,0,113,0,0,0,SLABý Marek grounds out 4-3. 1 out.,Základní část
197871,4,1,Jan MULAč,Lukáš ERCOLI,0,0,12,54,0,0,94,0,0,0,MULAč Jan flies out.  P4. 2 out.,Základní část
197871,4,2,Viktor HLUCHý,Lukáš ERCOLI,0,0,34,35,0,0,0,0,0,0,Ball 1.,Základní část
197871,4,2,Viktor HLUCHý,Lukáš ERCOLI,1,0,-19,50,0,0,0,0,0,0,Foul.,Základní část
197871,4,2,Viktor HLUCHý,Lukáš ERCOLI,1,1,-8,20,0,0,0,0,0,0,Called Strike 2.,Základní část
197871,4,2,Viktor HLUCHý,Lukáš ERCOLI,1,2,0,48,0,0,0,0,0,0,Foul.,Základní část
197871,4,2,Viktor HLUCHý,Lukáš ERCOLI,1,2,3,29,0,0,113,0,0,0,HLUCHý Viktor grounds out 4-3. 3 out.,Základní část
197871,4,0,Filip NěMEC,Lukáš ERCOLI,0,0,0,0,0,0,0,0,0,0,"End of the 4th<br>0 runs, 0 lob",Základní část
197871,5,0,Filip NěMEC,Lukáš ERCOLI,0,0,-18,51,0,0,0,0,0,0,Foul.,Základní část
197871,5,0,Filip NěMEC,Lukáš ERCOLI,0,1,-13,38,0,0,0,0,0,0,Foul.,Základní část
197871,5,0,Filip NěMEC,Lukáš ERCOLI,0,2,17,31,0,0,0,0,0,0,NěMEC Filip strikes out swinging. 1 out.,Základní část
197871,5,1,Aleš PRANDžEV,Lukáš ERCOLI,0,0,8,35,0,0,0,0,0,0,Called Strike 1.,Základní část
197871,5,1,Aleš PRANDžEV,Lukáš ERCOLI,0,1,37,28,0,0,0,0,0,0,Ball 1.,Základní část
197871,5,1,Aleš PRANDžEV,Lukáš ERCOLI,1,1,10,63,0,0,77,0,0,0,PRANDžEV Aleš flies out.  L3. 2 out.,Základní část
197871,5,2,Petr ZýMA,Lukáš ERCOLI,0,0,-4,43,0,0,0,0,0,0,Foul.,Základní část
197871,5,2,Petr ZýMA,Lukáš ERCOLI,0,1,-11,34,0,0,0,0,0,0,Foul.,Základní část
197871,5,2,Petr ZýMA,Lukáš ERCOLI,0,2,2,51,0,0,0,0,0,0,Foul.,Základní část
197871,5,2,Petr ZýMA,Lukáš ERCOLI,0,2,39,6,0,0,0,0,0,0,Ball 1.,Základní část
197871,5,2,Petr ZýMA,Lukáš ERCOLI,1,2,-2,27,0,0,0,0,0,0,Foul.,Základní část
197871,5,2,Petr ZýMA,Lukáš ERCOLI,1,2,-1,38,0,0,0,0,0,0,ZýMA Petr strikes out looking. 3 out.,Základní část
197871,5,0,Koya UEMURA,Lukáš ERCOLI,0,0,0,0,0,0,0,0,0,0,"End of the 5th<br>0 runs, 0 lob",Základní část
197871,6,0,Koya UEMURA,Lukáš ERCOLI,0,0,32,62,0,0,0,0,0,0,Ball 1.,Základní část
197871,6,0,Koya UEMURA,Lukáš ERCOLI,1,0,-19,45,0,0,0,0,0,0,Foul.,Základní část
197871,6,0,Koya UEMURA,Lukáš ERCOLI,1,1,16,20,0,0,0,0,0,0,Called Strike 2.,Základní část
197871,6,0,Koya UEMURA,Lukáš ERCOLI,1,2,-2,17,0,0,0,0,0,0,Foul.,Základní část
197871,6,0,Koya UEMURA,Lukáš ERCOLI,1,2,37,25,0,0,0,0,0,0,Ball 2.,Základní část
197871,6,0,Koya UEMURA,Lukáš ERCOLI,2,2,8,44,0,0,0,0,0,0,Foul.,Základní část
197871,6,0,Koya UEMURA,Lukáš ERCOLI,2,2,13,25,0,0,71,0,0,0,UEMURA Koya grounds out 3U. 1 out.,Základní část
197871,6,1,Kryštof LUKAVSKý,Lukáš ERCOLI,0,0,-6,14,0,0,0,0,0,0,Foul.,Základní část
197871,6,1,Kryštof LUKAVSKý,Lukáš ERCOLI,0,1,34,68,0,0,0,0,0,0,Ball 1.,Základní část
197871,6,1,Kryštof LUKAVSKý,Lukáš ERCOLI,1,1,-16,23,0,0,0,0,0,0,Foul.,Základní část
197871,6,1,Kryštof LUKAVSKý,Lukáš ERCOLI,1,2,-9,28,0,0,113,0,0,0,LUKAVSKý Kryštof grounds out 6-3. 2 out.,Základní část
197871,6,2,Filip KUBíčEK,Lukáš ERCOLI,0,0,17,41,0,0,0,0,0,0,Swinging Strike 1.,Základní část
197871,6,2,Filip KUBíčEK,Lukáš ERCOLI,0,1,-17,26,0,0,0,0,0,0,Called Strike 2.,Základní část
197871,6,2,Filip KUBíčEK,Lukáš ERCOLI,0,2,30,33,0,0,0,0,0,0,Ball 1.,Základní část
197871,6,2,Filip KUBíčEK,Lukáš ERCOLI,1,2,37,29,0,0,0,0,0,0,Ball 2.,Základní část
197871,6,2,Filip KUBíčEK,Lukáš ERCOLI,2,2,-10,60,0,0,0,0,0,0,Foul.,Základní část
197871,6,2,Filip KUBíčEK,Lukáš ERCOLI,2,2,17,48,0,0,0,0,0,0,Foul.,Základní část
197871,6,2,Filip KUBíčEK,Lukáš ERCOLI,2,2,-8,62,0,0,235,1,0,0,KUBíčEK Filip doubles down left field line.,Základní část
197871,6,2,Marek SLABý,Lukáš ERCOLI,0,0,8,25,0,0,0,0,0,0,Called Strike 1.,Základní část
197871,6,2,Marek SLABý,Lukáš ERCOLI,0,1,7,52,0,0,0,0,0,0,Called Strike 2. KUBíčEK Filip  out at 3rd CS15.  3 out.,Základní část
197871,6,0,Marek SLABý,Lukáš ERCOLI,0,0,0,0,0,0,0,0,0,0,"End of the 6th<br>0 runs, 0 lob",Základní část
197871,7,0,Neznámý,Neznámý,0,0,0,0,0,0,0,0,0,0,Defensive Change: #0 VELáZQUEZ to 3B,Základní část
197871,7,0,Neznámý,Neznámý,0,0,0,0,0,0,0,0,0,0,Defensive Change: #13 ČERVENKA to C,Základní část
197871,7,0,Neznámý,Neznámý,0,0,0,0,0,0,0,0,0,0,Defensive Change: #85 KUKLíK to 1B,Základní část
197871,7,0,Neznámý,Neznámý,0,0,0,0,0,0,0,0,0,0,Pitching Change: #11 LUKEš for #63 ERCOLI,Základní část
197871,7,0,Marek SLABý,Max LUKEš,0,0,37,42,0,0,0,0,0,0,Ball 1.,Základní část
197871,7,0,Marek SLABý,Max LUKEš,1,0,-9,28,0,0,0,0,0,0,Called Strike 1.,Základní část
197871,7,0,Marek SLABý,Max LUKEš,1,1,12,51,0,0,232,1,0,0,SLABý Marek triples down right field line.,Základní část
197871,7,0,Jan MULAč,Max LUKEš,0,0,38,22,0,0,0,0,0,0,Ball 1.,Základní část
197871,7,0,Jan MULAč,Max LUKEš,1,0,38,33,0,0,0,0,0,0,Ball 2.,Základní část
197871,7,0,Jan MULAč,Max LUKEš,2,0,33,68,0,0,0,0,0,0,Ball 3.,Základní část
197871,7,0,Jan MULAč,Max LUKEš,3,0,36,41,0,0,0,0,1,0,MULAč Jan walks.,Základní část
197871,7,0,Viktor HLUCHý,Max LUKEš,0,0,0,0,0,0,0,0,0,0,Coaching Visit,Základní část
197871,7,0,Viktor HLUCHý,Max LUKEš,0,0,-17,34,0,0,0,0,0,0,Called Strike 1.,Základní část
197871,7,0,Viktor HLUCHý,Max LUKEš,0,1,-5,51,0,0,0,0,0,0,Foul.,Základní část
197871,7,0,Viktor HLUCHý,Max LUKEš,0,2,35,8,0,0,0,0,0,0,Ball 1.,Základní část
197871,7,0,Viktor HLUCHý,Max LUKEš,1,2,17,44,0,0,0,0,0,0,Foul.,Základní část
197871,7,0,Viktor HLUCHý,Max LUKEš,1,2,13,60,0,0,91,0,0,0,HLUCHý Viktor flies out.  P4. 1 out.,Základní část
197871,7,1,Filip NěMEC,Max LUKEš,0,0,36,44,0,0,0,0,0,0,Ball 1.,Základní část
197871,7,1,Filip NěMEC,Max LUKEš,1,0,-18,23,0,0,0,0,0,0,Called Strike 1. MULAč Jan to 2nd on . MULAč Jan  out at 2nd CS24.  2 out.,Základní část
197871,7,2,Filip NěMEC,Max LUKEš,1,1,0,0,0,0,0,0,0,0,SLABý Marek  out at home CS42.  3 out.,Základní část
197871,7,0,Filip NěMEC,Max LUKEš,0,0,0,0,0,0,0,0,0,0,"End of the 7th<br>0 runs, 0 lob",Základní část
197871,8,0,Filip NěMEC,Max LUKEš,0,0,13,55,0,0,0,0,0,0,Called Strike 1.,Základní část
197871,8,0,Filip NěMEC,Max LUKEš,0,1,-20,44,0,0,0,0,0,0,Swinging Strike 2.,Základní část
197871,8,0,Filip NěMEC,Max LUKEš,0,2,39,18,0,0,0,0,0,0,Ball 1.,Základní část
197871,8,0,Filip NěMEC,Max LUKEš,1,2,-11,55,0,0,0,0,0,0,NěMEC Filip strikes out swinging. 1 out.,Základní část
197871,8,1,Aleš PRANDžEV,Max LUKEš,0,0,-15,46,0,0,0,0,0,0,Swinging Strike 1.,Základní část
197871,8,1,Aleš PRANDžEV,Max LUKEš,0,1,17,59,0,0,0,0,0,0,Called Strike 2.,Základní část
197871,8,1,Aleš PRANDžEV,Max LUKEš,0,2,-16,46,0,0,0,0,0,0,PRANDžEV Aleš strikes out swinging. 2 out.,Základní část
197871,8,2,Petr ZýMA,Max LUKEš,0,0,31,14,0,0,0,0,0,0,Ball 1.,Základní část
197871,8,2,Petr ZýMA,Max LUKEš,1,0,-13,40,0,0,0,0,0,0,Foul.,Základní část
197871,8,2,Petr ZýMA,Max LUKEš,1,1,30,51,0,0,0,0,0,0,Ball 2.,Základní část
197871,8,2,Petr ZýMA,Max LUKEš,2,1,-19,12,0,0,94,0,0,0,ZýMA Petr grounds out 5-3. 3 out.,Základní část
197871,8,0,Koya UEMURA,Max LUKEš,0,0,0,0,0,0,0,0,0,0,"End of the 8th<br>0 runs, 0 lob",Základní část
197871,9,0,Neznámý,Neznámý,0,0,0,0,0,0,0,0,0,0,Pitching Change: #29 KřEčEK for #11 LUKEš,Základní část
197871,9,0,Koya UEMURA,David KřEčEK,0,0,36,4,0,0,0,0,0,0,Ball 1.,Základní část
197871,9,0,Koya UEMURA,David KřEčEK,1,0,1,57,0,0,0,0,0,0,Called Strike 1.,Základní část
197871,9,0,Koya UEMURA,David KřEčEK,1,1,-4,58,0,0,0,0,0,0,Swinging Strike 2.,Základní část
197871,9,0,Koya UEMURA,David KřEčEK,1,2,31,48,0,0,0,0,0,0,Ball 2.,Základní část
197871,9,0,Koya UEMURA,David KřEčEK,2,2,31,42,0,0,0,0,0,0,Ball 3.,Základní část
197871,9,0,Koya UEMURA,David KřEčEK,3,2,4,59,0,0,0,0,0,0,Foul.,Základní část
197871,9,0,Koya UEMURA,David KřEčEK,3,2,31,46,0,0,0,0,1,0,UEMURA Koya walks.,Základní část
197871,9,0,Kryštof LUKAVSKý,David KřEčEK,0,0,-19,27,0,0,0,0,0,0,Swinging Strike 1.,Základní část
197871,9,0,Kryštof LUKAVSKý,David KřEčEK,0,1,33,39,0,0,0,0,0,0,Ball 1.,Základní část
197871,9,0,Kryštof LUKAVSKý,David KřEčEK,1,1,32,6,0,0,0,0,0,0,Ball 2. UEMURA Koya to 2nd on wild pitch.,Základní část
197871,9,0,Kryštof LUKAVSKý,David KřEčEK,2,1,35,17,0,0,0,0,0,0,Ball 3.,Základní část
197871,9,0,Kryštof LUKAVSKý,David KřEčEK,3,1,38,61,0,0,0,0,1,0,LUKAVSKý Kryštof walks.,Základní část
197871,9,0,Filip KUBíčEK,David KřEčEK,0,0,33,51,0,0,0,0,0,0,Ball 1.,Základní část
197871,9,0,Filip KUBíčEK,David KřEčEK,1,0,-11,47,0,0,194,1,0,1,KUBíčEK Filip singles to left field. UEMURA Koya scores. LUKAVSKý Kryštof to 2nd. LUKAVSKý Kryštof to 3rd on throw. KUBíčEK Filip to 2nd on throw. 1 RBI.,Základní část
197871,9,0,Marek SLABý,David KřEčEK,0,0,9,20,0,0,0,0,0,0,Called Strike 1.,Základní část
197871,9,0,Marek SLABý,David KřEčEK,0,1,-12,44,0,0,0,0,0,0,Swinging Strike 2.,Základní část
197871,9,0,Marek SLABý,David KřEčEK,0,2,-1,29,0,0,113,0,0,1,SLABý Marek grounds out 6-3. LUKAVSKý Kryštof scores. 1 out. 1 RBI.,Základní část
197871,9,1,Jan MULAč,David KřEčEK,0,0,15,58,0,0,226,0,0,0,MULAč Jan flies out to right field.  F9. KUBíčEK Filip to 3rd. 2 out.,Základní část
197871,9,2,Viktor HLUCHý,David KřEčEK,0,0,-14,25,0,0,0,0,0,0,Swinging Strike 1.,Základní část
197871,9,2,Viktor HLUCHý,David KřEčEK,0,1,34,27,0,0,0,0,0,0,Ball 1.,Základní část
197871,9,2,Viktor HLUCHý,David KřEčEK,1,1,-15,49,0,0,0,0,0,0,Foul.,Základní část
197871,9,2,Viktor HLUCHý,David KřEčEK,1,2,35,60,0,0,0,0,0,0,Ball 2.,Základní část
197871,9,2,Viktor HLUCHý,David KřEčEK,2,2,9,46,0,0,0,0,0,0,Foul.,Základní část
197871,9,2,Viktor HLUCHý,David KřEčEK,2,2,30,54,0,0,0,0,0,0,Ball 3.,Základní část
197871,9,2,Viktor HLUCHý,David KřEčEK,3,2,-14,58,0,0,70,0,0,0,HLUCHý Viktor flies out foul.  FP5. 3 out.,Základní část
197871,9,0,Filip NěMEC,David KřEčEK,0,0,0,0,0,0,0,0,0,0,"End of the 9th<br>2 runs, 1 lob",Základní část
197871,10,0,Viktor HLUCHý,David KřEčEK,0,0,0,0,0,0,0,0,0,0,-,Základní část
197871,10,0,Neznámý,Neznámý,0,0,0,0,0,0,0,0,0,0,Defensive Change: #0 VELáZQUEZ to RF,Základní část
197871,10,0,Neznámý,Neznámý,0,0,0,0,0,0,0,0,0,0,Defensive Change: #73 KUčERA to 3B,Základní část
197871,10,0,Neznámý,Neznámý,0,0,0,0,0,0,0,0,0,0,Pinch Hitter: #0 SMOLA for #66 NěMEC,Základní část
197871,10,0,Matyáš SMOLA,David KřEčEK,0,0,4,58,0,0,38,0,0,0,SMOLA Matyáš out on sacrifice hit 13. Bunt. HLUCHý Viktor to 3rd. 1 out.,Základní část
197871,10,1,Aleš PRANDžEV,David KřEčEK,0,0,38,49,0,0,0,0,0,0,Ball 1.,Základní část
197871,10,1,Aleš PRANDžEV,David KřEčEK,1,0,13,64,0,0,226,0,0,1,PRANDžEV Aleš flies out to right field.  Sacrifice Fly.  SF9. HLUCHý Viktor scores. 2 out. 1 RBI.,Základní část
197871,10,2,Petr ZýMA,David KřEčEK,0,0,31,34,0,0,0,0,0,0,Ball 1.,Základní část
197871,10,2,Petr ZýMA,David KřEčEK,1,0,18,19,0,0,0,0,0,0,Called Strike 1.,Základní část
197871,10,2,Petr ZýMA,David KřEčEK,1,1,-53,26,0,0,0,0,0,0,ZýMA Petr Hit By Pitch.,Základní část
197871,10,2,Koya UEMURA,David KřEčEK,0,0,34,7,0,0,0,0,0,0,Ball 1.,Základní část
197871,10,2,Koya UEMURA,David KřEčEK,1,0,19,42,0,0,0,0,0,0,Swinging Strike 1.,Základní část
197871,10,2,Koya UEMURA,David KřEčEK,1,1,37,3,0,0,0,0,0,0,Ball 2.,Základní část
197871,10,0,Neznámý,Neznámý,0,0,0,0,0,0,0,0,0,0,Defensive Change: #15 PUš to 2B,Základní část
197871,10,0,Neznámý,Neznámý,0,0,0,0,0,0,0,0,0,0,Defensive Change: #0 SMOLA to RF,Základní část
197871,10,0,Neznámý,Neznámý,0,0,0,0,0,0,0,0,0,0,Defensive Change: #9 ZýMA to 1B,Základní část
197871,10,0,Neznámý,Neznámý,0,0,0,0,0,0,0,0,0,0,Defensive Change: #0 LUKAVSKý to CF,Základní část
197871,10,0,Neznámý,Neznámý,0,0,0,0,0,0,0,0,0,0,Defensive Change: #74 SLABý to 3B,Základní část
197871,10,2,Koya UEMURA,David KřEčEK,2,1,-13,62,0,0,94,0,0,0,UEMURA Koya flies out.  P5. 3 out.,Základní část
197871,10,0,Kryštof LUKAVSKý,David KřEčEK,0,0,0,0,0,0,0,0,0,0,"End of the 10th<br>1 runs, 1 lob",Základní část
197871,11,0,Koya UEMURA,David KřEčEK,0,0,0,0,0,0,0,0,0,0,-,Základní část
197871,11,0,Neznámý,Neznámý,0,0,0,0,0,0,0,0,0,0,Defensive Change: #6 KäCK to LF,Základní část
197871,11,0,Neznámý,Neznámý,0,0,0,0,0,0,0,0,0,0,Defensive Change: #88 MATUšKA to RF,Základní část
197871,11,0,Kryštof LUKAVSKý,David KřEčEK,0,0,11,19,0,0,0,0,0,0,Foul.,Základní část
197871,11,0,Kryštof LUKAVSKý,David KřEčEK,0,1,33,16,0,0,0,0,0,0,Ball 1.,Základní část
197871,11,0,Kryštof LUKAVSKý,David KřEčEK,1,1,39,62,0,0,0,0,0,0,Ball 2.,Základní část
197871,11,0,Kryštof LUKAVSKý,David KřEčEK,2,1,30,14,0,0,0,0,0,0,Ball 3.,Základní část
197871,11,0,Kryštof LUKAVSKý,David KřEčEK,3,1,5,39,0,0,0,0,0,0,Called Strike 2.,Základní část
197871,11,0,Kryštof LUKAVSKý,David KřEčEK,3,2,-7,47,0,0,68,0,0,0,LUKAVSKý Kryštof flies out foul.  FP5. 1 out.,Základní část
197871,11,1,Filip KUBíčEK,David KřEčEK,0,0,39,45,0,0,0,0,0,0,Ball 1.,Základní část
197871,11,1,Filip KUBíčEK,David KřEčEK,1,0,2,45,0,0,75,0,0,0,KUBíčEK Filip flies out foul.  FP3. 2 out.,Základní část
197871,11,2,Marek SLABý,David KřEčEK,0,0,14,55,0,0,0,0,0,0,Called Strike 1.,Základní část
197871,11,2,Marek SLABý,David KřEčEK,0,1,39,15,0,0,0,0,0,0,Ball 1.,Základní část
197871,11,2,Marek SLABý,David KřEčEK,1,1,-13,25,0,0,0,0,0,0,Foul.,Základní část
197871,11,2,Marek SLABý,David KřEčEK,1,2,39,32,0,0,0,0,0,0,Ball 2.,Základní část
197871,11,2,Marek SLABý,David KřEčEK,2,2,-20,57,0,0,0,0,0,0,Foul.,Základní část
197871,11,2,Marek SLABý,David KřEčEK,2,2,34,64,0,0,0,0,0,0,Ball 3.,Základní část
197871,11,2,Marek SLABý,David KřEčEK,3,2,-13,52,0,0,226,0,0,0,SLABý Marek flies out to center field.  L8. 3 out.,Základní část
197871,11,0,Jan MULAč,David KřEčEK,0,0,0,0,0,0,0,0,0,0,GAME OVER<br>KOT wins 9-6<br>Win: KřEčEK<br>Loss: ZAVADIL,Základní část
197875,1,0,Petr ZýMA,Ondřej VOSTATEK,0,0,0,0,0,0,0,0,0,0,Play Ball,Základní část
197875,1,0,Petr ZýMA,Ondřej VOSTATEK,0,0,9,28,0,0,0,0,0,0,Called Strike 1.,Základní část
197875,1,0,Petr ZýMA,Ondřej VOSTATEK,0,1,-20,53,0,0,0,0,0,0,Swinging Strike 2.,Základní část
197875,1,0,Petr ZýMA,Ondřej VOSTATEK,0,2,-15,58,0,0,0,0,0,0,Foul.,Základní část
197875,1,0,Petr ZýMA,Ondřej VOSTATEK,0,2,-20,34,0,0,0,0,0,0,ZýMA Petr strikes out swinging. 1 out.,Základní část
197875,1,1,Marek SLABý,Ondřej VOSTATEK,0,0,-11,42,0,0,0,0,0,0,Called Strike 1.,Základní část
197875,1,1,Marek SLABý,Ondřej VOSTATEK,0,1,39,30,0,0,0,0,0,0,Ball 1.,Základní část
197875,1,1,Marek SLABý,Ondřej VOSTATEK,1,1,1,41,0,0,0,0,0,0,Foul.,Základní část
197875,1,1,Marek SLABý,Ondřej VOSTATEK,1,2,13,46,0,0,154,1,0,0,SLABý Marek singles to right field.,Základní část
197875,1,1,Koya UEMURA,Ondřej VOSTATEK,0,0,13,14,0,0,0,0,0,0,Called Strike 1.,Základní část
197875,1,1,Koya UEMURA,Ondřej VOSTATEK,0,1,7,39,0,0,0,0,0,0,Called Strike 2.,Základní část
197875,1,1,Koya UEMURA,Ondřej VOSTATEK,0,2,-15,50,0,0,179,1,0,0,UEMURA Koya singles to left center. SLABý Marek to 3rd.,Základní část
197875,1,1,Filip KUBíčEK,Ondřej VOSTATEK,0,0,-16,18,0,0,0,0,0,0,Called Strike 1.,Základní část
197875,1,1,Filip KUBíčEK,Ondřej VOSTATEK,0,1,39,23,0,0,0,0,0,0,Ball 1.,Základní část
197875,1,1,Filip KUBíčEK,Ondřej VOSTATEK,1,1,-18,28,0,0,113,0,0,1,KUBíčEK Filip reaches on throwing error. E6T. SLABý Marek scores. UEMURA Koya to 3rd. KUBíčEK Filip to 2nd. 1 RBI.,Základní část
197875,1,1,Viktor HLUCHý,Ondřej VOSTATEK,0,0,0,46,0,0,0,0,0,0,Foul.,Základní část
197875,1,1,Viktor HLUCHý,Ondřej VOSTATEK,0,1,5,19,0,0,0,0,0,0,Foul.,Základní část
197875,1,1,Viktor HLUCHý,Ondřej VOSTATEK,0,2,19,60,0,0,0,0,0,0,Foul.,Základní část
197875,1,1,Viktor HLUCHý,Ondřej VOSTATEK,0,2,12,16,0,0,0,0,0,0,Foul.,Základní část
197875,1,1,Viktor HLUCHý,Ondřej VOSTATEK,0,2,13,26,0,0,113,0,0,1,HLUCHý Viktor grounds out 4-3. UEMURA Koya scores. KUBíčEK Filip to 3rd. 2 out. 1 RBI.,Základní část
197875,1,2,Jan MULAč,Ondřej VOSTATEK,0,0,32,21,0,0,0,0,0,0,Ball 1.,Základní část
197875,1,2,Jan MULAč,Ondřej VOSTATEK,1,0,-10,51,0,0,0,0,0,0,Swinging Strike 1.,Základní část
197875,1,2,Jan MULAč,Ondřej VOSTATEK,1,1,39,40,0,0,0,0,0,0,Ball 2.,Základní část
197875,1,2,Jan MULAč,Ondřej VOSTATEK,2,1,30,13,0,0,0,0,0,0,Ball 3.,Základní část
197875,1,2,Jan MULAč,Ondřej VOSTATEK,3,1,-18,60,0,0,144,0,0,0,MULAč Jan flies out foul.  FF5. 3 out.,Základní část
197875,1,0,Jan HOJDA,Ondřej VOSTATEK,0,0,0,0,0,0,0,0,0,0,"Middle of the 1st<br>2 runs, 1 lob",Základní část
197875,2,0,Jan HOJDA,Ondřej VOSTATEK,0,0,38,70,0,0,0,0,0,0,Ball 1.,Základní část
197875,2,0,Jan HOJDA,Ondřej VOSTATEK,1,0,34,48,0,0,0,0,0,0,Ball 2.,Základní část
197875,2,0,Jan HOJDA,Ondřej VOSTATEK,2,0,-17,54,0,0,0,0,0,0,Called Strike 1.,Základní část
197875,2,0,Jan HOJDA,Ondřej VOSTATEK,2,1,32,57,0,0,0,0,0,0,Ball 3.,Základní část
197875,2,0,Jan HOJDA,Ondřej VOSTATEK,3,1,15,15,0,0,113,0,0,0,HOJDA Jan grounds out 4-3. 1 out.,Základní část
197875,2,1,Matyáš SMOLA,Ondřej VOSTATEK,0,0,13,49,0,0,179,1,0,0,SMOLA Matyáš singles to right field.,Základní část
197875,2,1,Aleš PRANDžEV,Ondřej VOSTATEK,0,0,38,30,0,0,0,0,0,0,Ball 1.,Základní část
197875,2,1,Aleš PRANDžEV,Ondřej VOSTATEK,1,0,18,37,0,0,0,0,0,0,Foul.,Základní část
197875,2,1,Aleš PRANDžEV,Ondřej VOSTATEK,1,1,0,0,0,0,0,0,0,0,Pickoff Attempt at 1st,Základní část
197875,2,1,Aleš PRANDžEV,Ondřej VOSTATEK,1,1,18,49,0,0,0,0,0,0,Foul.,Základní část
197875,2,1,Aleš PRANDžEV,Ondřej VOSTATEK,1,2,-7,25,0,0,113,0,0,0,PRANDžEV Aleš reaches on fielders choice. SMOLA Matyáš  out at 2nd 64.  2 out.,Základní část
197875,2,2,Petr ZýMA,Ondřej VOSTATEK,0,0,30,35,0,0,0,0,0,0,Ball 1.,Základní část
197875,2,2,Petr ZýMA,Ondřej VOSTATEK,1,0,-1,46,0,0,199,0,0,0,ZýMA Petr flies out to center field.  F8. 3 out.,Základní část
197875,2,0,Marek SLABý,Ondřej VOSTATEK,0,0,0,0,0,0,0,0,0,0,"Middle of the 2nd<br>0 runs, 1 lob",Základní část
197875,3,0,Marek SLABý,Ondřej VOSTATEK,0,0,31,48,0,0,0,0,0,0,Ball 1.,Základní část
197875,3,0,Marek SLABý,Ondřej VOSTATEK,1,0,32,37,0,0,0,0,0,0,Ball 2.,Základní část
197875,3,0,Marek SLABý,Ondřej VOSTATEK,2,0,19,44,0,0,0,0,0,0,Called Strike 1.,Základní část
197875,3,0,Marek SLABý,Ondřej VOSTATEK,2,1,34,59,0,0,0,0,0,0,Ball 3.,Základní část
197875,3,0,Marek SLABý,Ondřej VOSTATEK,3,1,-8,15,0,0,0,0,0,0,Called Strike 2.,Základní část
197875,3,0,Marek SLABý,Ondřej VOSTATEK,3,2,-15,43,0,0,0,0,0,0,Foul.,Základní část
197875,3,0,Marek SLABý,Ondřej VOSTATEK,3,2,35,19,0,0,0,0,1,0,SLABý Marek walks.,Základní část
197875,3,0,Koya UEMURA,Ondřej VOSTATEK,0,0,36,50,0,0,0,0,0,0,Ball 1.,Základní část
197875,3,0,Koya UEMURA,Ondřej VOSTATEK,1,0,9,40,0,0,0,0,0,0,Called Strike 1.,Základní část
197875,3,0,Koya UEMURA,Ondřej VOSTATEK,1,1,39,60,0,0,0,0,0,0,Ball 2.,Základní část
197875,3,0,Koya UEMURA,Ondřej VOSTATEK,2,1,32,46,0,0,0,0,0,0,Ball 3.,Základní část
197875,3,0,Koya UEMURA,Ondřej VOSTATEK,3,1,11,44,0,0,0,0,0,0,Foul.,Základní část
197875,3,0,Koya UEMURA,Ondřej VOSTATEK,3,2,30,67,0,0,0,0,1,0,UEMURA Koya walks. SLABý Marek to 2nd.,Základní část
197875,3,0,Filip KUBíčEK,Ondřej VOSTATEK,0,0,35,20,0,0,0,0,0,0,Ball 1.,Základní část
197875,3,0,Filip KUBíčEK,Ondřej VOSTATEK,1,0,-15,51,0,0,0,0,0,0,Called Strike 1.,Základní část
197875,3,0,Filip KUBíčEK,Ondřej VOSTATEK,1,1,-4,13,0,0,0,0,0,0,Called Strike 2.,Základní část
197875,3,0,Filip KUBíčEK,Ondřej VOSTATEK,1,2,-8,43,0,0,0,0,0,0,KUBíčEK Filip strikes out swinging. 1 out.,Základní část
197875,3,1,Viktor HLUCHý,Ondřej VOSTATEK,0,0,12,40,0,0,0,0,0,0,Swinging Strike 1.,Základní část
197875,3,1,Viktor HLUCHý,Ondřej VOSTATEK,0,1,12,28,0,0,113,0,0,0,HLUCHý Viktor hits into a double play.  GDP 463. UEMURA Koya  out at 2nd 46.  3 out.,Základní část
197875,3,0,Jan MULAč,Ondřej VOSTATEK,0,0,0,0,0,0,0,0,0,0,"Middle of the 3rd<br>0 runs, 1 lob",Základní část
197875,4,0,Jan MULAč,Ondřej VOSTATEK,0,0,-20,60,0,0,0,0,0,0,Foul.,Základní část
197875,4,0,Jan MULAč,Ondřej VOSTATEK,0,1,36,55,0,0,0,0,0,0,Ball 1.,Základní část
197875,4,0,Jan MULAč,Ondřej VOSTATEK,1,1,38,69,0,0,0,0,0,0,Ball 2.,Základní část
197875,4,0,Jan MULAč,Ondřej VOSTATEK,2,1,31,63,0,0,0,0,0,0,Ball 3.,Základní část
197875,4,0,Jan MULAč,Ondřej VOSTATEK,3,1,39,36,0,0,0,0,1,0,MULAč Jan walks.,Základní část
197875,4,0,Jan HOJDA,Ondřej VOSTATEK,0,0,30,27,0,0,0,0,0,0,Ball 1.,Základní část
197875,4,0,Jan HOJDA,Ondřej VOSTATEK,1,0,38,39,0,0,0,0,0,0,Ball 2.,Základní část
197875,4,0,Jan HOJDA,Ondřej VOSTATEK,2,0,34,59,0,0,0,0,0,0,Ball 3.,Základní část
197875,4,0,Jan HOJDA,Ondřej VOSTATEK,3,0,14,58,0,0,0,0,0,0,Called Strike 1.,Základní část
197875,4,0,Jan HOJDA,Ondřej VOSTATEK,3,1,17,49,0,0,0,0,0,0,Called Strike 2.,Základní část
197875,4,0,Jan HOJDA,Ondřej VOSTATEK,3,2,39,39,0,0,0,0,1,0,HOJDA Jan walks. MULAč Jan to 2nd.,Základní část
197875,4,0,Matyáš SMOLA,Ondřej VOSTATEK,0,0,38,18,0,0,0,0,0,0,Ball 1.,Základní část
197875,4,0,Matyáš SMOLA,Ondřej VOSTATEK,1,0,10,39,0,0,0,0,0,0,Foul.,Základní část
197875,4,0,Matyáš SMOLA,Ondřej VOSTATEK,1,1,32,10,0,0,0,0,0,0,Ball 2.,Základní část
197875,4,0,Matyáš SMOLA,Ondřej VOSTATEK,2,1,-18,56,0,0,0,0,0,0,Foul.,Základní část
197875,4,0,Matyáš SMOLA,Ondřej VOSTATEK,2,2,-5,42,0,0,0,0,0,0,SMOLA Matyáš strikes out swinging. 1 out.,Základní část
197875,4,1,Aleš PRANDžEV,Ondřej VOSTATEK,0,0,17,53,0,0,179,1,0,0,PRANDžEV Aleš singles to right center. MULAč Jan to 3rd. HOJDA Jan to 2nd.,Základní část
197875,4,1,Petr ZýMA,Ondřej VOSTATEK,0,0,-17,13,0,0,0,0,0,0,Called Strike 1.,Základní část
197875,4,1,Petr ZýMA,Ondřej VOSTATEK,0,1,-19,13,0,0,0,0,0,0,Foul.,Základní část
197875,4,1,Petr ZýMA,Ondřej VOSTATEK,0,2,14,55,0,0,183,0,0,1,ZýMA Petr flies out to right center.  Sacrifice Fly.  SF8. MULAč Jan scores. 2 out. 1 RBI.,Základní část
197875,4,2,Marek SLABý,Ondřej VOSTATEK,0,0,13,54,0,0,168,0,0,0,SLABý Marek flies out to center field.  F8. 3 out.,Základní část
197875,4,0,Koya UEMURA,Ondřej VOSTATEK,0,0,0,0,0,0,0,0,0,0,"Middle of the 4th<br>1 runs, 2 lob",Základní část
197875,5,0,Koya UEMURA,Ondřej VOSTATEK,0,0,36,1,0,0,0,0,0,0,Ball 1.,Základní část
197875,5,0,Koya UEMURA,Ondřej VOSTATEK,1,0,35,22,0,0,0,0,0,0,Ball 2.,Základní část
197875,5,0,Koya UEMURA,Ondřej VOSTATEK,2,0,3,40,0,0,0,0,0,0,Called Strike 1.,Základní část
197875,5,0,Koya UEMURA,Ondřej VOSTATEK,2,1,34,31,0,0,0,0,0,0,Ball 3.,Základní část
197875,5,0,Koya UEMURA,Ondřej VOSTATEK,3,1,32,1,0,0,0,0,1,0,UEMURA Koya walks.,Základní část
197875,5,0,Filip KUBíčEK,Ondřej VOSTATEK,0,0,-20,53,0,0,0,0,0,0,Swinging Strike 1.,Základní část
197875,5,0,Filip KUBíčEK,Ondřej VOSTATEK,0,1,30,42,0,0,0,0,0,0,Ball 1.,Základní část
197875,5,0,Filip KUBíčEK,Ondřej VOSTATEK,1,1,33,37,0,0,0,0,0,0,Ball 2.,Základní část
197875,5,0,Filip KUBíčEK,Ondřej VOSTATEK,2,1,31,66,0,0,0,0,0,0,Ball 3.,Základní část
197875,5,0,Filip KUBíčEK,Ondřej VOSTATEK,3,1,37,66,0,0,0,0,1,0,KUBíčEK Filip walks. UEMURA Koya to 2nd.,Základní část
197875,5,0,Neznámý,Neznámý,0,0,0,0,0,0,0,0,0,0,Pitching Change: #34 HRDLIčKA for #75 VOSTATEK,Základní část
197875,5,0,Viktor HLUCHý,Ondřej VOSTATEK,0,0,-4,22,0,0,33,1,0,0,HLUCHý Viktor singles to third base. Bunt. UEMURA Koya to 3rd. KUBíčEK Filip to 2nd.,Základní část
197875,5,0,Jan MULAč,Ondřej VOSTATEK,0,0,-13,45,0,0,310,1,0,4,MULAč Jan homers to deep left center. UEMURA Koya scores. KUBíčEK Filip scores. HLUCHý Viktor scores. 4 RBI.,Základní část
197875,5,0,Jan HOJDA,Ondřej VOSTATEK,0,0,-2,38,0,0,0,0,0,0,Called Strike 1.,Základní část
197875,5,0,Jan HOJDA,Ondřej VOSTATEK,0,1,-19,32,0,0,0,0,0,0,Called Strike 2.,Základní část
197875,5,0,Jan HOJDA,Ondřej VOSTATEK,0,2,38,45,0,0,0,0,0,0,Ball 1.,Základní část
197875,5,0,Jan HOJDA,Ondřej VOSTATEK,1,2,-18,30,0,0,0,0,0,0,HOJDA Jan strikes out swinging. 1 out.,Základní část
197875,5,1,Matyáš SMOLA,Ondřej VOSTATEK,0,0,35,66,0,0,0,0,0,0,Ball 1.,Základní část
197875,5,1,Matyáš SMOLA,Ondřej VOSTATEK,1,0,18,41,0,0,0,0,0,0,Swinging Strike 1.,Základní část
197875,5,1,Matyáš SMOLA,Ondřej VOSTATEK,1,1,-3,17,0,0,0,0,0,0,Foul.,Základní část
197875,5,1,Matyáš SMOLA,Ondřej VOSTATEK,1,2,16,60,0,0,94,0,0,0,SMOLA Matyáš flies out foul.  FF3. 2 out.,Základní část
197875,5,2,Aleš PRANDžEV,Vít HRDLIčKA,0,0,4,43,0,0,0,0,0,0,Called Strike 1.,Základní část
197875,5,2,Aleš PRANDžEV,Vít HRDLIčKA,0,1,-16,16,0,0,113,0,0,0,PRANDžEV Aleš grounds out 6-3. 3 out.,Základní část
197875,5,0,Petr ZýMA,Vít HRDLIčKA,0,0,0,0,0,0,0,0,0,0,"Middle of the 5th<br>4 runs, 0 lob",Základní část
197875,6,0,Petr ZýMA,Vít HRDLIčKA,0,0,11,48,0,0,0,0,0,0,Called Strike 1.,Základní část
197875,6,0,Petr ZýMA,Vít HRDLIčKA,0,1,3,51,0,0,0,0,0,0,Called Strike 2.,Základní část
197875,6,0,Petr ZýMA,Vít HRDLIčKA,0,2,4,38,0,0,0,0,0,0,ZýMA Petr strikes out swinging. 1 out.,Základní část
197875,6,1,Marek SLABý,Vít HRDLIčKA,0,0,32,65,0,0,0,0,0,0,Ball 1.,Základní část
197875,6,1,Marek SLABý,Vít HRDLIčKA,1,0,-4,35,0,0,0,0,0,0,Called Strike 1.,Základní část
197875,6,1,Marek SLABý,Vít HRDLIčKA,1,1,17,35,0,0,0,0,0,0,Called Strike 2.,Základní část
197875,6,1,Marek SLABý,Vít HRDLIčKA,1,2,10,22,0,0,0,0,0,0,SLABý Marek strikes out looking. 2 out.,Základní část
197875,6,2,Koya UEMURA,Vít HRDLIčKA,0,0,38,41,0,0,0,0,0,0,Ball 1.,Základní část
197875,6,2,Koya UEMURA,Vít HRDLIčKA,1,0,34,62,0,0,0,0,0,0,Ball 2.,Základní část
197875,6,2,Koya UEMURA,Vít HRDLIčKA,2,0,-7,46,0,0,0,0,0,0,Swinging Strike 1.,Základní část
197875,6,2,Koya UEMURA,Vít HRDLIčKA,2,1,0,30,0,0,0,0,0,0,Foul.,Základní část
197875,6,2,Koya UEMURA,Vít HRDLIčKA,2,2,3,47,0,0,123,0,0,0,UEMURA Koya flies out.  F4. 3 out.,Základní část
197875,6,0,Filip KUBíčEK,Vít HRDLIčKA,0,0,0,0,0,0,0,0,0,0,"Middle of the 6th<br>0 runs, 0 lob",Základní část
197875,7,0,Filip KUBíčEK,Vít HRDLIčKA,0,0,1,22,0,0,0,0,0,0,Foul.,Základní část
197875,7,0,Filip KUBíčEK,Vít HRDLIčKA,0,1,39,13,0,0,0,0,0,0,Ball 1.,Základní část
197875,7,0,Filip KUBíčEK,Vít HRDLIčKA,1,1,17,64,0,0,226,0,0,0,KUBíčEK Filip flies out to center field.  F8. 1 out.,Základní část
197875,7,1,Viktor HLUCHý,Vít HRDLIčKA,0,0,6,22,0,0,94,0,0,0,HLUCHý Viktor reaches on fielding error. E3. HLUCHý Viktor to 2nd.,Základní část
197875,7,1,Jan MULAč,Vít HRDLIčKA,0,0,0,0,0,0,0,0,0,0,Defensive Conference,Základní část
197875,7,1,Jan MULAč,Vít HRDLIčKA,0,0,0,48,0,0,0,0,0,0,Foul.,Základní část
197875,7,1,Jan MULAč,Vít HRDLIčKA,0,1,8,45,0,0,255,1,0,1,MULAč Jan doubles to deep right field.  Ground Rule Double. HLUCHý Viktor scores. 1 RBI.,Základní část
197875,7,1,Jan HOJDA,Vít HRDLIčKA,0,0,14,19,0,0,0,0,0,0,Called Strike 1.,Základní část
197875,7,1,Jan HOJDA,Vít HRDLIčKA,0,1,2,19,0,0,0,0,0,0,Called Strike 2.,Základní část
197875,7,1,Jan HOJDA,Vít HRDLIčKA,0,2,33,68,0,0,0,0,0,0,Ball 1.,Základní část
197875,7,1,Jan HOJDA,Vít HRDLIčKA,1,2,-7,22,0,0,0,0,0,0,HOJDA Jan strikes out swinging. 2 out.,Základní část
197875,7,2,Matyáš SMOLA,Vít HRDLIčKA,0,0,-17,39,0,0,0,0,0,0,Called Strike 1.,Základní část
197875,7,2,Matyáš SMOLA,Vít HRDLIčKA,0,1,14,53,0,0,235,1,0,1,SMOLA Matyáš doubles to right center. MULAč Jan scores. 1 RBI.,Základní část
197875,7,0,Neznámý,Neznámý,0,0,0,0,0,0,0,0,0,0,Pitching Change: #79 LORENC for #34 HRDLIčKA,Základní část
197875,7,2,Aleš PRANDžEV,Jan LORENC,0,0,32,4,0,0,0,0,0,0,Ball 1.,Základní část
197875,7,2,Aleš PRANDžEV,Jan LORENC,1,0,34,51,0,0,0,0,0,0,Ball 2.,Základní část
197875,7,2,Aleš PRANDžEV,Jan LORENC,2,0,34,34,0,0,0,0,0,0,Ball 3.,Základní část
197875,7,2,Aleš PRANDžEV,Jan LORENC,3,0,39,20,0,0,0,0,1,0,PRANDžEV Aleš walks.,Základní část
197875,7,2,Petr ZýMA,Jan LORENC,0,0,35,42,0,0,0,0,0,0,Ball 1.,Základní část
197875,7,2,Petr ZýMA,Jan LORENC,1,0,-13,26,0,0,0,0,0,0,Called Strike 1.,Základní část
197875,7,2,Petr ZýMA,Jan LORENC,1,1,18,50,0,0,0,0,0,0,Foul.,Základní část
197875,7,2,Petr ZýMA,Jan LORENC,1,2,-16,33,0,0,0,0,0,0,Foul.,Základní část
197875,7,2,Petr ZýMA,Jan LORENC,1,2,16,60,0,0,0,0,0,0,Foul.,Základní část
197875,7,2,Petr ZýMA,Jan LORENC,1,2,4,23,0,0,0,0,0,0,Foul.,Základní část
197875,7,2,Petr ZýMA,Jan LORENC,1,2,35,54,0,0,0,0,0,0,Ball 2.,Základní část
197875,7,2,Petr ZýMA,Jan LORENC,2,2,14,52,0,0,226,0,0,0,ZýMA Petr flies out to right field.  F9. 3 out.,Základní část
197875,7,0,Marek SLABý,Jan LORENC,0,0,0,0,0,0,0,0,0,0,"Middle of the 7th<br>2 runs, 2 lob",Základní část
197875,8,0,Marek SLABý,Jan LORENC,0,0,5,26,0,0,0,0,0,0,Swinging Strike 1.,Základní část
197875,8,0,Marek SLABý,Jan LORENC,0,1,-7,20,0,0,0,0,0,0,Foul.,Základní část
197875,8,0,Marek SLABý,Jan LORENC,0,2,35,4,0,0,0,0,0,0,Ball 1.,Základní část
197875,8,0,Marek SLABý,Jan LORENC,1,2,-4,38,0,0,0,0,0,0,SLABý Marek strikes out looking. 1 out.,Základní část
197875,8,1,Koya UEMURA,Jan LORENC,0,0,37,61,0,0,0,0,0,0,Ball 1.,Základní část
197875,8,1,Koya UEMURA,Jan LORENC,1,0,39,14,0,0,0,0,0,0,Ball 2.,Základní část
197875,8,1,Koya UEMURA,Jan LORENC,2,0,-20,22,0,0,0,0,0,0,Called Strike 1.,Základní část
197875,8,1,Koya UEMURA,Jan LORENC,2,1,36,45,0,0,0,0,0,0,Ball 3.,Základní část
197875,8,1,Koya UEMURA,Jan LORENC,3,1,5,37,0,0,0,0,0,0,Foul.,Základní část
197875,8,1,Koya UEMURA,Jan LORENC,3,2,-4,28,0,0,179,1,0,0,UEMURA Koya singles through the left side.,Základní část
197875,8,1,Filip KUBíčEK,Jan LORENC,0,0,-3,61,0,0,94,0,0,0,KUBíčEK Filip flies out foul.  FF5. 2 out.,Základní část
197875,8,2,Viktor HLUCHý,Jan LORENC,0,0,31,63,0,0,0,0,0,0,Ball 1.,Základní část
197875,8,2,Viktor HLUCHý,Jan LORENC,1,0,4,48,0,0,226,0,0,0,HLUCHý Viktor flies out to right field.  F9. 3 out.,Základní část
197875,8,0,Jan MULAč,Jan LORENC,0,0,0,0,0,0,0,0,0,0,"Middle of the 8th<br>0 runs, 1 lob",Základní část
197875,9,0,Neznámý,Neznámý,0,0,0,0,0,0,0,0,0,0,Pitching Change: #73 KUčERA for #79 LORENC,Základní část
197875,9,0,Jan MULAč,Filip KUčERA,0,0,38,4,0,0,0,0,0,0,Ball 1.,Základní část
197875,9,0,Jan MULAč,Filip KUčERA,1,0,-3,27,0,0,0,0,0,0,Called Strike 1.,Základní část
197875,9,0,Jan MULAč,Filip KUčERA,1,1,1,55,0,0,0,0,0,0,Called Strike 2.,Základní část
197875,9,0,Jan MULAč,Filip KUčERA,1,2,-13,34,0,0,0,0,0,0,Foul.,Základní část
197875,9,0,Jan MULAč,Filip KUčERA,1,2,12,41,0,0,0,0,0,0,Foul.,Základní část
197875,9,0,Jan MULAč,Filip KUčERA,1,2,35,63,0,0,0,0,0,0,Ball 2.,Základní část
197875,9,0,Jan MULAč,Filip KUčERA,2,2,16,58,0,0,235,1,0,0,MULAč Jan doubles to right field.  Ground Rule Double.,Základní část
197875,9,0,Jan HOJDA,Filip KUčERA,0,0,30,43,0,0,0,0,0,0,Ball 1.,Základní část
197875,9,0,Jan HOJDA,Filip KUčERA,1,0,30,33,0,0,0,0,0,0,Ball 2.,Základní část
197875,9,0,Jan HOJDA,Filip KUčERA,2,0,6,37,0,0,0,0,0,0,Called Strike 1.,Základní část
197875,9,0,Jan HOJDA,Filip KUčERA,2,1,37,13,0,0,0,0,0,0,Ball 3.,Základní část
197875,9,0,Jan HOJDA,Filip KUčERA,3,1,-3,55,0,0,0,0,0,0,Foul.,Základní část
197875,9,0,Jan HOJDA,Filip KUčERA,3,2,37,57,0,0,0,0,1,0,HOJDA Jan walks.,Základní část
197875,9,0,Matyáš SMOLA,Filip KUčERA,0,0,5,26,0,0,113,0,0,0,SMOLA Matyáš grounds out 4-3. MULAč Jan to 3rd. HOJDA Jan to 2nd. 1 out.,Základní část
197875,9,1,Aleš PRANDžEV,Filip KUčERA,0,0,7,20,0,0,0,0,0,0,Foul.,Základní část
197875,9,1,Aleš PRANDžEV,Filip KUčERA,0,1,-2,43,0,0,0,0,0,0,Called Strike 2.,Základní část
197875,9,1,Aleš PRANDžEV,Filip KUčERA,0,2,-6,29,0,0,0,0,0,0,Foul.,Základní část
197875,9,1,Aleš PRANDžEV,Filip KUčERA,0,2,30,37,0,0,0,0,0,0,Ball 1.,Základní část
197875,9,1,Aleš PRANDžEV,Filip KUčERA,1,2,-4,33,0,0,0,0,0,0,Foul.,Základní část
197875,9,1,Aleš PRANDžEV,Filip KUčERA,1,2,30,64,0,0,0,0,0,0,Ball 2.,Základní část
197875,9,1,Aleš PRANDžEV,Filip KUčERA,2,2,5,53,0,0,179,1,0,1,PRANDžEV Aleš singles to left center. MULAč Jan scores. HOJDA Jan to 3rd. 1 RBI.,Základní část
197875,9,1,Petr ZýMA,Filip KUčERA,0,0,39,31,0,0,0,0,0,0,Ball 1.,Základní část
197875,9,1,Petr ZýMA,Filip KUčERA,1,0,7,29,0,0,0,0,0,0,Called Strike 1.,Základní část
197875,9,1,Petr ZýMA,Filip KUčERA,1,1,8,56,0,0,0,0,0,0,Foul.,Základní část
197875,9,1,Petr ZýMA,Filip KUčERA,1,2,-19,37,0,0,0,0,0,0,Foul.,Základní část
197875,9,1,Petr ZýMA,Filip KUčERA,1,2,7,25,0,0,0,0,0,0,ZýMA Petr strikes out looking. 2 out.,Základní část
197875,9,2,Marek SLABý,Filip KUčERA,0,0,6,29,0,0,0,0,0,0,Called Strike 1.,Základní část
197875,9,2,Marek SLABý,Filip KUčERA,0,1,-5,45,0,0,0,0,0,0,Called Strike 2.,Základní část
197875,9,2,Marek SLABý,Filip KUčERA,0,2,38,64,0,0,0,0,0,0,Ball 1.,Základní část
197875,9,2,Marek SLABý,Filip KUčERA,1,2,36,65,0,0,0,0,0,0,Ball 2.,Základní část
197875,9,2,Marek SLABý,Filip KUčERA,2,2,-1,26,0,0,0,0,0,0,Foul.,Základní část
197875,9,2,Marek SLABý,Filip KUčERA,2,2,38,43,0,0,0,0,0,0,Ball 3.,Základní část
197875,9,2,Marek SLABý,Filip KUčERA,3,2,-3,22,0,0,113,0,0,0,SLABý Marek grounds out 6-3. 3 out.,Základní část
197875,9,0,Koya UEMURA,Filip KUčERA,0,0,0,0,0,0,0,0,0,0,"Middle of the 9th<br>1 runs, 2 lob",Základní část
197007,1,0,Michal ANTOň,Roldan OCHOA,0,0,10,27,0,0,0,0,0,0,Called Strike 1.,Základní část
197007,1,0,Michal ANTOň,Roldan OCHOA,0,1,8,47,0,0,0,0,0,0,Called Strike 2.,Základní část
197007,1,0,Michal ANTOň,Roldan OCHOA,0,2,31,9,0,0,0,0,0,0,Ball 1.,Základní část
197007,1,0,Michal ANTOň,Roldan OCHOA,1,2,35,57,0,0,0,0,0,0,Ball 2.,Základní část
197007,1,0,Michal ANTOň,Roldan OCHOA,2,2,31,10,0,0,0,0,0,0,Ball 3.,Základní část
197007,1,0,Michal ANTOň,Roldan OCHOA,3,2,31,23,0,0,0,0,1,0,ANTOň Michal walks.,Základní část
197007,1,0,Koya UEMURA,Roldan OCHOA,0,0,3,61,0,0,0,0,0,0,Called Strike 1.,Základní část
197007,1,0,Koya UEMURA,Roldan OCHOA,0,1,36,62,0,0,0,0,0,0,Ball 1.,Základní část
197007,1,0,Koya UEMURA,Roldan OCHOA,1,1,-17,25,0,0,78,0,0,0,UEMURA Koya hits into a double play.  GDP 643. ANTOň Michal  out at 2nd 64.  2 out.,Základní část
197007,1,2,Jan MULAč,Roldan OCHOA,0,0,-11,61,0,0,0,0,0,0,Called Strike 1.,Základní část
197007,1,2,Jan MULAč,Roldan OCHOA,0,1,13,38,0,0,0,0,0,0,Foul.,Základní část
197007,1,2,Jan MULAč,Roldan OCHOA,0,2,18,13,0,0,94,0,0,0,MULAč Jan grounds out 3U. 3 out.,Základní část
197007,1,0,Filip KUBíčEK,Roldan OCHOA,0,0,0,0,0,0,0,0,0,0,"End of the 1st<br>0 runs, 0 lob",Základní část
197007,2,0,Filip KUBíčEK,Roldan OCHOA,0,0,16,16,0,0,0,0,0,0,Called Strike 1.,Základní část
197007,2,0,Filip KUBíčEK,Roldan OCHOA,0,1,31,43,0,0,0,0,0,0,Ball 1.,Základní část
197007,2,0,Filip KUBíčEK,Roldan OCHOA,1,1,30,27,0,0,0,0,0,0,Ball 2.,Základní část
197007,2,0,Filip KUBíčEK,Roldan OCHOA,2,1,39,1,0,0,0,0,0,0,Ball 3.,Základní část
197007,2,0,Filip KUBíčEK,Roldan OCHOA,3,1,36,68,0,0,0,0,1,0,KUBíčEK Filip walks.,Základní část
197007,2,0,Petr ZýMA,Roldan OCHOA,0,0,12,58,0,0,0,0,0,0,Called Strike 1.,Základní část
197007,2,0,Petr ZýMA,Roldan OCHOA,0,1,9,46,0,0,226,0,0,0,ZýMA Petr flies out to right field.  F9. 1 out.,Základní část
197007,2,1,Marek SLABý,Roldan OCHOA,0,0,4,28,0,0,0,0,0,0,Called Strike 1.,Základní část
197007,2,1,Marek SLABý,Roldan OCHOA,0,1,36,23,0,0,0,0,0,0,Ball 1.,Základní část
197007,2,1,Marek SLABý,Roldan OCHOA,1,1,8,42,0,0,0,0,0,0,Called Strike 2. KUBíčEK Filip to 2nd on stolen base.,Základní část
197007,2,1,Marek SLABý,Roldan OCHOA,1,2,-13,47,0,0,0,0,0,0,Foul.,Základní část
197007,2,1,Marek SLABý,Roldan OCHOA,1,2,-4,35,0,0,0,0,0,0,Foul.,Základní část
197007,2,1,Marek SLABý,Roldan OCHOA,1,2,38,51,0,0,0,0,0,0,Ball 2.,Základní část
197007,2,1,Marek SLABý,Roldan OCHOA,2,2,16,40,0,0,0,0,0,0,Foul.,Základní část
197007,2,1,Marek SLABý,Roldan OCHOA,2,2,-15,28,0,0,94,0,0,0,SLABý Marek grounds out 5-3. KUBíčEK Filip to 3rd. 2 out.,Základní část
197007,2,2,Jan HOJDA,Roldan OCHOA,0,0,2,52,0,0,0,0,0,0,Swinging Strike 1.,Základní část
197007,2,2,Jan HOJDA,Roldan OCHOA,0,1,39,69,0,0,0,0,0,0,Ball 1.,Základní část
197007,2,2,Jan HOJDA,Roldan OCHOA,1,1,6,40,0,0,0,0,0,0,Swinging Strike 2.,Základní část
197007,2,2,Jan HOJDA,Roldan OCHOA,1,2,31,19,0,0,0,0,0,0,Ball 2.,Základní část
197007,2,2,Jan HOJDA,Roldan OCHOA,2,2,3,16,0,0,0,0,0,0,HOJDA Jan strikes out looking. 3 out.,Základní část
197007,2,0,Aleš PRANDžEV,Roldan OCHOA,0,0,0,0,0,0,0,0,0,0,"End of the 2nd<br>0 runs, 1 lob",Základní část
197007,3,0,Aleš PRANDžEV,Roldan OCHOA,0,0,-7,63,0,0,179,1,0,0,PRANDžEV Aleš singles to left field.,Základní část
197007,3,0,Matyáš SMOLA,Roldan OCHOA,0,0,13,35,0,0,0,0,0,0,Called Strike 1.,Základní část
197007,3,0,Matyáš SMOLA,Roldan OCHOA,0,1,-14,51,0,0,0,0,0,0,Foul.,Základní část
197007,3,0,Matyáš SMOLA,Roldan OCHOA,0,2,-4,45,0,0,0,0,0,0,SMOLA Matyáš strikes out swinging. 1 out.,Základní část
197007,3,1,Michal ANTOň,Roldan OCHOA,0,0,-17,52,0,0,0,0,0,0,Called Strike 1.,Základní část
197007,3,1,Michal ANTOň,Roldan OCHOA,0,1,-5,10,0,0,113,0,0,0,ANTOň Michal reaches on fielders choice. PRANDžEV Aleš  out at 2nd 64.  2 out.,Základní část
197007,3,2,Koya UEMURA,Roldan OCHOA,0,0,-7,56,0,0,0,0,0,0,Swinging Strike 1.,Základní část
197007,3,2,Koya UEMURA,Roldan OCHOA,0,1,30,36,0,0,0,0,0,0,Ball 1. ANTOň Michal to 2nd on stolen base.,Základní část
197007,3,2,Koya UEMURA,Roldan OCHOA,1,1,-11,36,0,0,0,0,0,0,Foul.,Základní část
197007,3,2,Koya UEMURA,Roldan OCHOA,1,2,3,53,0,0,214,1,0,1,UEMURA Koya singles to center field. ANTOň Michal scores. 1 RBI.,Základní část
197007,3,2,Jan MULAč,Roldan OCHOA,0,0,33,45,0,0,0,0,0,0,Ball 1.,Základní část
197007,3,2,Jan MULAč,Roldan OCHOA,1,0,19,61,0,0,202,1,0,0,MULAč Jan singles to center field. UEMURA Koya to 2nd.,Základní část
197007,3,2,Filip KUBíčEK,Roldan OCHOA,0,0,-8,61,0,0,226,0,0,0,KUBíčEK Filip flies out to left center.  F8. 3 out.,Základní část
197007,3,0,Petr ZýMA,Roldan OCHOA,0,0,0,0,0,0,0,0,0,0,"End of the 3rd<br>1 runs, 2 lob",Základní část
197007,4,0,Petr ZýMA,Roldan OCHOA,0,0,10,27,0,0,0,0,0,0,Called Strike 1.,Základní část
197007,4,0,Petr ZýMA,Roldan OCHOA,0,1,6,42,0,0,0,0,0,0,Swinging Strike 2.,Základní část
197007,4,0,Petr ZýMA,Roldan OCHOA,0,2,30,36,0,0,0,0,0,0,Ball 1.,Základní část
197007,4,0,Petr ZýMA,Roldan OCHOA,1,2,31,29,0,0,0,0,0,0,Ball 2.,Základní část
197007,4,0,Petr ZýMA,Roldan OCHOA,2,2,34,33,0,0,0,0,0,0,Ball 3.,Základní část
197007,4,0,Petr ZýMA,Roldan OCHOA,3,2,-6,46,0,0,0,0,0,0,Foul.,Základní část
197007,4,0,Petr ZýMA,Roldan OCHOA,3,2,37,31,0,0,0,0,1,0,ZýMA Petr walks.,Základní část
197007,4,0,Marek SLABý,Roldan OCHOA,0,0,39,67,0,0,0,0,0,0,Ball 1.,Základní část
197007,4,0,Marek SLABý,Roldan OCHOA,1,0,8,61,0,0,0,0,0,0,Called Strike 1.,Základní část
197007,4,0,Marek SLABý,Roldan OCHOA,1,1,16,36,0,0,0,0,0,0,Called Strike 2.,Základní část
197007,4,0,Marek SLABý,Roldan OCHOA,1,2,2,22,0,0,0,0,0,0,Foul.,Základní část
197007,4,0,Marek SLABý,Roldan OCHOA,1,2,-6,50,0,0,0,0,0,0,Foul.,Základní část
197007,4,0,Marek SLABý,Roldan OCHOA,1,2,37,21,0,0,0,0,0,0,Ball 2.,Základní část
197007,4,0,Marek SLABý,Roldan OCHOA,2,2,-12,13,0,0,0,0,0,0,SLABý Marek strikes out swinging. 1 out.,Základní část
197007,4,1,Jan HOJDA,Roldan OCHOA,0,0,-17,49,0,0,0,0,0,0,Called Strike 1.,Základní část
197007,4,1,Jan HOJDA,Roldan OCHOA,0,1,13,36,0,0,0,0,0,0,Swinging Strike 2. ZýMA Petr to 2nd on stolen base.,Základní část
197007,4,1,Jan HOJDA,Roldan OCHOA,0,2,-16,21,0,0,0,0,0,0,HOJDA Jan strikes out swinging. 2 out.,Základní část
197007,4,2,Aleš PRANDžEV,Roldan OCHOA,0,0,-13,50,0,0,0,0,0,0,Called Strike 1.,Základní část
197007,4,2,Aleš PRANDžEV,Roldan OCHOA,0,1,-13,46,0,0,0,0,0,0,Swinging Strike 2.,Základní část
197007,4,2,Aleš PRANDžEV,Roldan OCHOA,0,2,33,62,0,0,0,0,0,0,Ball 1.,Základní část
197007,4,2,Aleš PRANDžEV,Roldan OCHOA,1,2,14,37,0,0,0,0,0,0,PRANDžEV Aleš strikes out swinging. 3 out.,Základní část
197007,4,0,Matyáš SMOLA,Roldan OCHOA,0,0,0,0,0,0,0,0,0,0,"End of the 4th<br>0 runs, 1 lob",Základní část
197007,5,0,Matyáš SMOLA,Roldan OCHOA,0,0,32,61,0,0,0,0,0,0,Ball 1.,Základní část
197007,5,0,Matyáš SMOLA,Roldan OCHOA,1,0,37,49,0,0,0,0,0,0,Ball 2.,Základní část
197007,5,0,Matyáš SMOLA,Roldan OCHOA,2,0,37,48,0,0,0,0,0,0,Ball 3.,Základní část
197007,5,0,Matyáš SMOLA,Roldan OCHOA,3,0,11,13,0,0,0,0,0,0,Called Strike 1.,Základní část
197007,5,0,Matyáš SMOLA,Roldan OCHOA,3,1,36,29,0,0,0,0,1,0,SMOLA Matyáš walks.,Základní část
197007,5,0,Michal ANTOň,Roldan OCHOA,0,0,-15,38,0,0,0,0,0,0,Called Strike 1.,Základní část
197007,5,0,Michal ANTOň,Roldan OCHOA,0,1,0,0,0,0,0,0,0,0,Pickoff Attempt at 1st,Základní část
197007,5,0,Michal ANTOň,Roldan OCHOA,0,1,32,22,0,0,0,0,0,0,Ball 1.,Základní část
197007,5,0,Michal ANTOň,Roldan OCHOA,1,1,35,26,0,0,0,0,0,0,Ball 2. SMOLA Matyáš to 2nd on stolen base.,Základní část
197007,5,0,Michal ANTOň,Roldan OCHOA,2,1,36,16,0,0,0,0,0,0,Ball 3.,Základní část
197007,5,0,Michal ANTOň,Roldan OCHOA,3,1,5,15,0,0,81,0,0,0,ANTOň Michal reaches on muffed catch error. 4E3. SMOLA Matyáš to 3rd.,Základní část
197007,5,0,Koya UEMURA,Roldan OCHOA,0,0,0,30,0,0,0,0,0,0,Called Strike 1.,Základní část
197007,5,0,Koya UEMURA,Roldan OCHOA,0,1,32,62,0,0,0,0,0,0,Ball 1. ANTOň Michal to 2nd on stolen base.,Základní část
197007,5,0,Koya UEMURA,Roldan OCHOA,1,1,35,35,0,0,0,0,0,0,Ball 2.,Základní část
197007,5,0,Koya UEMURA,Roldan OCHOA,2,1,18,12,0,0,0,0,0,0,Foul.,Základní část
197007,5,0,Koya UEMURA,Roldan OCHOA,2,2,2,16,0,0,0,0,0,0,UEMURA Koya strikes out swinging. 1 out.,Základní část
197007,5,1,Jan MULAč,Roldan OCHOA,0,0,34,27,0,0,0,0,0,0,Ball 1.,Základní část
197007,5,1,Jan MULAč,Roldan OCHOA,1,0,-20,45,0,0,244,1,0,2,MULAč Jan triples to left center. SMOLA Matyáš scores. ANTOň Michal scores. 2 RBI.,Základní část
197007,5,0,Neznámý,Neznámý,0,0,0,0,0,0,0,0,0,0,Pitching Change: #93 DAVILA for #52 OCHOA,Základní část
197007,5,1,Filip KUBíčEK,Vladimir DAVILA,0,0,36,27,0,0,0,0,0,0,Ball 1.,Základní část
197007,5,1,Filip KUBíčEK,Vladimir DAVILA,1,0,2,47,0,0,277,1,0,2,KUBíčEK Filip homers to deep right field. MULAč Jan scores. 2 RBI.,Základní část
197007,5,1,Petr ZýMA,Vladimir DAVILA,0,0,38,57,0,0,0,0,0,0,Ball 1.,Základní část
197007,5,1,Petr ZýMA,Vladimir DAVILA,1,0,18,27,0,0,0,0,0,0,Called Strike 1.,Základní část
197007,5,1,Petr ZýMA,Vladimir DAVILA,1,1,37,68,0,0,0,0,0,0,Ball 2.,Základní část
197007,5,1,Petr ZýMA,Vladimir DAVILA,2,1,6,59,0,0,219,1,0,0,ZýMA Petr triples to right field.,Základní část
197007,5,1,Marek SLABý,Vladimir DAVILA,0,0,3,33,0,0,0,0,0,0,Called Strike 1.,Základní část
197007,5,1,Marek SLABý,Vladimir DAVILA,0,1,31,8,0,0,0,0,0,0,Ball 1.,Základní část
197007,5,1,Marek SLABý,Vladimir DAVILA,1,1,33,5,0,0,0,0,0,0,Ball 2.,Základní část
197007,5,1,Marek SLABý,Vladimir DAVILA,2,1,35,10,0,0,0,0,0,0,Ball 3.,Základní část
197007,5,1,Marek SLABý,Vladimir DAVILA,3,1,7,15,0,0,0,0,0,0,Foul.,Základní část
197007,5,1,Marek SLABý,Vladimir DAVILA,3,2,-18,46,0,0,0,0,0,0,Foul.,Základní část
197007,5,1,Marek SLABý,Vladimir DAVILA,3,2,38,27,0,0,0,0,1,0,SLABý Marek walks.,Základní část
197007,5,1,Jan HOJDA,Vladimir DAVILA,0,0,10,57,0,0,0,0,0,0,Called Strike 1.,Základní část
197007,5,1,Jan HOJDA,Vladimir DAVILA,0,1,31,59,0,0,0,0,0,0,Ball 1.,Základní část
197007,5,1,Jan HOJDA,Vladimir DAVILA,1,1,7,53,0,0,179,1,0,1,HOJDA Jan singles to right field. ZýMA Petr scores. SLABý Marek to 2nd. 1 RBI.,Základní část
197007,5,1,Aleš PRANDžEV,Vladimir DAVILA,0,0,9,48,0,0,0,0,0,0,Called Strike 1.,Základní část
197007,5,1,Aleš PRANDžEV,Vladimir DAVILA,0,1,36,40,0,0,0,0,0,0,Ball 1.,Základní část
197007,5,1,Aleš PRANDžEV,Vladimir DAVILA,1,1,35,54,0,0,0,0,0,0,Ball 2.,Základní část
197007,5,1,Aleš PRANDžEV,Vladimir DAVILA,2,1,39,6,0,0,0,0,0,0,Ball 3.,Základní část
197007,5,1,Aleš PRANDžEV,Vladimir DAVILA,3,1,19,48,0,0,0,0,0,0,Called Strike 2.,Základní část
197007,5,1,Aleš PRANDžEV,Vladimir DAVILA,3,2,33,61,0,0,0,0,1,0,PRANDžEV Aleš walks. SLABý Marek to 3rd. HOJDA Jan to 2nd.,Základní část
197007,5,1,Matyáš SMOLA,Vladimir DAVILA,0,0,-4,28,0,0,0,0,0,0,Called Strike 1.,Základní část
197007,5,1,Matyáš SMOLA,Vladimir DAVILA,0,1,33,48,0,0,0,0,0,0,Ball 1.,Základní část
197007,5,1,Matyáš SMOLA,Vladimir DAVILA,1,1,39,1,0,0,0,0,0,0,Ball 2.,Základní část
197007,5,1,Matyáš SMOLA,Vladimir DAVILA,2,1,39,51,0,0,0,0,0,0,Ball 3.,Základní část
197007,5,1,Matyáš SMOLA,Vladimir DAVILA,3,1,18,61,0,0,0,0,0,0,Swinging Strike 2.,Základní část
197007,5,1,Matyáš SMOLA,Vladimir DAVILA,3,2,34,34,0,0,0,0,1,1,SMOLA Matyáš walks. SLABý Marek scores. HOJDA Jan to 3rd. PRANDžEV Aleš to 2nd. 1 RBI.,Základní část
197007,5,0,Neznámý,Neznámý,0,0,0,0,0,0,0,0,0,0,Pitching Change: #34 GALINDO for #93 DAVILA,Základní část
197007,5,1,Michal ANTOň,Cristian GALINDO,0,0,32,19,0,0,0,0,0,0,Ball 1.,Základní část
197007,5,1,Michal ANTOň,Cristian GALINDO,1,0,17,17,0,0,0,0,0,0,Called Strike 1.,Základní část
197007,5,1,Michal ANTOň,Cristian GALINDO,1,1,-14,20,0,0,94,0,0,0,ANTOň Michal hits into a double play.  GDP 523. HOJDA Jan  out at home 52.  3 out.,Základní část
197007,5,0,Koya UEMURA,Cristian GALINDO,0,0,0,0,0,0,0,0,0,0,"End of the 5th<br>6 runs, 2 lob",Základní část
197007,6,0,Neznámý,Neznámý,0,0,0,0,0,0,0,0,0,0,Defensive Change: #0 ZELENKA to 1B,Základní část
197007,6,0,Neznámý,Neznámý,0,0,0,0,0,0,0,0,0,0,Defensive Change: #9 CHROMý to RF,Základní část
197007,6,0,Koya UEMURA,Cristian GALINDO,0,0,37,17,0,0,0,0,0,0,Ball 1.,Základní část
197007,6,0,Koya UEMURA,Cristian GALINDO,1,0,-4,34,0,0,0,0,0,0,Called Strike 1.,Základní část
197007,6,0,Koya UEMURA,Cristian GALINDO,1,1,11,14,0,0,0,0,0,0,Called Strike 2.,Základní část
197007,6,0,Koya UEMURA,Cristian GALINDO,1,2,13,23,0,0,0,0,0,0,UEMURA Koya strikes out swinging. 1 out.,Základní část
197007,6,1,Jan MULAč,Cristian GALINDO,0,0,31,38,0,0,0,0,0,0,Ball 1.,Základní část
197007,6,1,Jan MULAč,Cristian GALINDO,1,0,-9,59,0,0,95,0,0,0,MULAč Jan flies out.  P6. 2 out.,Základní část
197007,6,2,Filip KUBíčEK,Cristian GALINDO,0,0,18,59,0,0,0,0,0,0,Called Strike 1.,Základní část
197007,6,2,Filip KUBíčEK,Cristian GALINDO,0,1,-2,25,0,0,0,0,0,0,Swinging Strike 2.,Základní část
197007,6,2,Filip KUBíčEK,Cristian GALINDO,0,2,31,18,0,0,0,0,0,0,Ball 1.,Základní část
197007,6,2,Filip KUBíčEK,Cristian GALINDO,1,2,33,55,0,0,0,0,0,0,Ball 2.,Základní část
197007,6,2,Filip KUBíčEK,Cristian GALINDO,2,2,32,20,0,0,0,0,0,0,Ball 3.,Základní část
197007,6,2,Filip KUBíčEK,Cristian GALINDO,3,2,15,61,0,0,0,0,0,0,Foul.,Základní část
197007,6,2,Filip KUBíčEK,Cristian GALINDO,3,2,0,32,0,0,0,0,0,0,KUBíčEK Filip strikes out swinging. 3 out.,Základní část
197007,6,0,Petr ZýMA,Cristian GALINDO,0,0,0,0,0,0,0,0,0,0,"End of the 6th<br>0 runs, 0 lob",Základní část
197007,7,0,Michal ZELENKA,Neznámý,0,0,0,0,0,0,0,0,0,0,Pitching Change: #26 PRAžáK for #34 GALINDO,Základní část
197007,7,0,Petr ZýMA,Albert PRAžáK,0,0,30,3,0,0,0,0,0,0,Ball 1.,Základní část
197007,7,0,Petr ZýMA,Albert PRAžáK,1,0,-14,37,0,0,0,0,0,0,Called Strike 1.,Základní část
197007,7,0,Petr ZýMA,Albert PRAžáK,1,1,19,36,0,0,0,0,0,0,Swinging Strike 2.,Základní část
197007,7,0,Petr ZýMA,Albert PRAžáK,1,2,-20,19,0,0,0,0,0,0,Foul.,Základní část
197007,7,0,Petr ZýMA,Albert PRAžáK,1,2,34,25,0,0,0,0,0,0,Ball 2.,Základní část
197007,7,0,Petr ZýMA,Albert PRAžáK,2,2,-1,23,0,0,113,0,0,0,ZýMA Petr grounds out 6-3. 1 out.,Základní část
197007,7,1,Marek SLABý,Albert PRAžáK,0,0,14,48,0,0,0,0,0,0,Called Strike 1.,Základní část
197007,7,1,Marek SLABý,Albert PRAžáK,0,1,-10,53,0,0,0,0,0,0,Called Strike 2.,Základní část
197007,7,1,Marek SLABý,Albert PRAžáK,0,2,-18,35,0,0,0,0,0,0,Foul.,Základní část
197007,7,1,Marek SLABý,Albert PRAžáK,0,2,-12,52,0,0,0,0,0,0,SLABý Marek strikes out looking. 2 out.,Základní část
197007,7,2,Jan HOJDA,Albert PRAžáK,0,0,30,27,0,0,0,0,0,0,Ball 1.,Základní část
197007,7,2,Jan HOJDA,Albert PRAžáK,1,0,-11,28,0,0,0,0,0,0,Called Strike 1.,Základní část
197007,7,2,Jan HOJDA,Albert PRAžáK,1,1,38,16,0,0,0,0,0,0,Ball 2.,Základní část
197007,7,2,Jan HOJDA,Albert PRAžáK,2,1,39,67,0,0,0,0,0,0,Ball 3.,Základní část
197007,7,2,Jan HOJDA,Albert PRAžáK,3,1,11,50,0,0,88,0,0,0,HOJDA Jan flies out.  L4. 3 out.,Základní část
197007,7,0,Aleš PRANDžEV,Albert PRAžáK,0,0,0,0,0,0,0,0,0,0,"End of the 7th<br>0 runs, 0 lob",Základní část
197007,8,0,Aleš PRANDžEV,Albert PRAžáK,0,0,33,21,0,0,0,0,0,0,Ball 1.,Základní část
197007,8,0,Aleš PRANDžEV,Albert PRAžáK,1,0,3,48,0,0,0,0,0,0,Swinging Strike 1.,Základní část
197007,8,0,Aleš PRANDžEV,Albert PRAžáK,1,1,10,13,0,0,0,0,0,0,Foul.,Základní část
197007,8,0,Aleš PRANDžEV,Albert PRAžáK,1,2,1,14,0,0,0,0,0,0,Foul.,Základní část
197007,8,0,Aleš PRANDžEV,Albert PRAžáK,1,2,33,64,0,0,0,0,0,0,Ball 2.,Základní část
197007,8,0,Aleš PRANDžEV,Albert PRAžáK,2,2,15,41,0,0,0,0,0,0,PRANDžEV Aleš strikes out looking. 1 out.,Základní část
197007,8,1,Matyáš SMOLA,Albert PRAžáK,0,0,2,36,0,0,0,0,0,0,Swinging Strike 1.,Základní část
197007,8,1,Matyáš SMOLA,Albert PRAžáK,0,1,6,43,0,0,0,0,0,0,Swinging Strike 2.,Základní část
197007,8,1,Matyáš SMOLA,Albert PRAžáK,0,2,33,44,0,0,0,0,0,0,Ball 1.,Základní část
197007,8,1,Matyáš SMOLA,Albert PRAžáK,1,2,0,51,0,0,0,0,0,0,SMOLA Matyáš strikes out swinging. 2 out.,Základní část
197007,8,2,Michal ANTOň,Albert PRAžáK,0,0,19,50,0,0,226,0,0,0,ANTOň Michal flies out to right field.  F9. 3 out.,Základní část
197007,8,0,Koya UEMURA,Albert PRAžáK,0,0,0,0,0,0,0,0,0,0,"End of the 8th<br>0 runs, 0 lob",Základní část
197011,1,0,Michal ANTOň,Marek MINAříK,0,0,30,54,0,0,0,0,0,0,Ball 1.,Základní část
197011,1,0,Michal ANTOň,Marek MINAříK,1,0,6,58,0,0,0,0,0,0,Called Strike 1.,Základní část
197011,1,0,Michal ANTOň,Marek MINAříK,1,1,33,29,0,0,0,0,0,0,Ball 2.,Základní část
197011,1,0,Michal ANTOň,Marek MINAříK,2,1,-8,17,0,0,94,0,0,0,ANTOň Michal reaches on throwing error. E5T.,Základní část
197011,1,0,Koya UEMURA,Marek MINAříK,0,0,0,51,0,0,0,0,0,0,Called Strike 1. ANTOň Michal to 2nd on . ANTOň Michal  out at 1st CS13.  1 out.,Základní část
197011,1,1,Koya UEMURA,Marek MINAříK,0,1,32,59,0,0,0,0,0,0,Ball 1.,Základní část
197011,1,1,Koya UEMURA,Marek MINAříK,1,1,10,33,0,0,0,0,0,0,Called Strike 2.,Základní část
197011,1,1,Koya UEMURA,Marek MINAříK,1,2,36,56,0,0,0,0,0,0,Ball 2.,Základní část
197011,1,1,Koya UEMURA,Marek MINAříK,2,2,3,57,0,0,76,0,0,0,UEMURA Koya flies out.  L3. 2 out.,Základní část
197011,1,2,Jan MULAč,Marek MINAříK,0,0,32,24,0,0,0,0,0,0,Ball 1.,Základní část
197011,1,2,Jan MULAč,Marek MINAříK,1,0,-60,32,0,0,0,0,0,0,MULAč Jan Hit By Pitch.,Základní část
197011,1,2,Filip KUBíčEK,Marek MINAříK,0,0,-17,37,0,0,0,0,0,0,Foul.,Základní část
197011,1,2,Filip KUBíčEK,Marek MINAříK,0,1,37,42,0,0,0,0,0,0,Ball 1. MULAč Jan to 2nd on wild pitch.,Základní část
197011,1,2,Filip KUBíčEK,Marek MINAříK,1,1,6,37,0,0,0,0,0,0,Called Strike 2.,Základní část
197011,1,2,Filip KUBíčEK,Marek MINAříK,1,2,-6,14,0,0,0,0,0,0,KUBíčEK Filip strikes out swinging. 3 out.,Základní část
197011,1,0,Petr ZýMA,Marek MINAříK,0,0,0,0,0,0,0,0,0,0,"End of the 1st<br>0 runs, 1 lob",Základní část
197011,2,0,Petr ZýMA,Marek MINAříK,0,0,0,23,0,0,0,0,0,0,Called Strike 1.,Základní část
197011,2,0,Petr ZýMA,Marek MINAříK,0,1,35,8,0,0,0,0,0,0,Ball 1.,Základní část
197011,2,0,Petr ZýMA,Marek MINAříK,1,1,13,36,0,0,0,0,0,0,Called Strike 2.,Základní část
197011,2,0,Petr ZýMA,Marek MINAříK,1,2,8,40,0,0,0,0,0,0,Foul.,Základní část
197011,2,0,Petr ZýMA,Marek MINAříK,1,2,-7,12,0,0,113,0,0,0,ZýMA Petr grounds out 6-3. 1 out.,Základní část
197011,2,1,Marek SLABý,Marek MINAříK,0,0,32,12,0,0,0,0,0,0,Ball 1.,Základní část
197011,2,1,Marek SLABý,Marek MINAříK,1,0,-4,55,0,0,0,0,0,0,Called Strike 1.,Základní část
197011,2,1,Marek SLABý,Marek MINAříK,1,1,-19,25,0,0,0,0,0,0,Called Strike 2.,Základní část
197011,2,1,Marek SLABý,Marek MINAříK,1,2,15,46,0,0,179,1,0,0,SLABý Marek singles to right center.,Základní část
197011,2,1,Jan HOJDA,Marek MINAříK,0,0,0,0,0,0,0,0,0,0,SLABý Marek to 2nd on E1T.,Základní část
197011,2,1,Jan HOJDA,Marek MINAříK,0,0,33,29,0,0,0,0,0,0,Ball 1.,Základní část
197011,2,1,Jan HOJDA,Marek MINAříK,1,0,37,3,0,0,0,0,0,0,Ball 2.,Základní část
197011,2,1,Jan HOJDA,Marek MINAříK,2,0,0,0,0,0,0,0,0,0,SLABý Marek to 3rd on balk.,Základní část
197011,2,1,Jan HOJDA,Marek MINAříK,2,0,9,40,0,0,0,0,0,0,Called Strike 1.,Základní část
197011,2,1,Jan HOJDA,Marek MINAříK,2,1,15,53,0,0,0,0,0,0,Called Strike 2.,Základní část
197011,2,1,Jan HOJDA,Marek MINAříK,2,2,9,56,0,0,190,0,0,1,HOJDA Jan flies out to right field.  Sacrifice Fly.  SF9. SLABý Marek scores. 2 out. 1 RBI.,Základní část
197011,2,2,Aleš PRANDžEV,Marek MINAříK,0,0,1,22,0,0,0,0,0,0,Called Strike 1.,Základní část
197011,2,2,Aleš PRANDžEV,Marek MINAříK,0,1,1,23,0,0,113,0,0,0,PRANDžEV Aleš grounds out 4-3. 3 out.,Základní část
197011,2,0,Matyáš SMOLA,Marek MINAříK,0,0,0,0,0,0,0,0,0,0,"End of the 2nd<br>1 runs, 0 lob",Základní část
197011,3,0,Matyáš SMOLA,Marek MINAříK,0,0,8,43,0,0,0,0,0,0,Called Strike 1.,Základní část
197011,3,0,Matyáš SMOLA,Marek MINAříK,0,1,32,26,0,0,0,0,0,0,Ball 1.,Základní část
197011,3,0,Matyáš SMOLA,Marek MINAříK,1,1,-15,15,0,0,113,0,0,0,SMOLA Matyáš grounds out 6-3. 1 out.,Základní část
197011,3,1,Michal ANTOň,Marek MINAříK,0,0,2,23,0,0,0,0,0,0,Called Strike 1.,Základní část
197011,3,1,Michal ANTOň,Marek MINAříK,0,1,7,47,0,0,226,0,0,0,ANTOň Michal flies out to right field.  L9. 2 out.,Základní část
197011,3,2,Koya UEMURA,Marek MINAříK,0,0,-20,48,0,0,0,0,0,0,Called Strike 1.,Základní část
197011,3,2,Koya UEMURA,Marek MINAříK,0,1,38,6,0,0,0,0,0,0,Ball 1.,Základní část
197011,3,2,Koya UEMURA,Marek MINAříK,1,1,-11,44,0,0,0,0,0,0,Called Strike 2.,Základní část
197011,3,2,Koya UEMURA,Marek MINAříK,1,2,36,65,0,0,0,0,0,0,Ball 2.,Základní část
197011,3,2,Koya UEMURA,Marek MINAříK,2,2,-9,25,0,0,66,0,0,0,UEMURA Koya reaches on fielding error. E5.,Základní část
197011,3,2,Jan MULAč,Marek MINAříK,0,0,13,59,0,0,192,0,0,0,MULAč Jan flies out to center field.  F8. 3 out.,Základní část
197011,3,0,Filip KUBíčEK,Marek MINAříK,0,0,0,0,0,0,0,0,0,0,"End of the 3rd<br>0 runs, 1 lob",Základní část
197011,4,0,Filip KUBíčEK,Marek MINAříK,0,0,38,23,0,0,0,0,0,0,Ball 1.,Základní část
197011,4,0,Filip KUBíčEK,Marek MINAříK,1,0,6,13,0,0,0,0,0,0,Swinging Strike 1.,Základní část
197011,4,0,Filip KUBíčEK,Marek MINAříK,1,1,30,47,0,0,0,0,0,0,Ball 2.,Základní část
197011,4,0,Filip KUBíčEK,Marek MINAříK,2,1,35,8,0,0,0,0,0,0,Ball 3.,Základní část
197011,4,0,Filip KUBíčEK,Marek MINAříK,3,1,-9,52,0,0,0,0,0,0,Swinging Strike 2.,Základní část
197011,4,0,Filip KUBíčEK,Marek MINAříK,3,2,9,60,0,0,178,0,0,0,KUBíčEK Filip flies out to right field.  F9. 1 out.,Základní část
197011,4,1,Petr ZýMA,Marek MINAříK,0,0,19,27,0,0,0,0,0,0,Called Strike 1.,Základní část
197011,4,1,Petr ZýMA,Marek MINAříK,0,1,-18,49,0,0,0,0,0,0,Swinging Strike 2.,Základní část
197011,4,1,Petr ZýMA,Marek MINAříK,0,2,4,53,0,0,113,0,0,0,ZýMA Petr flies out.  F4. 2 out.,Základní část
197011,4,2,Marek SLABý,Marek MINAříK,0,0,18,19,0,0,0,0,0,0,Called Strike 1.,Základní část
197011,4,2,Marek SLABý,Marek MINAříK,0,1,-20,46,0,0,0,0,0,0,Called Strike 2.,Základní část
197011,4,2,Marek SLABý,Marek MINAříK,0,2,32,43,0,0,0,0,0,0,Ball 1.,Základní část
197011,4,2,Marek SLABý,Marek MINAříK,1,2,12,12,0,0,0,0,0,0,SLABý Marek strikes out swinging. 3 out.,Základní část
197011,4,0,Jan HOJDA,Marek MINAříK,0,0,0,0,0,0,0,0,0,0,"End of the 4th<br>0 runs, 0 lob",Základní část
197011,5,0,Neznámý,Neznámý,0,0,0,0,0,0,0,0,0,0,Defensive Change: #9 CHROMý to 2B,Základní část
197011,5,0,Jan HOJDA,Marek MINAříK,0,0,-3,25,0,0,0,0,0,0,Called Strike 1.,Základní část
197011,5,0,Jan HOJDA,Marek MINAříK,0,1,-4,42,0,0,0,0,0,0,Called Strike 2.,Základní část
197011,5,0,Jan HOJDA,Marek MINAříK,0,2,6,59,0,0,0,0,0,0,Foul.,Základní část
197011,5,0,Jan HOJDA,Marek MINAříK,0,2,-16,53,0,0,0,0,0,0,HOJDA Jan strikes out swinging KS23. 1 out.,Základní část
197011,5,1,Aleš PRANDžEV,Marek MINAříK,0,0,39,54,0,0,0,0,0,0,Ball 1.,Základní část
197011,5,1,Aleš PRANDžEV,Marek MINAříK,1,0,30,35,0,0,0,0,0,0,Ball 2.,Základní část
197011,5,1,Aleš PRANDžEV,Marek MINAříK,2,0,-1,14,0,0,0,0,0,0,Called Strike 1.,Základní část
197011,5,1,Aleš PRANDžEV,Marek MINAříK,2,1,-11,19,0,0,113,0,0,0,PRANDžEV Aleš grounds out 6-3. 2 out.,Základní část
197011,5,2,Matyáš SMOLA,Marek MINAříK,0,0,-4,59,0,0,0,0,0,0,Called Strike 1.,Základní část
197011,5,2,Matyáš SMOLA,Marek MINAříK,0,1,2,20,0,0,81,1,0,0,SMOLA Matyáš singles to second base.,Základní část
197011,5,2,Michal ANTOň,Marek MINAříK,0,0,32,9,0,0,0,0,0,0,Ball 1. SMOLA Matyáš to 2nd on stolen base.,Základní část
197011,5,2,Michal ANTOň,Marek MINAříK,1,0,16,49,0,0,207,1,0,1,ANTOň Michal singles to right field. SMOLA Matyáš scores. 1 RBI.,Základní část
197011,5,2,Koya UEMURA,Marek MINAříK,0,0,39,16,0,0,0,0,0,0,Ball 1.,Základní část
197011,5,2,Koya UEMURA,Marek MINAříK,1,0,3,43,0,0,0,0,0,0,Swinging Strike 1.,Základní část
197011,5,2,Koya UEMURA,Marek MINAříK,1,1,-2,25,0,0,94,0,0,0,UEMURA Koya grounds out 5-3. 3 out.,Základní část
197011,5,0,Jan MULAč,Marek MINAříK,0,0,0,0,0,0,0,0,0,0,"End of the 5th<br>1 runs, 1 lob",Základní část
197011,6,0,Jan MULAč,Marek MINAříK,0,0,-57,28,0,0,0,0,0,0,MULAč Jan Hit By Pitch.,Základní část
197011,6,0,Filip KUBíčEK,Marek MINAříK,0,0,-14,63,0,0,62,0,0,0,KUBíčEK Filip flies out.  P5. 1 out.,Základní část
197011,6,1,Petr ZýMA,Marek MINAříK,0,0,32,42,0,0,0,0,0,0,Ball 1.,Základní část
197011,6,1,Petr ZýMA,Marek MINAříK,1,0,35,57,0,0,0,0,0,0,Ball 2.,Základní část
197011,6,1,Petr ZýMA,Marek MINAříK,2,0,32,1,0,0,0,0,0,0,Ball 3. MULAč Jan to 2nd on . MULAč Jan  out at 2nd CS134.  2 out.,Základní část
197011,6,2,Petr ZýMA,Marek MINAříK,3,0,-18,19,0,0,94,0,0,0,ZýMA Petr grounds out 5-3. 3 out.,Základní část
197011,6,0,Marek SLABý,Marek MINAříK,0,0,0,0,0,0,0,0,0,0,"End of the 6th<br>0 runs, 0 lob",Základní část
197011,7,0,Neznámý,Neznámý,0,0,0,0,0,0,0,0,0,0,Defensive Change: #38 ZELENKA to LF,Základní část
197011,7,0,Marek SLABý,Marek MINAříK,0,0,-11,26,0,0,0,0,0,0,Called Strike 1.,Základní část
197011,7,0,Marek SLABý,Marek MINAříK,0,1,7,26,0,0,0,0,0,0,Foul.,Základní část
197011,7,0,Marek SLABý,Marek MINAříK,0,2,-19,12,0,0,0,0,0,0,Foul.,Základní část
197011,7,0,Marek SLABý,Marek MINAříK,0,2,-7,25,0,0,0,0,0,0,SLABý Marek strikes out swinging. 1 out.,Základní část
197011,7,1,Jan HOJDA,Marek MINAříK,0,0,13,40,0,0,0,0,0,0,Called Strike 1.,Základní část
197011,7,1,Jan HOJDA,Marek MINAříK,0,1,32,67,0,0,0,0,0,0,Ball 1.,Základní část
197011,7,1,Jan HOJDA,Marek MINAříK,1,1,-15,59,0,0,0,0,0,0,Swinging Strike 2.,Základní část
197011,7,1,Jan HOJDA,Marek MINAříK,1,2,37,33,0,0,0,0,0,0,Ball 2.,Základní část
197011,7,1,Jan HOJDA,Marek MINAříK,2,2,38,6,0,0,0,0,0,0,Ball 3.,Základní část
197011,7,1,Jan HOJDA,Marek MINAříK,3,2,-1,58,0,0,75,0,0,0,HOJDA Jan flies out.  P6. 2 out.,Základní část
197011,7,2,Aleš PRANDžEV,Marek MINAříK,0,0,36,21,0,0,0,0,0,0,Ball 1.,Základní část
197011,7,2,Aleš PRANDžEV,Marek MINAříK,1,0,19,35,0,0,0,0,0,0,Foul.,Základní část
197011,7,2,Aleš PRANDžEV,Marek MINAříK,1,1,-3,41,0,0,0,0,0,0,Foul.,Základní část
197011,7,2,Aleš PRANDžEV,Marek MINAříK,1,2,32,10,0,0,0,0,0,0,Ball 2.,Základní část
197011,7,2,Aleš PRANDžEV,Marek MINAříK,2,2,2,39,0,0,0,0,0,0,Foul.,Základní část
197011,7,2,Aleš PRANDžEV,Marek MINAříK,2,2,-1,18,0,0,0,0,0,0,PRANDžEV Aleš strikes out swinging. 3 out.,Základní část
197011,7,0,Matyáš SMOLA,Marek MINAříK,0,0,0,0,0,0,0,0,0,0,"End of the 7th<br>0 runs, 0 lob",Základní část
197011,8,0,Neznámý,Neznámý,0,0,0,0,0,0,0,0,0,0,Pitching Change: #38 ZELENKA for #13 MINAříK,Základní část
197011,8,0,Neznámý,Neznámý,0,0,0,0,0,0,0,0,0,0,Defensive Change: #13 MINAříK to LF,Základní část
197011,8,0,Matyáš SMOLA,Martin ZELENKA,0,0,38,35,0,0,0,0,0,0,Ball 1.,Základní část
197011,8,0,Matyáš SMOLA,Martin ZELENKA,1,0,32,68,0,0,0,0,0,0,Ball 2.,Základní část
197011,8,0,Matyáš SMOLA,Martin ZELENKA,2,0,30,28,0,0,0,0,0,0,Ball 3.,Základní část
197011,8,0,Matyáš SMOLA,Martin ZELENKA,3,0,-7,48,0,0,0,0,0,0,Called Strike 1.,Základní část
197011,8,0,Matyáš SMOLA,Martin ZELENKA,3,1,-7,34,0,0,0,0,0,0,Called Strike 2.,Základní část
197011,8,0,Matyáš SMOLA,Martin ZELENKA,3,2,-3,28,0,0,0,0,0,0,Foul.,Základní část
197011,8,0,Matyáš SMOLA,Martin ZELENKA,3,2,8,55,0,0,0,0,0,0,SMOLA Matyáš strikes out looking. 1 out.,Základní část
197011,8,1,Michal ANTOň,Martin ZELENKA,0,0,15,56,0,0,0,0,0,0,Called Strike 1.,Základní část
197011,8,1,Michal ANTOň,Martin ZELENKA,0,1,-20,50,0,0,0,0,0,0,Called Strike 2.,Základní část
197011,8,1,Michal ANTOň,Martin ZELENKA,0,2,-9,54,0,0,84,0,0,0,ANTOň Michal flies out.  P6. 2 out.,Základní část
197011,8,2,Koya UEMURA,Martin ZELENKA,0,0,-6,37,0,0,0,0,0,0,Called Strike 1.,Základní část
197011,8,2,Koya UEMURA,Martin ZELENKA,0,1,31,27,0,0,0,0,0,0,Ball 1.,Základní část
197011,8,2,Koya UEMURA,Martin ZELENKA,1,1,-12,14,0,0,0,0,0,0,Swinging Strike 2.,Základní část
197011,8,2,Koya UEMURA,Martin ZELENKA,1,2,38,14,0,0,0,0,0,0,Ball 2.,Základní část
197011,8,2,Koya UEMURA,Martin ZELENKA,2,2,0,21,0,0,83,0,0,0,UEMURA Koya grounds out 4-3. 3 out.,Základní část
197011,8,0,Jan MULAč,Martin ZELENKA,0,0,0,0,0,0,0,0,0,0,"End of the 8th<br>0 runs, 0 lob",Základní část
197011,9,0,Jan MULAč,Martin ZELENKA,0,0,31,13,0,0,0,0,0,0,Ball 1.,Základní část
197011,9,0,Jan MULAč,Martin ZELENKA,1,0,-12,35,0,0,0,0,0,0,Foul.,Základní část
197011,9,0,Jan MULAč,Martin ZELENKA,1,1,31,40,0,0,0,0,0,0,Ball 2.,Základní část
197011,9,0,Jan MULAč,Martin ZELENKA,2,1,6,43,0,0,0,0,0,0,Foul.,Základní část
197011,9,0,Jan MULAč,Martin ZELENKA,2,2,-16,11,0,0,58,1,0,0,MULAč Jan singles to third base.,Základní část
197011,9,0,Filip KUBíčEK,Martin ZELENKA,0,0,31,63,0,0,0,0,0,0,Ball 1.,Základní část
197011,9,0,Filip KUBíčEK,Martin ZELENKA,1,0,0,0,0,0,0,0,0,0,Pickoff Attempt at 1st,Základní část
197011,9,0,Filip KUBíčEK,Martin ZELENKA,1,0,31,40,0,0,0,0,0,0,Ball 2.,Základní část
197011,9,0,Filip KUBíčEK,Martin ZELENKA,2,0,-6,45,0,0,226,0,0,0,KUBíčEK Filip flies out to center field.  F8. 1 out.,Základní část
197011,9,1,Petr ZýMA,Martin ZELENKA,0,0,34,9,0,0,0,0,0,0,Ball 1.,Základní část
197011,9,1,Petr ZýMA,Martin ZELENKA,1,0,-15,48,0,0,0,0,0,0,Called Strike 1.,Základní část
197011,9,1,Petr ZýMA,Martin ZELENKA,1,1,3,17,0,0,0,0,0,0,Foul.,Základní část
197011,9,1,Petr ZýMA,Martin ZELENKA,1,2,-13,45,0,0,247,0,0,0,ZýMA Petr flies out to center field.  F8. 2 out.,Základní část
197011,9,2,Marek SLABý,Martin ZELENKA,0,0,34,62,0,0,0,0,0,0,Ball 1.,Základní část
197011,9,2,Marek SLABý,Martin ZELENKA,1,0,38,46,0,0,0,0,0,0,Ball 2.,Základní část
197011,9,2,Marek SLABý,Martin ZELENKA,2,0,-7,29,0,0,0,0,0,0,Called Strike 1.,Základní část
197011,9,2,Marek SLABý,Martin ZELENKA,2,1,12,21,0,0,0,0,0,0,Called Strike 2.,Základní část
197011,9,2,Marek SLABý,Martin ZELENKA,2,2,11,57,0,0,0,0,0,0,SLABý Marek strikes out swinging. 3 out.,Základní část
197011,9,0,Jan HOJDA,Martin ZELENKA,0,0,0,0,0,0,0,0,0,0,"End of the 9th<br>0 runs, 1 lob",Základní část
197011,10,0,Marek SLABý,Martin ZELENKA,0,0,0,0,0,0,0,0,0,0,-,Základní část
197011,10,0,Jan HOJDA,Martin ZELENKA,0,0,-5,27,0,0,38,0,0,0,HOJDA Jan out on sacrifice hit 13. Bunt. SLABý Marek to 3rd. 1 out.,Základní část
197011,10,1,Aleš PRANDžEV,Martin ZELENKA,0,0,1,45,0,0,0,0,0,0,Foul.,Základní část
197011,10,1,Aleš PRANDžEV,Martin ZELENKA,0,1,39,31,0,0,0,0,0,0,Ball 1.,Základní část
197011,10,1,Aleš PRANDžEV,Martin ZELENKA,1,1,-13,16,0,0,179,1,0,1,PRANDžEV Aleš singles through the left side. SLABý Marek scores. 1 RBI.,Základní část
197011,10,1,Aleš PRANDžEV,Martin ZELENKA,1,1,0,0,0,0,0,0,0,0,GAME OVER<br>EAG wins 3-2<br>Win: ZAVADIL<br>Loss: ZELENKA Ma,Základní část
197015,1,0,Michal ANTOň,Cristian GALINDO,0,0,0,0,0,0,0,0,0,0,Play Ball,Základní část
197015,1,0,Michal ANTOň,Cristian GALINDO,0,0,31,57,0,0,0,0,0,0,Ball 1.,Základní část
197015,1,0,Michal ANTOň,Cristian GALINDO,1,0,37,16,0,0,0,0,0,0,Ball 2.,Základní část
197015,1,0,Michal ANTOň,Cristian GALINDO,2,0,-7,28,0,0,0,0,0,0,Called Strike 1.,Základní část
197015,1,0,Michal ANTOň,Cristian GALINDO,2,1,33,18,0,0,0,0,0,0,Ball 3.,Základní část
197015,1,0,Michal ANTOň,Cristian GALINDO,3,1,39,50,0,0,0,0,1,0,ANTOň Michal walks.,Základní část
197015,1,0,Koya UEMURA,Cristian GALINDO,0,0,-4,41,0,0,0,0,0,0,Called Strike 1.,Základní část
197015,1,0,Koya UEMURA,Cristian GALINDO,0,1,-4,57,0,0,93,0,0,0,UEMURA Koya flies out.  L6. 1 out.,Základní část
197015,1,1,Jan MULAč,Cristian GALINDO,0,0,39,14,0,0,0,0,0,0,Ball 1.,Základní část
197015,1,1,Jan MULAč,Cristian GALINDO,1,0,-12,56,0,0,75,0,0,0,MULAč Jan flies out.  P5. 2 out.,Základní část
197015,1,2,Filip KUBíčEK,Cristian GALINDO,0,0,33,33,0,0,0,0,0,0,Ball 1.,Základní část
197015,1,2,Filip KUBíčEK,Cristian GALINDO,1,0,31,70,0,0,0,0,0,0,Ball 2.,Základní část
197015,1,2,Filip KUBíčEK,Cristian GALINDO,2,0,9,54,0,0,0,0,0,0,Foul.,Základní část
197015,1,2,Filip KUBíčEK,Cristian GALINDO,2,1,0,0,0,0,0,0,0,0,Pickoff Attempt at 1st,Základní část
197015,1,2,Filip KUBíčEK,Cristian GALINDO,2,1,-20,13,0,0,0,0,0,0,Called Strike 2.,Základní část
197015,1,2,Filip KUBíčEK,Cristian GALINDO,2,2,8,53,0,0,0,0,0,0,KUBíčEK Filip strikes out swinging. 3 out.,Základní část
197015,1,0,Petr ZýMA,Cristian GALINDO,0,0,0,0,0,0,0,0,0,0,"Middle of the 1st<br>0 runs, 1 lob",Základní část
197015,2,0,Petr ZýMA,Cristian GALINDO,0,0,-10,25,0,0,0,0,0,0,Foul.,Základní část
197015,2,0,Petr ZýMA,Cristian GALINDO,0,1,-10,59,0,0,0,0,0,0,Called Strike 2.,Základní část
197015,2,0,Petr ZýMA,Cristian GALINDO,0,2,16,13,0,0,179,1,0,0,ZýMA Petr singles through the right side.,Základní část
197015,2,0,Viktor HLUCHý,Cristian GALINDO,0,0,-11,54,0,0,19,0,0,0,HLUCHý Viktor flies out. Bunt.  F2. 1 out.,Základní část
197015,2,1,Jan HOJDA,Cristian GALINDO,0,0,-3,15,0,0,0,0,0,0,Called Strike 1.,Základní část
197015,2,1,Jan HOJDA,Cristian GALINDO,0,1,38,48,0,0,0,0,0,0,Ball 1.,Základní část
197015,2,1,Jan HOJDA,Cristian GALINDO,1,1,-5,12,0,0,0,0,0,0,Swinging Strike 2.,Základní část
197015,2,1,Jan HOJDA,Cristian GALINDO,1,2,-15,29,0,0,0,0,0,0,Foul.,Základní část
197015,2,1,Jan HOJDA,Cristian GALINDO,1,2,5,43,0,0,0,0,0,0,HOJDA Jan strikes out swinging. 2 out.,Základní část
197015,2,2,Aleš PRANDžEV,Cristian GALINDO,0,0,-10,18,0,0,0,0,0,0,Called Strike 1.,Základní část
197015,2,2,Aleš PRANDžEV,Cristian GALINDO,0,1,15,40,0,0,0,0,0,0,Swinging Strike 2. ZýMA Petr to 2nd on stolen base.,Základní část
197015,2,2,Aleš PRANDžEV,Cristian GALINDO,0,2,35,44,0,0,0,0,0,0,Ball 1.,Základní část
197015,2,2,Aleš PRANDžEV,Cristian GALINDO,1,2,31,8,0,0,0,0,0,0,Ball 2.,Základní část
197015,2,2,Aleš PRANDžEV,Cristian GALINDO,2,2,34,57,0,0,0,0,0,0,Ball 3.,Základní část
197015,2,2,Aleš PRANDžEV,Cristian GALINDO,3,2,-12,50,0,0,0,0,0,0,PRANDžEV Aleš strikes out swinging. 3 out.,Základní část
197015,2,0,Matyáš SMOLA,Cristian GALINDO,0,0,0,0,0,0,0,0,0,0,"Middle of the 2nd<br>0 runs, 1 lob",Základní část
197015,3,0,Matyáš SMOLA,Cristian GALINDO,0,0,33,62,0,0,0,0,0,0,Ball 1.,Základní část
197015,3,0,Matyáš SMOLA,Cristian GALINDO,1,0,5,25,0,0,0,0,0,0,Called Strike 1.,Základní část
197015,3,0,Matyáš SMOLA,Cristian GALINDO,1,1,31,46,0,0,0,0,0,0,Ball 2.,Základní část
197015,3,0,Matyáš SMOLA,Cristian GALINDO,2,1,35,22,0,0,0,0,0,0,Ball 3.,Základní část
197015,3,0,Matyáš SMOLA,Cristian GALINDO,3,1,6,28,0,0,0,0,0,0,Called Strike 2.,Základní část
197015,3,0,Matyáš SMOLA,Cristian GALINDO,3,2,19,58,0,0,0,0,0,0,Foul.,Základní část
197015,3,0,Matyáš SMOLA,Cristian GALINDO,3,2,-9,18,0,0,0,0,0,0,Foul.,Základní část
197015,3,0,Matyáš SMOLA,Cristian GALINDO,3,2,0,0,0,0,0,0,0,0,Defensive Conference,Základní část
197015,3,0,Matyáš SMOLA,Cristian GALINDO,3,2,-12,15,0,0,0,0,0,0,Foul.,Základní část
197015,3,0,Matyáš SMOLA,Cristian GALINDO,3,2,37,70,0,0,0,0,1,0,SMOLA Matyáš walks.,Základní část
197015,3,0,Michal ANTOň,Cristian GALINDO,0,0,14,39,0,0,0,0,0,0,Called Strike 1. SMOLA Matyáš to 2nd on stolen base.,Základní část
197015,3,0,Michal ANTOň,Cristian GALINDO,0,1,-9,27,0,0,0,0,0,0,Foul.,Základní část
197015,3,0,Michal ANTOň,Cristian GALINDO,0,2,-16,29,0,0,0,0,0,0,Foul.,Základní část
197015,3,0,Michal ANTOň,Cristian GALINDO,0,2,37,62,0,0,0,0,0,0,Ball 1.,Základní část
197015,3,0,Michal ANTOň,Cristian GALINDO,1,2,-10,11,0,0,113,0,0,0,ANTOň Michal reaches on fielders choice. SMOLA Matyáš  out at 3rd 654.  1 out.,Základní část
197015,3,1,Koya UEMURA,Cristian GALINDO,0,0,36,61,0,0,0,0,0,0,Ball 1.,Základní část
197015,3,1,Koya UEMURA,Cristian GALINDO,1,0,38,21,0,0,0,0,0,0,Ball 2.,Základní část
197015,3,1,Koya UEMURA,Cristian GALINDO,2,0,-14,52,0,0,0,0,0,0,Called Strike 1.,Základní část
197015,3,1,Koya UEMURA,Cristian GALINDO,2,1,3,15,0,0,0,0,0,0,Called Strike 2.,Základní část
197015,3,1,Koya UEMURA,Cristian GALINDO,2,2,-1,20,0,0,0,0,0,0,Foul.,Základní část
197015,3,1,Koya UEMURA,Cristian GALINDO,2,2,11,60,0,0,260,0,0,0,UEMURA Koya flies out to deep center field.  F8. 2 out.,Základní část
197015,3,2,Jan MULAč,Cristian GALINDO,0,0,37,59,0,0,0,0,0,0,Ball 1.,Základní část
197015,3,2,Jan MULAč,Cristian GALINDO,1,0,0,0,0,0,0,0,0,0,Pickoff Attempt at 1st,Základní část
197015,3,2,Jan MULAč,Cristian GALINDO,1,0,30,38,0,0,0,0,0,0,Ball 2.,Základní část
197015,3,2,Jan MULAč,Cristian GALINDO,2,0,0,0,0,0,0,0,0,0,Pickoff Attempt at 1st,Základní část
197015,3,2,Jan MULAč,Cristian GALINDO,2,0,11,20,0,0,0,0,0,0,Foul.,Základní část
197015,3,2,Jan MULAč,Cristian GALINDO,2,1,33,32,0,0,0,0,0,0,Ball 3.,Základní část
197015,3,2,Jan MULAč,Cristian GALINDO,3,1,8,48,0,0,0,0,0,0,Foul.,Základní část
197015,3,2,Jan MULAč,Cristian GALINDO,3,2,-11,64,0,0,146,0,0,0,MULAč Jan flies out.  F6. 3 out.,Základní část
197015,3,0,Filip KUBíčEK,Cristian GALINDO,0,0,0,0,0,0,0,0,0,0,"Middle of the 3rd<br>0 runs, 1 lob",Základní část
197015,4,0,Filip KUBíčEK,Cristian GALINDO,0,0,36,53,0,0,0,0,0,0,Ball 1.,Základní část
197015,4,0,Filip KUBíčEK,Cristian GALINDO,1,0,35,10,0,0,0,0,0,0,Ball 2.,Základní část
197015,4,0,Filip KUBíčEK,Cristian GALINDO,2,0,7,41,0,0,0,0,0,0,Foul.,Základní část
197015,4,0,Filip KUBíčEK,Cristian GALINDO,2,1,-13,24,0,0,0,0,0,0,Called Strike 2.,Základní část
197015,4,0,Filip KUBíčEK,Cristian GALINDO,2,2,35,6,0,0,0,0,0,0,Ball 3.,Základní část
197015,4,0,Filip KUBíčEK,Cristian GALINDO,3,2,8,62,0,0,255,0,0,0,KUBíčEK Filip flies out to deep right field.  F9. 1 out.,Základní část
197015,4,1,Petr ZýMA,Cristian GALINDO,0,0,-13,60,0,0,0,0,0,0,Called Strike 1.,Základní část
197015,4,1,Petr ZýMA,Cristian GALINDO,0,1,-5,47,0,0,0,0,0,0,Foul.,Základní část
197015,4,1,Petr ZýMA,Cristian GALINDO,0,2,-14,41,0,0,0,0,0,0,Foul.,Základní část
197015,4,1,Petr ZýMA,Cristian GALINDO,0,2,3,26,0,0,0,0,0,0,Foul.,Základní část
197015,4,1,Petr ZýMA,Cristian GALINDO,0,2,-3,58,0,0,0,0,0,0,Foul.,Základní část
197015,4,1,Petr ZýMA,Cristian GALINDO,0,2,37,27,0,0,0,0,0,0,Ball 1.,Základní část
197015,4,1,Petr ZýMA,Cristian GALINDO,1,2,12,50,0,0,226,0,0,0,ZýMA Petr flies out down right field line.  F9. 2 out.,Základní část
197015,4,2,Viktor HLUCHý,Cristian GALINDO,0,0,-55,26,0,0,0,0,0,0,HLUCHý Viktor Hit By Pitch.,Základní část
197015,4,2,Jan HOJDA,Cristian GALINDO,0,0,-17,15,0,0,0,0,0,0,Called Strike 1.,Základní část
197015,4,2,Jan HOJDA,Cristian GALINDO,0,1,36,17,0,0,0,0,0,0,Ball 1.,Základní část
197015,4,2,Jan HOJDA,Cristian GALINDO,1,1,0,0,0,0,0,0,0,0,Catcher Pickoff Attempt at 1st,Základní část
197015,4,2,Jan HOJDA,Cristian GALINDO,1,1,-18,60,0,0,0,0,0,0,Called Strike 2.,Základní část
197015,4,2,Jan HOJDA,Cristian GALINDO,1,2,-10,21,0,0,0,0,0,0,HOJDA Jan strikes out swinging. 3 out.,Základní část
197015,4,0,Aleš PRANDžEV,Cristian GALINDO,0,0,0,0,0,0,0,0,0,0,"Middle of the 4th<br>0 runs, 1 lob",Základní část
197015,5,0,Aleš PRANDžEV,Cristian GALINDO,0,0,33,45,0,0,0,0,0,0,Ball 1.,Základní část
197015,5,0,Aleš PRANDžEV,Cristian GALINDO,1,0,2,39,0,0,0,0,0,0,Called Strike 1.,Základní část
197015,5,0,Aleš PRANDžEV,Cristian GALINDO,1,1,3,51,0,0,0,0,0,0,Foul.,Základní část
197015,5,0,Aleš PRANDžEV,Cristian GALINDO,1,2,31,2,0,0,0,0,0,0,Ball 2.,Základní část
197015,5,0,Aleš PRANDžEV,Cristian GALINDO,2,2,38,48,0,0,0,0,0,0,Ball 3.,Základní část
197015,5,0,Aleš PRANDžEV,Cristian GALINDO,3,2,19,45,0,0,0,0,0,0,PRANDžEV Aleš strikes out swinging. 1 out.,Základní část
197015,5,1,Matyáš SMOLA,Cristian GALINDO,0,0,34,5,0,0,0,0,0,0,Ball 1.,Základní část
197015,5,1,Matyáš SMOLA,Cristian GALINDO,1,0,14,17,0,0,0,0,0,0,Called Strike 1.,Základní část
197015,5,1,Matyáš SMOLA,Cristian GALINDO,1,1,12,26,0,0,0,0,0,0,Swinging Strike 2.,Základní část
197015,5,1,Matyáš SMOLA,Cristian GALINDO,1,2,32,61,0,0,0,0,0,0,Ball 2.,Základní část
197015,5,1,Matyáš SMOLA,Cristian GALINDO,2,2,-5,12,0,0,0,0,0,0,SMOLA Matyáš strikes out swinging. 2 out.,Základní část
197015,5,2,Michal ANTOň,Cristian GALINDO,0,0,-13,17,0,0,0,0,0,0,Called Strike 1.,Základní část
197015,5,2,Michal ANTOň,Cristian GALINDO,0,1,30,32,0,0,0,0,0,0,Ball 1.,Základní část
197015,5,2,Michal ANTOň,Cristian GALINDO,1,1,17,45,0,0,0,0,0,0,Called Strike 2.,Základní část
197015,5,2,Michal ANTOň,Cristian GALINDO,1,2,15,48,0,0,0,0,0,0,ANTOň Michal strikes out looking. 3 out.,Základní část
197015,5,0,Koya UEMURA,Cristian GALINDO,0,0,0,0,0,0,0,0,0,0,"Middle of the 5th<br>0 runs, 0 lob",Základní část
197015,6,0,Neznámý,Neznámý,0,0,0,0,0,0,0,0,0,0,Defensive Change: #38 ZELENKA to 1B,Základní část
197015,6,0,Koya UEMURA,Cristian GALINDO,0,0,6,26,0,0,0,0,0,0,Swinging Strike 1.,Základní část
197015,6,0,Koya UEMURA,Cristian GALINDO,0,1,36,22,0,0,0,0,0,0,Ball 1.,Základní část
197015,6,0,Koya UEMURA,Cristian GALINDO,1,1,19,55,0,0,0,0,0,0,Called Strike 2.,Základní část
197015,6,0,Koya UEMURA,Cristian GALINDO,1,2,-12,56,0,0,282,1,0,1,UEMURA Koya homers to deep left center. 1 RBI.,Základní část
197015,6,0,Jan MULAč,Cristian GALINDO,0,0,37,29,0,0,0,0,0,0,Ball 1.,Základní část
197015,6,0,Jan MULAč,Cristian GALINDO,1,0,-3,61,0,0,281,1,0,1,MULAč Jan homers to deep left center. 1 RBI.,Základní část
197015,6,0,Filip KUBíčEK,Cristian GALINDO,0,0,0,0,0,0,0,0,0,0,Coaching Visit,Základní část
197015,6,0,Filip KUBíčEK,Cristian GALINDO,0,0,8,26,0,0,0,0,0,0,Called Strike 1.,Základní část
197015,6,0,Filip KUBíčEK,Cristian GALINDO,0,1,-13,27,0,0,0,0,0,0,Swinging Strike 2.,Základní část
197015,6,0,Filip KUBíčEK,Cristian GALINDO,0,2,38,50,0,0,0,0,0,0,Ball 1.,Základní část
197015,6,0,Filip KUBíčEK,Cristian GALINDO,1,2,-4,18,0,0,0,0,0,0,Foul.,Základní část
197015,6,0,Filip KUBíčEK,Cristian GALINDO,1,2,2,52,0,0,0,0,0,0,KUBíčEK Filip strikes out swinging. 1 out.,Základní část
197015,6,0,Neznámý,Neznámý,0,0,0,0,0,0,0,0,0,0,Pitching Change: #9 CHROMý for #34 GALINDO,Základní část
197015,6,1,Petr ZýMA,Lukáš CHROMý,0,0,-60,50,0,0,0,0,0,0,ZýMA Petr Hit By Pitch.,Základní část
197015,6,1,Viktor HLUCHý,Lukáš CHROMý,0,0,14,54,0,0,0,0,0,0,Called Strike 1.,Základní část
197015,6,1,Viktor HLUCHý,Lukáš CHROMý,0,1,-5,39,0,0,0,0,0,0,Swinging Strike 2.,Základní část
197015,6,1,Viktor HLUCHý,Lukáš CHROMý,0,2,-6,50,0,0,0,0,0,0,HLUCHý Viktor strikes out swinging. 2 out.,Základní část
197015,6,2,Jan HOJDA,Lukáš CHROMý,0,0,5,12,0,0,0,0,0,0,Swinging Strike 1.,Základní část
197015,6,2,Jan HOJDA,Lukáš CHROMý,0,1,34,40,0,0,0,0,0,0,Ball 1. ZýMA Petr to 2nd on passed ball.,Základní část
197015,6,2,Jan HOJDA,Lukáš CHROMý,1,1,33,49,0,0,0,0,0,0,Ball 2.,Základní část
197015,6,2,Jan HOJDA,Lukáš CHROMý,2,1,32,8,0,0,0,0,0,0,Ball 3.,Základní část
197015,6,2,Jan HOJDA,Lukáš CHROMý,3,1,32,64,0,0,0,0,1,0,HOJDA Jan walks.,Základní část
197015,6,2,Aleš PRANDžEV,Lukáš CHROMý,0,0,-5,45,0,0,0,0,0,0,Called Strike 1.,Základní část
197015,6,2,Aleš PRANDžEV,Lukáš CHROMý,0,1,-5,11,0,0,179,1,0,1,PRANDžEV Aleš singles up the middle. ZýMA Petr scores. HOJDA Jan to 2nd. HOJDA Jan  out at 2nd 86.  3 out. 1 RBI.,Základní část
197015,6,0,Matyáš SMOLA,Lukáš CHROMý,0,0,0,0,0,0,0,0,0,0,"Middle of the 6th<br>3 runs, 1 lob",Základní část
197015,7,0,Matyáš SMOLA,Lukáš CHROMý,0,0,-8,55,0,0,0,0,0,0,Swinging Strike 1.,Základní část
197015,7,0,Matyáš SMOLA,Lukáš CHROMý,0,1,32,29,0,0,0,0,0,0,Ball 1.,Základní část
197015,7,0,Matyáš SMOLA,Lukáš CHROMý,1,1,-12,26,0,0,0,0,0,0,Called Strike 2.,Základní část
197015,7,0,Matyáš SMOLA,Lukáš CHROMý,1,2,-3,39,0,0,0,0,0,0,Foul.,Základní část
197015,7,0,Matyáš SMOLA,Lukáš CHROMý,1,2,38,41,0,0,0,0,0,0,Ball 2.,Základní část
197015,7,0,Matyáš SMOLA,Lukáš CHROMý,2,2,14,54,0,0,191,0,0,0,SMOLA Matyáš flies out to right field.  F9. 1 out.,Základní část
197015,7,1,Michal ANTOň,Lukáš CHROMý,0,0,10,59,0,0,0,0,0,0,Called Strike 1.,Základní část
197015,7,1,Michal ANTOň,Lukáš CHROMý,0,1,9,18,0,0,113,0,0,0,ANTOň Michal grounds out 4-3. 2 out.,Základní část
197015,7,2,Koya UEMURA,Lukáš CHROMý,0,0,30,13,0,0,0,0,0,0,Ball 1.,Základní část
197015,7,2,Koya UEMURA,Lukáš CHROMý,1,0,-19,58,0,0,0,0,0,0,Called Strike 1.,Základní část
197015,7,2,Koya UEMURA,Lukáš CHROMý,1,1,7,37,0,0,0,0,0,0,Swinging Strike 2.,Základní část
197015,7,2,Koya UEMURA,Lukáš CHROMý,1,2,30,45,0,0,0,0,0,0,Ball 2.,Základní část
197015,7,2,Koya UEMURA,Lukáš CHROMý,2,2,3,21,0,0,113,0,0,0,UEMURA Koya grounds out 4-3. 3 out.,Základní část
197015,7,0,Jan MULAč,Lukáš CHROMý,0,0,0,0,0,0,0,0,0,0,"Middle of the 7th<br>0 runs, 0 lob",Základní část
197015,8,0,Jan MULAč,Lukáš CHROMý,0,0,-17,59,0,0,281,1,0,1,MULAč Jan homers to deep left field. 1 RBI.,Základní část
197015,8,0,Filip KUBíčEK,Lukáš CHROMý,0,0,39,1,0,0,0,0,0,0,Ball 1.,Základní část
197015,8,0,Filip KUBíčEK,Lukáš CHROMý,1,0,30,60,0,0,0,0,0,0,Ball 2.,Základní část
197015,8,0,Filip KUBíčEK,Lukáš CHROMý,2,0,11,61,0,0,0,0,0,0,Swinging Strike 1.,Základní část
197015,8,0,Filip KUBíčEK,Lukáš CHROMý,2,1,-5,60,0,0,0,0,0,0,Swinging Strike 2.,Základní část
197015,8,0,Filip KUBíčEK,Lukáš CHROMý,2,2,5,39,0,0,0,0,0,0,KUBíčEK Filip strikes out swinging. 1 out.,Základní část
197015,8,1,Filip NěMEC,Lukáš CHROMý,0,0,30,44,0,0,0,0,0,0,Ball 1.,Základní část
197015,8,1,Filip NěMEC,Lukáš CHROMý,1,0,7,25,0,0,0,0,0,0,Called Strike 1.,Základní část
197015,8,1,Filip NěMEC,Lukáš CHROMý,1,1,38,8,0,0,0,0,0,0,Ball 2.,Základní část
197015,8,1,Filip NěMEC,Lukáš CHROMý,2,1,11,46,0,0,0,0,0,0,Called Strike 2.,Základní část
197015,8,1,Filip NěMEC,Lukáš CHROMý,2,2,-15,50,0,0,0,0,0,0,NěMEC Filip strikes out looking. 2 out.,Základní část
197015,8,2,Viktor HLUCHý,Lukáš CHROMý,0,0,-17,46,0,0,0,0,0,0,Called Strike 1.,Základní část
197015,8,2,Viktor HLUCHý,Lukáš CHROMý,0,1,14,45,0,0,0,0,0,0,Swinging Strike 2.,Základní část
197015,8,2,Viktor HLUCHý,Lukáš CHROMý,0,2,-4,52,0,0,198,0,0,0,HLUCHý Viktor flies out to left field.  F7. 3 out.,Základní část
197015,8,0,Jan HOJDA,Lukáš CHROMý,0,0,0,0,0,0,0,0,0,0,"Middle of the 8th<br>1 runs, 0 lob",Základní část
197015,9,0,Jan HOJDA,Lukáš CHROMý,0,0,38,51,0,0,0,0,0,0,Ball 1.,Základní část
197015,9,0,Jan HOJDA,Lukáš CHROMý,1,0,3,50,0,0,0,0,0,0,Called Strike 1.,Základní část
197015,9,0,Jan HOJDA,Lukáš CHROMý,1,1,35,48,0,0,0,0,0,0,Ball 2.,Základní část
197015,9,0,Jan HOJDA,Lukáš CHROMý,2,1,36,68,0,0,0,0,0,0,Ball 3.,Základní část
197015,9,0,Jan HOJDA,Lukáš CHROMý,3,1,31,16,0,0,0,0,1,0,HOJDA Jan walks.,Základní část
197015,9,0,Aleš PRANDžEV,Lukáš CHROMý,0,0,39,48,0,0,0,0,0,0,Ball 1.,Základní část
197015,9,0,Aleš PRANDžEV,Lukáš CHROMý,1,0,12,13,0,0,0,0,0,0,Called Strike 1.,Základní část
197015,9,0,Aleš PRANDžEV,Lukáš CHROMý,1,1,7,46,0,0,0,0,0,0,Called Strike 2.,Základní část
197015,9,0,Aleš PRANDžEV,Lukáš CHROMý,1,2,-4,17,0,0,0,0,0,0,Foul.,Základní část
197015,9,0,Aleš PRANDžEV,Lukáš CHROMý,1,2,-6,44,0,0,0,0,0,0,PRANDžEV Aleš strikes out looking. 1 out.,Základní část
197015,9,1,Matyáš SMOLA,Lukáš CHROMý,0,0,0,0,0,0,0,0,0,0,Catcher Pickoff Attempt at 1st,Základní část
197015,9,1,Matyáš SMOLA,Lukáš CHROMý,0,0,32,10,0,0,0,0,0,0,Ball 1.,Základní část
197015,9,1,Matyáš SMOLA,Lukáš CHROMý,1,0,-10,50,0,0,72,0,0,0,SMOLA Matyáš flies out.  P5. 2 out.,Základní část
197015,9,2,Michal ANTOň,Lukáš CHROMý,0,0,38,66,0,0,0,0,0,0,Ball 1.,Základní část
197015,9,2,Michal ANTOň,Lukáš CHROMý,1,0,-12,15,0,0,0,0,0,0,Foul.,Základní část
197015,9,2,Michal ANTOň,Lukáš CHROMý,1,1,39,6,0,0,0,0,0,0,Ball 2.,Základní část
197015,9,2,Michal ANTOň,Lukáš CHROMý,2,1,35,65,0,0,0,0,0,0,Ball 3.,Základní část
197015,9,2,Michal ANTOň,Lukáš CHROMý,3,1,33,27,0,0,0,0,1,0,ANTOň Michal walks. HOJDA Jan to 2nd.,Základní část
197015,9,2,Koya UEMURA,Lukáš CHROMý,0,0,0,0,0,0,0,0,0,0,Coaching Visit,Základní část
197015,9,2,Koya UEMURA,Lukáš CHROMý,0,0,17,58,0,0,0,0,0,0,Called Strike 1.,Základní část
197015,9,2,Koya UEMURA,Lukáš CHROMý,0,1,1,29,0,0,0,0,0,0,Called Strike 2.,Základní část
197015,9,2,Koya UEMURA,Lukáš CHROMý,0,2,37,43,0,0,0,0,0,0,Ball 1.,Základní část
197015,9,2,Koya UEMURA,Lukáš CHROMý,1,2,38,61,0,0,0,0,0,0,Ball 2.,Základní část
197015,9,2,Koya UEMURA,Lukáš CHROMý,2,2,18,52,0,0,0,0,0,0,Foul.,Základní část
197015,9,2,Koya UEMURA,Lukáš CHROMý,2,2,10,53,0,0,0,0,0,0,Foul.,Základní část
197015,9,2,Koya UEMURA,Lukáš CHROMý,2,2,-14,26,0,0,0,0,0,0,Foul.,Základní část
197015,9,2,Koya UEMURA,Lukáš CHROMý,2,2,34,31,0,0,0,0,0,0,Ball 3.,Základní část
197015,9,0,Neznámý,Neznámý,0,0,0,0,0,0,0,0,0,0,Pitching Change: #52 OCHOA for #9 CHROMý,Základní část
197015,9,2,Koya UEMURA,Roldan OCHOA,3,2,34,51,0,0,0,0,1,0,UEMURA Koya walks. HOJDA Jan to 3rd. ANTOň Michal to 2nd.,Základní část
197015,9,2,Jan MULAč,Roldan OCHOA,0,0,-13,25,0,0,0,0,0,0,Called Strike 1.,Základní část
197015,9,2,Jan MULAč,Roldan OCHOA,0,1,-2,47,0,0,0,0,0,0,Called Strike 2.,Základní část
197015,9,2,Jan MULAč,Roldan OCHOA,0,2,32,60,0,0,0,0,0,0,Ball 1.,Základní část
197015,9,2,Jan MULAč,Roldan OCHOA,1,2,-17,42,0,0,0,0,0,0,Foul.,Základní část
197015,9,2,Jan MULAč,Roldan OCHOA,1,2,1,60,0,0,91,1,0,1,MULAč Jan singles to first base. HOJDA Jan scores. ANTOň Michal to 3rd. ANTOň Michal scores on throw. UEMURA Koya to 2nd. UEMURA Koya  out at 3rd 3546.  3 out. 1 RBI.,Základní část
197015,9,0,Filip KUBíčEK,Roldan OCHOA,0,0,0,0,0,0,0,0,0,0,GAME OVER<br>HLU wins 10-6<br>Win: GALINDO<br>Loss: MRAKOVCIC,Základní část
197959,1,0,Marek SLABý,Lukáš HLOUCH,0,0,0,0,0,0,0,0,0,0,Play Ball,Základní část
197959,1,0,Marek SLABý,Lukáš HLOUCH,0,0,17,25,0,0,0,0,0,0,Called Strike 1.,Základní část
197959,1,0,Marek SLABý,Lukáš HLOUCH,0,1,11,56,0,0,0,0,0,0,Called Strike 2.,Základní část
197959,1,0,Marek SLABý,Lukáš HLOUCH,0,2,39,7,0,0,0,0,0,0,Ball 1.,Základní část
197959,1,0,Marek SLABý,Lukáš HLOUCH,1,2,4,52,0,0,198,1,0,0,SLABý Marek singles to right field.,Základní část
197959,1,0,Matouš BUBENíK,Lukáš HLOUCH,0,0,-1,19,0,0,0,0,0,0,Swinging Strike 1.,Základní část
197959,1,0,Matouš BUBENíK,Lukáš HLOUCH,0,1,32,46,0,0,0,0,0,0,Ball 1.,Základní část
197959,1,0,Matouš BUBENíK,Lukáš HLOUCH,1,1,34,48,0,0,0,0,0,0,Ball 2.,Základní část
197959,1,0,Matouš BUBENíK,Lukáš HLOUCH,2,1,32,46,0,0,0,0,0,0,Ball 3.,Základní část
197959,1,0,Matouš BUBENíK,Lukáš HLOUCH,3,1,5,25,0,0,113,0,0,0,BUBENíK Matouš hits into a double play.  GDP 463. SLABý Marek  out at 2nd 46.  2 out.,Základní část
197959,1,2,Jan MULAč,Lukáš HLOUCH,0,0,39,65,0,0,0,0,0,0,Ball 1.,Základní část
197959,1,2,Jan MULAč,Lukáš HLOUCH,1,0,17,49,0,0,212,0,0,0,MULAč Jan flies out to right center.  F8. 3 out.,Základní část
197959,1,0,Filip KUBíčEK,Lukáš HLOUCH,0,0,0,0,0,0,0,0,0,0,"Middle of the 1st<br>0 runs, 0 lob",Základní část
197959,2,0,Filip KUBíčEK,Lukáš HLOUCH,0,0,4,50,0,0,195,1,0,0,KUBíčEK Filip singles to right center.,Základní část
197959,2,0,Petr ZýMA,Lukáš HLOUCH,0,0,-15,53,0,0,0,0,0,0,Called Strike 1.,Základní část
197959,2,0,Petr ZýMA,Lukáš HLOUCH,0,1,32,5,0,0,0,0,0,0,Ball 1.,Základní část
197959,2,0,Petr ZýMA,Lukáš HLOUCH,1,1,34,70,0,0,0,0,0,0,Ball 2.,Základní část
197959,2,0,Petr ZýMA,Lukáš HLOUCH,2,1,-14,48,0,0,0,0,0,0,Swinging Strike 2.,Základní část
197959,2,0,Petr ZýMA,Lukáš HLOUCH,2,2,14,61,0,0,202,0,0,0,ZýMA Petr flies out to right field.  F9. 1 out.,Základní část
197959,2,1,Filip ŠINDLER,Lukáš HLOUCH,0,0,-5,49,0,0,0,0,0,0,Called Strike 1. KUBíčEK Filip to 2nd on stolen base.,Základní část
197959,2,1,Filip ŠINDLER,Lukáš HLOUCH,0,1,-15,30,0,0,0,0,0,0,Called Strike 2.,Základní část
197959,2,1,Filip ŠINDLER,Lukáš HLOUCH,0,2,-13,19,0,0,0,0,0,0,ŠINDLER Filip strikes out swinging. 2 out.,Základní část
197959,2,2,Jan HOJDA,Lukáš HLOUCH,0,0,37,14,0,0,0,0,0,0,Ball 1.,Základní část
197959,2,2,Jan HOJDA,Lukáš HLOUCH,1,0,4,23,0,0,0,0,0,0,Swinging Strike 1.,Základní část
197959,2,2,Jan HOJDA,Lukáš HLOUCH,1,1,6,21,0,0,0,0,0,0,Called Strike 2. KUBíčEK Filip to 3rd on stolen base.,Základní část
197959,2,2,Jan HOJDA,Lukáš HLOUCH,1,2,39,38,0,0,0,0,0,0,Ball 2.,Základní část
197959,2,2,Jan HOJDA,Lukáš HLOUCH,2,2,-8,31,0,0,0,0,0,0,Foul.,Základní část
197959,2,2,Jan HOJDA,Lukáš HLOUCH,2,2,15,38,0,0,0,0,0,0,HOJDA Jan strikes out swinging KS23. 3 out.,Základní část
197959,2,0,Aleš PRANDžEV,Lukáš HLOUCH,0,0,0,0,0,0,0,0,0,0,"Middle of the 2nd<br>0 runs, 1 lob",Základní část
197959,3,0,Aleš PRANDžEV,Lukáš HLOUCH,0,0,34,69,0,0,0,0,0,0,Ball 1.,Základní část
197959,3,0,Aleš PRANDžEV,Lukáš HLOUCH,1,0,1,29,0,0,84,0,0,0,PRANDžEV Aleš grounds out 3-1. 1 out.,Základní část
197959,3,1,Matyáš SMOLA,Lukáš HLOUCH,0,0,-16,28,0,0,0,0,0,0,Foul.,Základní část
197959,3,1,Matyáš SMOLA,Lukáš HLOUCH,0,1,35,15,0,0,0,0,0,0,Ball 1.,Základní část
197959,3,1,Matyáš SMOLA,Lukáš HLOUCH,1,1,34,61,0,0,0,0,0,0,Ball 2.,Základní část
197959,3,1,Matyáš SMOLA,Lukáš HLOUCH,2,1,8,52,0,0,197,0,0,0,SMOLA Matyáš flies out to right field.  F9. 2 out.,Základní část
197959,3,2,Marek SLABý,Lukáš HLOUCH,0,0,39,7,0,0,0,0,0,0,Ball 1.,Základní část
197959,3,2,Marek SLABý,Lukáš HLOUCH,1,0,-17,53,0,0,0,0,0,0,Called Strike 1.,Základní část
197959,3,2,Marek SLABý,Lukáš HLOUCH,1,1,-16,34,0,0,0,0,0,0,Foul.,Základní část
197959,3,2,Marek SLABý,Lukáš HLOUCH,1,2,8,19,0,0,106,0,0,0,SLABý Marek reaches on fielding error. E4.,Základní část
197959,3,2,Matouš BUBENíK,Lukáš HLOUCH,0,0,39,15,0,0,0,0,0,0,Ball 1. SLABý Marek to 2nd on stolen base.,Základní část
197959,3,2,Matouš BUBENíK,Lukáš HLOUCH,1,0,15,49,0,0,0,0,0,0,Called Strike 1.,Základní část
197959,3,2,Matouš BUBENíK,Lukáš HLOUCH,1,1,-19,25,0,0,0,0,0,0,Foul.,Základní část
197959,3,2,Matouš BUBENíK,Lukáš HLOUCH,1,2,-14,39,0,0,0,0,0,0,BUBENíK Matouš strikes out swinging. 3 out.,Základní část
197959,3,0,Jan MULAč,Lukáš HLOUCH,0,0,0,0,0,0,0,0,0,0,"Middle of the 3rd<br>0 runs, 1 lob",Základní část
197959,4,0,Jan MULAč,Lukáš HLOUCH,0,0,35,17,0,0,0,0,0,0,Ball 1.,Základní část
197959,4,0,Jan MULAč,Lukáš HLOUCH,1,0,-19,30,0,0,0,0,0,0,Swinging Strike 1.,Základní část
197959,4,0,Jan MULAč,Lukáš HLOUCH,1,1,-3,12,0,0,0,0,0,0,Foul.,Základní část
197959,4,0,Jan MULAč,Lukáš HLOUCH,1,2,-13,19,0,0,0,0,0,0,MULAč Jan strikes out looking. 1 out.,Základní část
197959,4,1,Filip KUBíčEK,Lukáš HLOUCH,0,0,0,40,0,0,0,0,0,0,Called Strike 1.,Základní část
197959,4,1,Filip KUBíčEK,Lukáš HLOUCH,0,1,37,60,0,0,0,0,0,0,Ball 1.,Základní část
197959,4,1,Filip KUBíčEK,Lukáš HLOUCH,1,1,31,43,0,0,0,0,0,0,Ball 2.,Základní část
197959,4,1,Filip KUBíčEK,Lukáš HLOUCH,2,1,-9,34,0,0,0,0,0,0,Swinging Strike 2.,Základní část
197959,4,1,Filip KUBíčEK,Lukáš HLOUCH,2,2,31,52,0,0,0,0,0,0,Ball 3.,Základní část
197959,4,1,Filip KUBíčEK,Lukáš HLOUCH,3,2,-14,56,0,0,82,0,0,0,KUBíčEK Filip flies out.  L5. 2 out.,Základní část
197959,4,2,Petr ZýMA,Lukáš HLOUCH,0,0,30,55,0,0,0,0,0,0,Ball 1.,Základní část
197959,4,2,Petr ZýMA,Lukáš HLOUCH,1,0,10,47,0,0,87,0,0,0,ZýMA Petr flies out.  L3. 3 out.,Základní část
197959,4,0,Filip ŠINDLER,Lukáš HLOUCH,0,0,0,0,0,0,0,0,0,0,"Middle of the 4th<br>0 runs, 0 lob",Základní část
197959,5,0,Filip ŠINDLER,Lukáš HLOUCH,0,0,38,44,0,0,0,0,0,0,Ball 1.,Základní část
197959,5,0,Filip ŠINDLER,Lukáš HLOUCH,1,0,-1,53,0,0,220,0,0,0,ŠINDLER Filip flies out to left field.  F7. 1 out.,Základní část
197959,5,1,Jan HOJDA,Lukáš HLOUCH,0,0,30,21,0,0,0,0,0,0,Ball 1.,Základní část
197959,5,1,Jan HOJDA,Lukáš HLOUCH,1,0,-13,40,0,0,0,0,0,0,Called Strike 1.,Základní část
197959,5,1,Jan HOJDA,Lukáš HLOUCH,1,1,31,57,0,0,0,0,0,0,Ball 2.,Základní část
197959,5,1,Jan HOJDA,Lukáš HLOUCH,2,1,18,58,0,0,71,0,0,0,HOJDA Jan flies out foul.  FF3. 2 out.,Základní část
197959,5,2,Aleš PRANDžEV,Lukáš HLOUCH,0,0,-12,36,0,0,0,0,0,0,Called Strike 1.,Základní část
197959,5,2,Aleš PRANDžEV,Lukáš HLOUCH,0,1,-12,54,0,0,0,0,0,0,Called Strike 2.,Základní část
197959,5,2,Aleš PRANDžEV,Lukáš HLOUCH,0,2,16,44,0,0,0,0,0,0,PRANDžEV Aleš strikes out looking. 3 out.,Základní část
197959,5,0,Matyáš SMOLA,Lukáš HLOUCH,0,0,0,0,0,0,0,0,0,0,"Middle of the 5th<br>0 runs, 0 lob",Základní část
197959,6,0,Matyáš SMOLA,Lukáš HLOUCH,0,0,35,24,0,0,0,0,0,0,Ball 1.,Základní část
197959,6,0,Matyáš SMOLA,Lukáš HLOUCH,1,0,-3,28,0,0,0,0,0,0,Called Strike 1.,Základní část
197959,6,0,Matyáš SMOLA,Lukáš HLOUCH,1,1,1,25,0,0,0,0,0,0,Swinging Strike 2.,Základní část
197959,6,0,Matyáš SMOLA,Lukáš HLOUCH,1,2,18,37,0,0,0,0,0,0,Foul.,Základní část
197959,6,0,Matyáš SMOLA,Lukáš HLOUCH,1,2,-11,44,0,0,0,0,0,0,Foul.,Základní část
197959,6,0,Matyáš SMOLA,Lukáš HLOUCH,1,2,4,19,0,0,103,0,0,0,SMOLA Matyáš grounds out 4-3. 1 out.,Základní část
197959,6,1,Marek SLABý,Lukáš HLOUCH,0,0,30,47,0,0,0,0,0,0,Ball 1.,Základní část
197959,6,1,Marek SLABý,Lukáš HLOUCH,1,0,32,25,0,0,0,0,0,0,Ball 2.,Základní část
197959,6,1,Marek SLABý,Lukáš HLOUCH,2,0,34,24,0,0,0,0,0,0,Ball 3.,Základní část
197959,6,1,Marek SLABý,Lukáš HLOUCH,3,0,11,42,0,0,0,0,0,0,Called Strike 1.,Základní část
197959,6,1,Marek SLABý,Lukáš HLOUCH,3,1,-14,46,0,0,0,0,0,0,Called Strike 2.,Základní část
197959,6,1,Marek SLABý,Lukáš HLOUCH,3,2,-2,53,0,0,202,0,0,0,SLABý Marek flies out to left field.  F7. 2 out.,Základní část
197959,6,2,Matouš BUBENíK,Lukáš HLOUCH,0,0,-6,50,0,0,0,0,0,0,Called Strike 1.,Základní část
197959,6,2,Matouš BUBENíK,Lukáš HLOUCH,0,1,9,55,0,0,0,0,0,0,Called Strike 2.,Základní část
197959,6,2,Matouš BUBENíK,Lukáš HLOUCH,0,2,30,52,0,0,0,0,0,0,Ball 1.,Základní část
197959,6,2,Matouš BUBENíK,Lukáš HLOUCH,1,2,-9,48,0,0,0,0,0,0,BUBENíK Matouš strikes out looking. 3 out.,Základní část
197959,6,0,Jan MULAč,Lukáš HLOUCH,0,0,0,0,0,0,0,0,0,0,"Middle of the 6th<br>0 runs, 0 lob",Základní část
197959,7,0,Jan MULAč,Lukáš HLOUCH,0,0,35,48,0,0,0,0,0,0,Ball 1.,Základní část
197959,7,0,Jan MULAč,Lukáš HLOUCH,1,0,-17,23,0,0,113,0,0,0,MULAč Jan grounds out 6-3. 1 out.,Základní část
197959,7,1,Filip KUBíčEK,Lukáš HLOUCH,0,0,-4,10,0,0,94,0,0,0,KUBíčEK Filip grounds out 5-3. 2 out.,Základní část
197959,7,2,Petr ZýMA,Lukáš HLOUCH,0,0,-6,41,0,0,0,0,0,0,Called Strike 1.,Základní část
197959,7,2,Petr ZýMA,Lukáš HLOUCH,0,1,34,17,0,0,0,0,0,0,Ball 1.,Základní část
197959,7,2,Petr ZýMA,Lukáš HLOUCH,1,1,-16,41,0,0,0,0,0,0,Foul.,Základní část
197959,7,2,Petr ZýMA,Lukáš HLOUCH,1,2,-14,42,0,0,0,0,0,0,ZýMA Petr strikes out swinging. 3 out.,Základní část
197959,7,0,Filip ŠINDLER,Lukáš HLOUCH,0,0,0,0,0,0,0,0,0,0,"Middle of the 7th<br>0 runs, 0 lob",Základní část
197959,8,0,Kamil PEJCHAL,Neznámý,0,0,0,0,0,0,0,0,0,0,Pitching Change: #43 KOLLMANN for #71 HLOUCH,Základní část
197959,8,0,Filip ŠINDLER,Filip KOLLMANN,0,0,31,43,0,0,0,0,0,0,Ball 1.,Základní část
197959,8,0,Filip ŠINDLER,Filip KOLLMANN,1,0,-3,20,0,0,0,0,0,0,Swinging Strike 1.,Základní část
197959,8,0,Filip ŠINDLER,Filip KOLLMANN,1,1,-14,33,0,0,0,0,0,0,Called Strike 2.,Základní část
197959,8,0,Filip ŠINDLER,Filip KOLLMANN,1,2,-16,37,0,0,0,0,0,0,ŠINDLER Filip strikes out swinging. 1 out.,Základní část
197959,8,1,Jan HOJDA,Filip KOLLMANN,0,0,34,50,0,0,0,0,0,0,Ball 1.,Základní část
197959,8,1,Jan HOJDA,Filip KOLLMANN,1,0,5,36,0,0,0,0,0,0,Foul.,Základní část
197959,8,1,Jan HOJDA,Filip KOLLMANN,1,1,33,28,0,0,0,0,0,0,Ball 2.,Základní část
197959,8,1,Jan HOJDA,Filip KOLLMANN,2,1,-14,37,0,0,0,0,0,0,Swinging Strike 2.,Základní část
197959,8,1,Jan HOJDA,Filip KOLLMANN,2,2,1,26,0,0,94,0,0,0,HOJDA Jan grounds out 3U. 2 out.,Základní část
197959,8,2,Aleš PRANDžEV,Filip KOLLMANN,0,0,31,42,0,0,0,0,0,0,Ball 1.,Základní část
197959,8,2,Aleš PRANDžEV,Filip KOLLMANN,1,0,38,17,0,0,0,0,0,0,Ball 2.,Základní část
197959,8,2,Aleš PRANDžEV,Filip KOLLMANN,2,0,30,34,0,0,0,0,0,0,Ball 3.,Základní část
197959,8,2,Aleš PRANDžEV,Filip KOLLMANN,3,0,2,61,0,0,0,0,0,0,Called Strike 1.,Základní část
197959,8,2,Aleš PRANDžEV,Filip KOLLMANN,3,1,38,1,0,0,0,0,1,0,PRANDžEV Aleš walks.,Základní část
197959,8,2,Matyáš SMOLA,Filip KOLLMANN,0,0,30,6,0,0,0,0,0,0,Ball 1.,Základní část
197959,8,2,Matyáš SMOLA,Filip KOLLMANN,1,0,38,34,0,0,0,0,0,0,Ball 2.,Základní část
197959,8,2,Matyáš SMOLA,Filip KOLLMANN,2,0,0,0,0,0,0,0,0,0,Coaching Visit,Základní část
197959,8,2,Matyáš SMOLA,Filip KOLLMANN,2,0,-1,31,0,0,0,0,0,0,Called Strike 1.,Základní část
197959,8,2,Matyáš SMOLA,Filip KOLLMANN,2,1,6,59,0,0,200,0,0,0,SMOLA Matyáš flies out to right field.  F9. 3 out.,Základní část
197959,8,0,Marek SLABý,Filip KOLLMANN,0,0,0,0,0,0,0,0,0,0,"Middle of the 8th<br>0 runs, 1 lob",Základní část
197959,9,0,Marek SLABý,Filip KOLLMANN,0,0,16,58,0,0,0,0,0,0,Swinging Strike 1.,Základní část
197959,9,0,Marek SLABý,Filip KOLLMANN,0,1,3,21,0,0,0,0,0,0,Foul.,Základní část
197959,9,0,Marek SLABý,Filip KOLLMANN,0,2,-17,57,0,0,0,0,0,0,SLABý Marek strikes out looking. 1 out.,Základní část
197959,9,1,Matouš BUBENíK,Filip KOLLMANN,0,0,35,58,0,0,0,0,0,0,Ball 1.,Základní část
197959,9,1,Matouš BUBENíK,Filip KOLLMANN,1,0,30,10,0,0,0,0,0,0,Ball 2.,Základní část
197959,9,1,Matouš BUBENíK,Filip KOLLMANN,2,0,14,45,0,0,226,0,0,0,BUBENíK Matouš flies out to right center.  F8. 2 out.,Základní část
197959,9,2,Jan MULAč,Filip KOLLMANN,0,0,34,17,0,0,0,0,0,0,Ball 1.,Základní část
197959,9,2,Jan MULAč,Filip KOLLMANN,1,0,-14,60,0,0,226,0,0,0,MULAč Jan flies out to center field.  F8. 3 out.,Základní část
197959,9,0,Filip KUBíčEK,Filip KOLLMANN,0,0,0,0,0,0,0,0,0,0,GAME OVER<br>NUC wins 5-0<br>Win: HLOUCH<br>Loss: MRAKOVCIC,Základní část
197963,1,0,Marek SLABý,Lukáš SMEJKAL,0,0,0,0,0,0,0,0,0,0,Play Ball,Základní část
197963,1,0,Marek SLABý,Lukáš SMEJKAL,0,0,8,53,0,0,213,0,0,0,SLABý Marek flies out to right field.  F9. 1 out.,Základní část
197963,1,1,Filip KUBíčEK,Lukáš SMEJKAL,0,0,-6,57,0,0,0,0,0,0,Called Strike 1.,Základní část
197963,1,1,Filip KUBíčEK,Lukáš SMEJKAL,0,1,19,44,0,0,0,0,0,0,Called Strike 2.,Základní část
197963,1,1,Filip KUBíčEK,Lukáš SMEJKAL,0,2,34,40,0,0,0,0,0,0,Ball 1.,Základní část
197963,1,1,Filip KUBíčEK,Lukáš SMEJKAL,1,2,37,12,0,0,0,0,0,0,Ball 2.,Základní část
197963,1,1,Filip KUBíčEK,Lukáš SMEJKAL,2,2,-19,27,0,0,0,0,0,0,KUBíčEK Filip strikes out looking. 2 out.,Základní část
197963,1,2,Jan MULAč,Lukáš SMEJKAL,0,0,15,33,0,0,0,0,0,0,Foul.,Základní část
197963,1,2,Jan MULAč,Lukáš SMEJKAL,0,1,35,48,0,0,0,0,0,0,Ball 1.,Základní část
197963,1,2,Jan MULAč,Lukáš SMEJKAL,1,1,-4,48,0,0,113,0,0,0,MULAč Jan flies out.  L6. 3 out.,Základní část
197963,1,0,Matouš BUBENíK,Lukáš SMEJKAL,0,0,0,0,0,0,0,0,0,0,"Middle of the 1st<br>0 runs, 0 lob",Základní část
197963,2,0,Matouš BUBENíK,Lukáš SMEJKAL,0,0,32,59,0,0,0,0,0,0,Ball 1.,Základní část
197963,2,0,Matouš BUBENíK,Lukáš SMEJKAL,1,0,32,68,0,0,0,0,0,0,Ball 2.,Základní část
197963,2,0,Matouš BUBENíK,Lukáš SMEJKAL,2,0,32,53,0,0,0,0,0,0,Ball 3.,Základní část
197963,2,0,Matouš BUBENíK,Lukáš SMEJKAL,3,0,19,41,0,0,0,0,0,0,Called Strike 1.,Základní část
197963,2,0,Matouš BUBENíK,Lukáš SMEJKAL,3,1,6,48,0,0,212,0,0,0,BUBENíK Matouš flies out to right field.  F9. 1 out.,Základní část
197963,2,1,Petr ZýMA,Lukáš SMEJKAL,0,0,39,19,0,0,0,0,0,0,Ball 1.,Základní část
197963,2,1,Petr ZýMA,Lukáš SMEJKAL,1,0,0,28,0,0,0,0,0,0,Called Strike 1.,Základní část
197963,2,1,Petr ZýMA,Lukáš SMEJKAL,1,1,-18,29,0,0,57,0,0,0,ZýMA Petr grounds out 1-3. 2 out.,Základní část
197963,2,2,Viktor HLUCHý,Lukáš SMEJKAL,0,0,-18,54,0,0,0,0,0,0,Called Strike 1.,Základní část
197963,2,2,Viktor HLUCHý,Lukáš SMEJKAL,0,1,9,28,0,0,0,0,0,0,Swinging Strike 2.,Základní část
197963,2,2,Viktor HLUCHý,Lukáš SMEJKAL,0,2,-2,63,0,0,212,0,0,0,HLUCHý Viktor flies out to center field.  F8. 3 out.,Základní část
197963,2,0,Jan HOJDA,Lukáš SMEJKAL,0,0,0,0,0,0,0,0,0,0,"Middle of the 2nd<br>0 runs, 0 lob",Základní část
197963,3,0,Jan HOJDA,Lukáš SMEJKAL,0,0,37,47,0,0,0,0,0,0,Ball 1.,Základní část
197963,3,0,Jan HOJDA,Lukáš SMEJKAL,1,0,-1,15,0,0,94,0,0,0,HOJDA Jan grounds out 5-3. 1 out.,Základní část
197963,3,1,Aleš PRANDžEV,Lukáš SMEJKAL,0,0,5,23,0,0,0,0,0,0,Called Strike 1.,Základní část
197963,3,1,Aleš PRANDžEV,Lukáš SMEJKAL,0,1,-4,24,0,0,0,0,0,0,Called Strike 2.,Základní část
197963,3,1,Aleš PRANDžEV,Lukáš SMEJKAL,0,2,15,57,0,0,0,0,0,0,Foul.,Základní část
197963,3,1,Aleš PRANDžEV,Lukáš SMEJKAL,0,2,0,20,0,0,106,0,0,0,PRANDžEV Aleš reaches on throwing error. E4T.,Základní část
197963,3,1,Matyáš SMOLA,Lukáš SMEJKAL,0,0,5,28,0,0,0,0,0,0,Called Strike 1.,Základní část
197963,3,1,Matyáš SMOLA,Lukáš SMEJKAL,0,1,34,4,0,0,0,0,0,0,Ball 1.,Základní část
197963,3,1,Matyáš SMOLA,Lukáš SMEJKAL,1,1,8,33,0,0,0,0,0,0,Called Strike 2.,Základní část
197963,3,1,Matyáš SMOLA,Lukáš SMEJKAL,1,2,17,26,0,0,113,0,0,0,SMOLA Matyáš grounds out 4-3. PRANDžEV Aleš to 2nd. 2 out.,Základní část
197963,3,2,Marek SLABý,Lukáš SMEJKAL,0,0,19,21,0,0,0,0,0,0,Called Strike 1.,Základní část
197963,3,2,Marek SLABý,Lukáš SMEJKAL,0,1,-16,22,0,0,0,0,0,0,Foul.,Základní část
197963,3,2,Marek SLABý,Lukáš SMEJKAL,0,2,2,16,0,0,0,0,0,0,SLABý Marek strikes out swinging. 3 out.,Základní část
197963,3,0,Filip KUBíčEK,Lukáš SMEJKAL,0,0,0,0,0,0,0,0,0,0,"Middle of the 3rd<br>0 runs, 1 lob",Základní část
197963,4,0,Filip KUBíčEK,Lukáš SMEJKAL,0,0,33,65,0,0,0,0,0,0,Ball 1.,Základní část
197963,4,0,Filip KUBíčEK,Lukáš SMEJKAL,1,0,36,56,0,0,0,0,0,0,Ball 2.,Základní část
197963,4,0,Filip KUBíčEK,Lukáš SMEJKAL,2,0,36,16,0,0,0,0,0,0,Ball 3.,Základní část
197963,4,0,Filip KUBíčEK,Lukáš SMEJKAL,3,0,-12,29,0,0,0,0,0,0,Called Strike 1.,Základní část
197963,4,0,Filip KUBíčEK,Lukáš SMEJKAL,3,1,-1,26,0,0,0,0,0,0,Foul.,Základní část
197963,4,0,Filip KUBíčEK,Lukáš SMEJKAL,3,2,-3,56,0,0,244,1,0,0,KUBíčEK Filip triples to center field.,Základní část
197963,4,0,Jan MULAč,Lukáš SMEJKAL,0,0,0,0,0,0,0,0,0,0,Defensive Conference,Základní část
197963,4,0,Jan MULAč,Lukáš SMEJKAL,0,0,39,17,0,0,0,0,0,0,Ball 1.,Základní část
197963,4,0,Jan MULAč,Lukáš SMEJKAL,1,0,34,36,0,0,0,0,0,0,Ball 2.,Základní část
197963,4,0,Jan MULAč,Lukáš SMEJKAL,2,0,1,29,0,0,0,0,0,0,Called Strike 1.,Základní část
197963,4,0,Jan MULAč,Lukáš SMEJKAL,2,1,1,18,0,0,0,0,0,0,Foul.,Základní část
197963,4,0,Jan MULAč,Lukáš SMEJKAL,2,2,32,26,0,0,0,0,0,0,Ball 3.,Základní část
197963,4,0,Jan MULAč,Lukáš SMEJKAL,3,2,6,61,0,0,219,1,0,1,MULAč Jan singles to center field. KUBíčEK Filip scores. 1 RBI.,Základní část
197963,4,0,Matouš BUBENíK,Lukáš SMEJKAL,0,0,-9,30,0,0,0,0,0,0,Called Strike 1. MULAč Jan to 2nd on stolen base.,Základní část
197963,4,0,Matouš BUBENíK,Lukáš SMEJKAL,0,1,-17,32,0,0,0,0,0,0,Foul.,Základní část
197963,4,0,Matouš BUBENíK,Lukáš SMEJKAL,0,2,-15,47,0,0,170,0,0,0,BUBENíK Matouš flies out to left field.  F6. 1 out.,Základní část
197963,4,1,Petr ZýMA,Lukáš SMEJKAL,0,0,-15,23,0,0,68,1,0,0,ZýMA Petr singles to third base. MULAč Jan to 3rd.,Základní část
197963,4,1,Viktor HLUCHý,Lukáš SMEJKAL,0,0,1,48,0,0,0,0,0,0,Called Strike 1.,Základní část
197963,4,1,Viktor HLUCHý,Lukáš SMEJKAL,0,1,8,54,0,0,0,0,0,0,Called Strike 2. MULAč Jan  out at home CS262.  ZýMA Petr to 2nd on fielders choice. 2 out.,Základní část
197963,4,2,Viktor HLUCHý,Lukáš SMEJKAL,0,2,-7,47,0,0,101,0,0,0,HLUCHý Viktor flies out.  F6. 3 out.,Základní část
197963,4,0,Jan HOJDA,Lukáš SMEJKAL,0,0,0,0,0,0,0,0,0,0,"Middle of the 4th<br>1 runs, 1 lob",Základní část
197963,5,0,Jan HOJDA,Lukáš SMEJKAL,0,0,30,23,0,0,0,0,0,0,Ball 1.,Základní část
197963,5,0,Jan HOJDA,Lukáš SMEJKAL,1,0,-1,45,0,0,0,0,0,0,Called Strike 1.,Základní část
197963,5,0,Jan HOJDA,Lukáš SMEJKAL,1,1,3,58,0,0,220,0,0,0,HOJDA Jan flies out to center field.  F8. 1 out.,Základní část
197963,5,1,Aleš PRANDžEV,Lukáš SMEJKAL,0,0,0,29,0,0,0,0,0,0,Called Strike 1.,Základní část
197963,5,1,Aleš PRANDžEV,Lukáš SMEJKAL,0,1,31,41,0,0,0,0,0,0,Ball 1.,Základní část
197963,5,1,Aleš PRANDžEV,Lukáš SMEJKAL,1,1,-18,47,0,0,0,0,0,0,Foul.,Základní část
197963,5,1,Aleš PRANDžEV,Lukáš SMEJKAL,1,2,-1,22,0,0,179,1,0,0,PRANDžEV Aleš singles up the middle.,Základní část
197963,5,1,Matyáš SMOLA,Lukáš SMEJKAL,0,0,30,39,0,0,0,0,0,0,Ball 1.,Základní část
197963,5,1,Matyáš SMOLA,Lukáš SMEJKAL,1,0,34,67,0,0,0,0,0,0,Ball 2.,Základní část
197963,5,1,Matyáš SMOLA,Lukáš SMEJKAL,2,0,5,43,0,0,0,0,0,0,Called Strike 1.,Základní část
197963,5,1,Matyáš SMOLA,Lukáš SMEJKAL,2,1,39,57,0,0,0,0,0,0,Ball 3.,Základní část
197963,5,1,Matyáš SMOLA,Lukáš SMEJKAL,3,1,15,36,0,0,0,0,0,0,Called Strike 2.,Základní část
197963,5,1,Matyáš SMOLA,Lukáš SMEJKAL,3,2,-12,62,0,0,215,1,0,0,SMOLA Matyáš doubles to left field. PRANDžEV Aleš to 3rd.,Základní část
197963,5,1,Marek SLABý,Lukáš SMEJKAL,0,0,36,61,0,0,0,0,0,0,Ball 1.,Základní část
197963,5,1,Marek SLABý,Lukáš SMEJKAL,1,0,-5,31,0,0,0,0,0,0,Swinging Strike 1.,Základní část
197963,5,1,Marek SLABý,Lukáš SMEJKAL,1,1,13,58,0,0,179,1,0,1,SLABý Marek singles to center field. PRANDžEV Aleš scores. SMOLA Matyáš to 3rd. 1 RBI.,Základní část
197963,5,1,Filip KUBíčEK,Lukáš SMEJKAL,0,0,0,0,0,0,0,0,0,0,Coaching Visit,Základní část
197963,5,1,Filip KUBíčEK,Lukáš SMEJKAL,0,0,31,27,0,0,0,0,0,0,Ball 1.,Základní část
197963,5,1,Filip KUBíčEK,Lukáš SMEJKAL,1,0,5,16,0,0,79,0,0,0,KUBíčEK Filip grounds out 3-1. SLABý Marek to 2nd. 2 out.,Základní část
197963,5,0,Neznámý,Neznámý,0,0,0,0,0,0,0,0,0,0,Pitching Change: #17 VESELý for #38 SMEJKAL,Základní část
197963,5,2,Jan MULAč,Adam VESELý,0,0,33,45,0,0,0,0,0,0,Ball 1.,Základní část
197963,5,2,Jan MULAč,Adam VESELý,1,0,38,70,0,0,0,0,0,0,Ball 2.,Základní část
197963,5,2,Jan MULAč,Adam VESELý,2,0,19,60,0,0,205,1,0,2,MULAč Jan singles to right field. SMOLA Matyáš scores. SLABý Marek scores. MULAč Jan to 2nd on throw. 2 RBI.,Základní část
197963,5,2,Matouš BUBENíK,Adam VESELý,0,0,-5,15,0,0,88,0,0,0,BUBENíK Matouš grounds out 5-3. 3 out.,Základní část
197963,5,0,Petr ZýMA,Adam VESELý,0,0,0,0,0,0,0,0,0,0,"Middle of the 5th<br>3 runs, 1 lob",Základní část
197963,6,0,Petr ZýMA,Adam VESELý,0,0,-3,47,0,0,0,0,0,0,Called Strike 1.,Základní část
197963,6,0,Petr ZýMA,Adam VESELý,0,1,-8,10,0,0,113,0,0,0,ZýMA Petr reaches on throwing error. E6T.,Základní část
197963,6,0,Viktor HLUCHý,Adam VESELý,0,0,36,7,0,0,0,0,0,0,Ball 1.,Základní část
197963,6,0,Viktor HLUCHý,Adam VESELý,1,0,8,51,0,0,38,0,0,0,HLUCHý Viktor out on sacrifice hit 13. Bunt. ZýMA Petr to 2nd. 1 out.,Základní část
197963,6,1,Jan HOJDA,Adam VESELý,0,0,1,36,0,0,0,0,0,0,Called Strike 1.,Základní část
197963,6,1,Jan HOJDA,Adam VESELý,0,1,32,41,0,0,0,0,0,0,Ball 1.,Základní část
197963,6,1,Jan HOJDA,Adam VESELý,1,1,-12,46,0,0,0,0,0,0,Called Strike 2.,Základní část
197963,6,1,Jan HOJDA,Adam VESELý,1,2,0,53,0,0,178,0,0,0,HOJDA Jan flies out to center field.  F8. 2 out.,Základní část
197963,6,2,Aleš PRANDžEV,Adam VESELý,0,0,-2,43,0,0,0,0,0,0,Swinging Strike 1.,Základní část
197963,6,2,Aleš PRANDžEV,Adam VESELý,0,1,-6,34,0,0,0,0,0,0,Called Strike 2.,Základní část
197963,6,2,Aleš PRANDžEV,Adam VESELý,0,2,-10,32,0,0,0,0,0,0,Foul.,Základní část
197963,6,2,Aleš PRANDžEV,Adam VESELý,0,2,4,48,0,0,0,0,0,0,Foul.,Základní část
197963,6,2,Aleš PRANDžEV,Adam VESELý,0,2,34,33,0,0,0,0,0,0,Ball 1.,Základní část
197963,6,2,Aleš PRANDžEV,Adam VESELý,1,2,34,57,0,0,0,0,0,0,Ball 2.,Základní část
197963,6,2,Aleš PRANDžEV,Adam VESELý,2,2,-17,40,0,0,0,0,0,0,Foul.,Základní část
197963,6,2,Aleš PRANDžEV,Adam VESELý,2,2,37,69,0,0,0,0,0,0,Ball 3.,Základní část
197963,6,2,Aleš PRANDžEV,Adam VESELý,3,2,8,55,0,0,0,0,0,0,Foul.,Základní část
197963,6,2,Aleš PRANDžEV,Adam VESELý,3,2,4,54,0,0,0,0,0,0,PRANDžEV Aleš strikes out swinging. 3 out.,Základní část
197963,6,0,Matyáš SMOLA,Adam VESELý,0,0,0,0,0,0,0,0,0,0,"Middle of the 6th<br>0 runs, 1 lob",Základní část
197963,7,0,Neznámý,Neznámý,0,0,0,0,0,0,0,0,0,0,Defensive Change: #12 KREJčIříK to 2B,Základní část
197963,7,0,Matyáš SMOLA,Adam VESELý,0,0,34,46,0,0,0,0,0,0,Ball 1.,Základní část
197963,7,0,Matyáš SMOLA,Adam VESELý,1,0,-12,57,0,0,0,0,0,0,Called Strike 1.,Základní část
197963,7,0,Matyáš SMOLA,Adam VESELý,1,1,-2,55,0,0,0,0,0,0,Called Strike 2.,Základní část
197963,7,0,Matyáš SMOLA,Adam VESELý,1,2,-12,48,0,0,0,0,0,0,SMOLA Matyáš strikes out looking. 1 out.,Základní část
197963,7,1,Marek SLABý,Adam VESELý,0,0,5,15,0,0,0,0,0,0,Called Strike 1.,Základní část
197963,7,1,Marek SLABý,Adam VESELý,0,1,34,20,0,0,0,0,0,0,Ball 1.,Základní část
197963,7,1,Marek SLABý,Adam VESELý,1,1,-6,33,0,0,0,0,0,0,Called Strike 2.,Základní část
197963,7,1,Marek SLABý,Adam VESELý,1,2,39,52,0,0,0,0,0,0,Ball 2.,Základní část
197963,7,1,Marek SLABý,Adam VESELý,2,2,15,37,0,0,0,0,0,0,Foul.,Základní část
197963,7,1,Marek SLABý,Adam VESELý,2,2,30,47,0,0,0,0,0,0,Ball 3.,Základní část
197963,7,1,Marek SLABý,Adam VESELý,3,2,34,36,0,0,0,0,1,0,SLABý Marek walks.,Základní část
197963,7,1,Filip KUBíčEK,Adam VESELý,0,0,-12,30,0,0,0,0,0,0,Called Strike 1.,Základní část
197963,7,1,Filip KUBíčEK,Adam VESELý,0,1,19,51,0,0,0,0,0,0,Foul.,Základní část
197963,7,1,Filip KUBíčEK,Adam VESELý,0,2,34,52,0,0,0,0,0,0,Ball 1. SLABý Marek to 2nd on stolen base. SLABý Marek to 3rd on E2T.,Základní část
197963,7,1,Filip KUBíčEK,Adam VESELý,1,2,38,49,0,0,0,0,0,0,Ball 2. SLABý Marek scores on wild pitch.,Základní část
197963,7,1,Filip KUBíčEK,Adam VESELý,2,2,-11,35,0,0,0,0,0,0,KUBíčEK Filip strikes out swinging. 2 out.,Základní část
197963,7,2,Jan MULAč,Adam VESELý,0,0,-11,41,0,0,0,0,0,0,Called Strike 1.,Základní část
197963,7,2,Jan MULAč,Adam VESELý,0,1,31,1,0,0,0,0,0,0,Ball 1.,Základní část
197963,7,2,Jan MULAč,Adam VESELý,1,1,32,25,0,0,0,0,0,0,Ball 2.,Základní část
197963,7,2,Jan MULAč,Adam VESELý,2,1,-8,13,0,0,179,1,0,0,MULAč Jan singles through the left side.,Základní část
197963,7,2,Matouš BUBENíK,Adam VESELý,0,0,-8,60,0,0,215,0,0,0,BUBENíK Matouš reaches on fielding error. E7. MULAč Jan to 3rd. BUBENíK Matouš out at 1st 53.  3 out.,Základní část
197963,7,0,Petr ZýMA,Adam VESELý,0,0,0,0,0,0,0,0,0,0,"Middle of the 7th<br>1 runs, 1 lob",Základní část
197963,8,0,Petr ZýMA,Adam VESELý,0,0,-5,60,0,0,0,0,0,0,Foul.,Základní část
197963,8,0,Petr ZýMA,Adam VESELý,0,1,32,62,0,0,0,0,0,0,Ball 1.,Základní část
197963,8,0,Petr ZýMA,Adam VESELý,1,1,-8,10,0,0,179,1,0,0,ZýMA Petr singles through the left side.,Základní část
197963,8,0,Viktor HLUCHý,Adam VESELý,0,0,17,27,0,0,38,0,0,0,HLUCHý Viktor out on sacrifice hit 13. Bunt. ZýMA Petr to 2nd. 1 out.,Základní část
197963,8,1,Jan HOJDA,Adam VESELý,0,0,32,24,0,0,0,0,0,0,Ball 1.,Základní část
197963,8,1,Jan HOJDA,Adam VESELý,1,0,-4,50,0,0,0,0,0,0,Swinging Strike 1.,Základní část
197963,8,1,Jan HOJDA,Adam VESELý,1,1,-9,13,0,0,0,0,0,0,Swinging Strike 2.,Základní část
197963,8,1,Jan HOJDA,Adam VESELý,1,2,-11,40,0,0,0,0,0,0,Foul.,Základní část
197963,8,1,Jan HOJDA,Adam VESELý,1,2,0,59,0,0,113,0,0,0,HOJDA Jan flies out.  F4. 2 out.,Základní část
197963,8,2,Aleš PRANDžEV,Adam VESELý,0,0,13,15,0,0,0,0,0,0,Foul.,Základní část
197963,8,2,Aleš PRANDžEV,Adam VESELý,0,1,-9,43,0,0,0,0,0,0,Foul.,Základní část
197963,8,2,Aleš PRANDžEV,Adam VESELý,0,2,-13,39,0,0,0,0,0,0,Foul.,Základní část
197963,8,2,Aleš PRANDžEV,Adam VESELý,0,2,12,20,0,0,179,1,0,1,PRANDžEV Aleš singles up the middle. ZýMA Petr scores. 1 RBI.,Základní část
197963,8,2,Matyáš SMOLA,Adam VESELý,0,0,-2,55,0,0,197,0,0,0,SMOLA Matyáš flies out to left field.  F7. 3 out.,Základní část
197963,8,0,Marek SLABý,Adam VESELý,0,0,0,0,0,0,0,0,0,0,"Middle of the 8th<br>1 runs, 1 lob",Základní část
197963,9,0,Marek SLABý,Adam VESELý,0,0,2,17,0,0,0,0,0,0,Swinging Strike 1.,Základní část
197963,9,0,Marek SLABý,Adam VESELý,0,1,6,59,0,0,226,0,0,0,SLABý Marek flies out to right center.  F8. 1 out.,Základní část
197963,9,1,Filip KUBíčEK,Adam VESELý,0,0,35,59,0,0,0,0,0,0,Ball 1.,Základní část
197963,9,1,Filip KUBíčEK,Adam VESELý,1,0,9,39,0,0,0,0,0,0,Swinging Strike 1.,Základní část
197963,9,1,Filip KUBíčEK,Adam VESELý,1,1,-18,13,0,0,0,0,0,0,Foul.,Základní část
197963,9,1,Filip KUBíčEK,Adam VESELý,1,2,9,57,0,0,219,0,0,0,KUBíčEK Filip flies out to right center.  F8. 2 out.,Základní část
197963,9,2,Jan MULAč,Adam VESELý,0,0,-11,21,0,0,0,0,0,0,Called Strike 1.,Základní část
197963,9,2,Jan MULAč,Adam VESELý,0,1,35,57,0,0,0,0,0,0,Ball 1.,Základní část
197963,9,2,Jan MULAč,Adam VESELý,1,1,4,19,0,0,94,0,0,0,MULAč Jan grounds out 3U. 3 out.,Základní část
197963,9,0,Matouš BUBENíK,Adam VESELý,0,0,0,0,0,0,0,0,0,0,"Middle of the 9th<br>0 runs, 0 lob",Základní část
197967,1,0,Marek SLABý,Jose LIMA,0,0,39,48,0,0,0,0,0,0,Ball 1.,Základní část
197967,1,0,Marek SLABý,Jose LIMA,1,0,-12,56,0,0,0,0,0,0,Called Strike 1.,Základní část
197967,1,0,Marek SLABý,Jose LIMA,1,1,35,11,0,0,0,0,0,0,Ball 2.,Základní část
197967,1,0,Marek SLABý,Jose LIMA,2,1,36,39,0,0,0,0,0,0,Ball 3.,Základní část
197967,1,0,Marek SLABý,Jose LIMA,3,1,13,61,0,0,0,0,0,0,Called Strike 2.,Základní část
197967,1,0,Marek SLABý,Jose LIMA,3,2,-6,50,0,0,0,0,0,0,Foul.,Základní část
197967,1,0,Marek SLABý,Jose LIMA,3,2,-11,23,0,0,0,0,0,0,SLABý Marek strikes out swinging. 1 out.,Základní část
197967,1,1,Filip KUBíčEK,Jose LIMA,0,0,37,58,0,0,0,0,0,0,Ball 1.,Základní část
197967,1,1,Filip KUBíčEK,Jose LIMA,1,0,-11,22,0,0,0,0,0,0,Foul.,Základní část
197967,1,1,Filip KUBíčEK,Jose LIMA,1,1,-11,57,0,0,0,0,0,0,Called Strike 2.,Základní část
197967,1,1,Filip KUBíčEK,Jose LIMA,1,2,18,62,0,0,196,1,0,0,KUBíčEK Filip singles to center field.,Základní část
197967,1,1,Jan MULAč,Jose LIMA,0,0,34,19,0,0,0,0,0,0,Ball 1.,Základní část
197967,1,1,Jan MULAč,Jose LIMA,1,0,0,0,0,0,0,0,0,0,Pickoff Attempt at 1st,Základní část
197967,1,1,Jan MULAč,Jose LIMA,1,0,13,47,0,0,226,0,0,0,MULAč Jan flies out to right field.  F9. 2 out.,Základní část
197967,1,2,Matouš BUBENíK,Jose LIMA,0,0,0,0,0,0,0,0,0,0,Pickoff Attempt at 1st,Základní část
197967,1,2,Matouš BUBENíK,Jose LIMA,0,0,-18,35,0,0,0,0,0,0,Called Strike 1.,Základní část
197967,1,2,Matouš BUBENíK,Jose LIMA,0,1,38,35,0,0,0,0,0,0,Ball 1.,Základní část
197967,1,2,Matouš BUBENíK,Jose LIMA,1,1,5,39,0,0,0,0,0,0,Swinging Strike 2.,Základní část
197967,1,2,Matouš BUBENíK,Jose LIMA,1,3,-2,53,0,0,0,0,0,0,BUBENíK Matouš strikes out swinging. 3 out.,Základní část
197967,1,0,Petr ZýMA,Jose LIMA,0,0,0,0,0,0,0,0,0,0,"End of the 1st<br>0 runs, 1 lob",Základní část
197967,2,0,Petr ZýMA,Jose LIMA,0,0,1,36,0,0,0,0,0,0,Called Strike 1.,Základní část
197967,2,0,Petr ZýMA,Jose LIMA,0,1,2,56,0,0,179,1,0,0,ZýMA Petr singles to right field.,Základní část
197967,2,0,Viktor HLUCHý,Jose LIMA,0,0,-15,50,0,0,226,0,0,0,HLUCHý Viktor flies out to center field.  F8. 1 out.,Základní část
197967,2,1,Aleš PRANDžEV,Jose LIMA,0,0,35,25,0,0,0,0,0,0,Ball 1.,Základní část
197967,2,1,Aleš PRANDžEV,Jose LIMA,1,0,36,14,0,0,0,0,0,0,Ball 2.,Základní část
197967,2,1,Aleš PRANDžEV,Jose LIMA,2,0,38,30,0,0,0,0,0,0,Ball 3.,Základní část
197967,2,1,Aleš PRANDžEV,Jose LIMA,3,0,8,26,0,0,0,0,0,0,Called Strike 1.,Základní část
197967,2,1,Aleš PRANDžEV,Jose LIMA,3,1,1,58,0,0,0,0,0,0,Foul.,Základní část
197967,2,1,Aleš PRANDžEV,Jose LIMA,3,2,31,15,0,0,0,0,1,0,PRANDžEV Aleš walks. ZýMA Petr to 2nd.,Základní část
197967,2,1,Matyáš SMOLA,Jose LIMA,0,0,13,23,0,0,0,0,0,0,Called Strike 1.,Základní část
197967,2,1,Matyáš SMOLA,Jose LIMA,0,1,-52,20,0,0,0,0,0,0,SMOLA Matyáš Hit By Pitch. ZýMA Petr to 3rd. PRANDžEV Aleš to 2nd.,Základní část
197967,2,1,Jan HOJDA,Jose LIMA,0,0,38,5,0,0,0,0,0,0,Ball 1.,Základní část
197967,2,1,Jan HOJDA,Jose LIMA,1,0,34,61,0,0,0,0,0,0,Ball 2.,Základní část
197967,2,1,Jan HOJDA,Jose LIMA,2,0,-10,21,0,0,0,0,0,0,Called Strike 1.,Základní část
197967,2,1,Jan HOJDA,Jose LIMA,2,1,18,16,0,0,0,0,0,0,Swinging Strike 2.,Základní část
197967,2,1,Jan HOJDA,Jose LIMA,2,2,6,20,0,0,0,0,0,0,HOJDA Jan strikes out looking. 2 out.,Základní část
197967,2,2,Marek SLABý,Jose LIMA,0,0,34,7,0,0,0,0,0,0,Ball 1.,Základní část
197967,2,2,Marek SLABý,Jose LIMA,1,0,10,52,0,0,0,0,0,0,Called Strike 1.,Základní část
197967,2,2,Marek SLABý,Jose LIMA,1,1,30,54,0,0,0,0,0,0,Ball 2.,Základní část
197967,2,2,Marek SLABý,Jose LIMA,2,1,-11,47,0,0,226,0,0,0,SLABý Marek flies out to left field.  F7. 3 out.,Základní část
197967,2,0,Filip KUBíčEK,Jose LIMA,0,0,0,0,0,0,0,0,0,0,"End of the 2nd<br>0 runs, 3 lob",Základní část
197967,3,0,Filip KUBíčEK,Jose LIMA,0,0,8,38,0,0,0,0,0,0,Foul.,Základní část
197967,3,0,Filip KUBíčEK,Jose LIMA,0,1,32,11,0,0,0,0,0,0,Ball 1.,Základní část
197967,3,0,Filip KUBíčEK,Jose LIMA,1,1,35,3,0,0,0,0,0,0,Ball 2.,Základní část
197967,3,0,Filip KUBíčEK,Jose LIMA,2,1,33,41,0,0,0,0,0,0,Ball 3.,Základní část
197967,3,0,Filip KUBíčEK,Jose LIMA,3,1,33,30,0,0,0,0,1,0,KUBíčEK Filip walks.,Základní část
197967,3,0,Jan MULAč,Jose LIMA,0,0,-5,22,0,0,113,0,0,0,MULAč Jan hits into a double play.  GDP 643. KUBíčEK Filip  out at 2nd 64.  2 out.,Základní část
197967,3,2,Matouš BUBENíK,Jose LIMA,0,0,-8,58,0,0,0,0,0,0,Called Strike 1.,Základní část
197967,3,2,Matouš BUBENíK,Jose LIMA,0,1,36,37,0,0,0,0,0,0,Ball 1.,Základní část
197967,3,2,Matouš BUBENíK,Jose LIMA,1,1,-15,13,0,0,179,1,0,0,BUBENíK Matouš singles down LF line.,Základní část
197967,3,2,Petr ZýMA,Jose LIMA,0,0,-4,29,0,0,0,0,0,0,Called Strike 1.,Základní část
197967,3,2,Petr ZýMA,Jose LIMA,0,1,31,47,0,0,0,0,0,0,Ball 1.,Základní část
197967,3,2,Petr ZýMA,Jose LIMA,1,1,15,49,0,0,0,0,0,0,Swinging Strike 2.,Základní část
197967,3,2,Petr ZýMA,Jose LIMA,1,2,18,23,0,0,45,0,0,0,ZýMA Petr grounds out 1-3. 3 out.,Základní část
197967,3,0,Viktor HLUCHý,Jose LIMA,0,0,0,0,0,0,0,0,0,0,"End of the 3rd<br>0 runs, 1 lob",Základní část
197967,4,0,Viktor HLUCHý,Jose LIMA,0,0,16,38,0,0,0,0,0,0,Called Strike 1.,Základní část
197967,4,0,Viktor HLUCHý,Jose LIMA,0,1,4,28,0,0,113,0,0,0,HLUCHý Viktor grounds out 4-3. 1 out.,Základní část
197967,4,1,Aleš PRANDžEV,Jose LIMA,0,0,-14,16,0,0,0,0,0,0,Called Strike 1.,Základní část
197967,4,1,Aleš PRANDžEV,Jose LIMA,0,1,39,5,0,0,0,0,0,0,Ball 1.,Základní část
197967,4,1,Aleš PRANDžEV,Jose LIMA,1,1,1,17,0,0,0,0,0,0,Called Strike 2.,Základní část
197967,4,1,Aleš PRANDžEV,Jose LIMA,1,2,32,62,0,0,0,0,0,0,Ball 2.,Základní část
197967,4,1,Aleš PRANDžEV,Jose LIMA,2,2,1,21,0,0,76,0,0,0,PRANDžEV Aleš grounds out 4-3. 2 out.,Základní část
197967,4,2,Matyáš SMOLA,Jose LIMA,0,0,10,37,0,0,0,0,0,0,Called Strike 1.,Základní část
197967,4,2,Matyáš SMOLA,Jose LIMA,0,1,33,58,0,0,0,0,0,0,Ball 1.,Základní část
197967,4,2,Matyáš SMOLA,Jose LIMA,1,1,-3,18,0,0,0,0,0,0,Called Strike 2.,Základní část
197967,4,2,Matyáš SMOLA,Jose LIMA,1,2,17,11,0,0,94,0,0,0,SMOLA Matyáš grounds out 3U. 3 out.,Základní část
197967,4,0,Jan HOJDA,Jose LIMA,0,0,0,0,0,0,0,0,0,0,"End of the 4th<br>0 runs, 0 lob",Základní část
197967,5,0,Jan HOJDA,Jose LIMA,0,0,0,0,0,0,0,0,0,0,Weather Delay,Základní část
197967,5,0,Jan HOJDA,Jose LIMA,0,0,0,0,0,0,0,0,0,0,Zápas se bude dohrávat v náhradním termínu,Základní část
197967,5,0,Jan HOJDA,Neznámý,0,0,0,0,0,0,0,0,0,0,Defensive Change: #23 KUBíčEK to SS,Základní část
197967,5,0,Jan HOJDA,Neznámý,0,0,0,0,0,0,0,0,0,0,Defensive Substitution: #0 TOšOVSKý for #73 MULAč at 2B,Základní část
197967,5,0,Jan HOJDA,Neznámý,0,0,0,0,0,0,0,0,0,0,Defensive Substitution: #79 BILíčEK for #59 NěMčANSKý at 1B,Základní část
197967,5,0,Jan HOJDA,Neznámý,0,0,0,0,0,0,0,0,0,0,Pitching Change: #0 GONZALEZ for #88 LIMA,Základní část
197967,5,0,Jan HOJDA,Jesus GONZALEZ,0,0,0,0,0,0,0,0,0,0,Zápas se dohrává 1.6. v 19:00,Základní část
197967,5,0,Jan HOJDA,Jesus GONZALEZ,0,0,34,22,0,0,0,0,0,0,Ball 1.,Základní část
197967,5,0,Jan HOJDA,Jesus GONZALEZ,1,0,2,60,0,0,0,0,0,0,Called Strike 1.,Základní část
197967,5,0,Jan HOJDA,Jesus GONZALEZ,1,1,-18,28,0,0,179,1,0,0,HOJDA Jan singles through the left side.,Základní část
197967,5,0,Marek SLABý,Jesus GONZALEZ,0,0,4,45,0,0,0,0,0,0,Swinging Strike 1.,Základní část
197967,5,0,Marek SLABý,Jesus GONZALEZ,0,1,39,6,0,0,0,0,0,0,Ball 1.,Základní část
197967,5,0,Marek SLABý,Jesus GONZALEZ,1,1,31,40,0,0,0,0,0,0,Ball 2.,Základní část
197967,5,0,Marek SLABý,Jesus GONZALEZ,2,1,35,16,0,0,0,0,0,0,Ball 3.,Základní část
197967,5,0,Marek SLABý,Jesus GONZALEZ,3,1,-15,49,0,0,0,0,0,0,Called Strike 2.,Základní část
197967,5,0,Marek SLABý,Jesus GONZALEZ,3,2,0,0,0,0,0,0,0,0,Pickoff Attempt at 1st,Základní část
197967,5,0,Marek SLABý,Jesus GONZALEZ,3,2,34,59,0,0,0,0,1,0,SLABý Marek walks. HOJDA Jan to 2nd.,Základní část
197967,5,0,Filip KUBíčEK,Jesus GONZALEZ,0,0,4,34,0,0,0,0,0,0,Foul.,Základní část
197967,5,0,Filip KUBíčEK,Jesus GONZALEZ,0,1,31,47,0,0,0,0,0,0,Ball 1.,Základní část
197967,5,0,Filip KUBíčEK,Jesus GONZALEZ,1,1,31,54,0,0,0,0,0,0,Ball 2.,Základní část
197967,5,0,Filip KUBíčEK,Jesus GONZALEZ,2,1,0,46,0,0,0,0,0,0,Called Strike 2.,Základní část
197967,5,0,Filip KUBíčEK,Jesus GONZALEZ,2,2,-1,18,0,0,94,0,0,0,KUBíčEK Filip hits into a double play.  GDP 53. SLABý Marek  out at 2nd 5.  2 out.,Základní část
197967,5,2,Adam TOšOVSKý,Jesus GONZALEZ,0,0,-7,39,0,0,0,0,0,0,Called Strike 1.,Základní část
197967,5,2,Adam TOšOVSKý,Jesus GONZALEZ,0,1,0,0,0,0,0,0,0,0,HOJDA Jan  out at 3rd CS15.  3 out.,Základní část
197967,5,0,Adam TOšOVSKý,Jesus GONZALEZ,0,0,0,0,0,0,0,0,0,0,"End of the 5th<br>0 runs, 0 lob",Základní část
197967,6,0,Adam TOšOVSKý,Jesus GONZALEZ,0,0,33,48,0,0,0,0,0,0,Ball 1.,Základní část
197967,6,0,Adam TOšOVSKý,Jesus GONZALEZ,1,0,30,55,0,0,0,0,0,0,Ball 2.,Základní část
197967,6,0,Adam TOšOVSKý,Jesus GONZALEZ,2,0,6,44,0,0,0,0,0,0,Called Strike 1.,Základní část
197967,6,0,Adam TOšOVSKý,Jesus GONZALEZ,2,1,33,56,0,0,0,0,0,0,Ball 3.,Základní část
197967,6,0,Adam TOšOVSKý,Jesus GONZALEZ,3,1,10,24,0,0,0,0,0,0,Swinging Strike 2.,Základní část
197967,6,0,Adam TOšOVSKý,Jesus GONZALEZ,3,2,38,2,0,0,0,0,1,0,TOšOVSKý Adam walks.,Základní část
197967,6,0,Matouš BUBENíK,Jesus GONZALEZ,0,0,30,68,0,0,0,0,0,0,Ball 1.,Základní část
197967,6,0,Matouš BUBENíK,Jesus GONZALEZ,1,0,18,15,0,0,0,0,0,0,Foul.,Základní část
197967,6,0,Matouš BUBENíK,Jesus GONZALEZ,1,1,-19,54,0,0,0,0,0,0,Foul.,Základní část
197967,6,0,Matouš BUBENíK,Jesus GONZALEZ,1,2,0,0,0,0,0,0,0,0,Pickoff Attempt at 1st,Základní část
197967,6,0,Matouš BUBENíK,Jesus GONZALEZ,1,2,37,51,0,0,0,0,0,0,Ball 2.,Základní část
197967,6,0,Matouš BUBENíK,Jesus GONZALEZ,2,2,12,47,0,0,136,0,0,0,BUBENíK Matouš flies out.  F4. 1 out.,Základní část
197967,6,1,Petr ZýMA,Jesus GONZALEZ,0,0,3,36,0,0,0,0,0,0,Called Strike 1.,Základní část
197967,6,1,Petr ZýMA,Jesus GONZALEZ,0,1,-7,11,0,0,179,1,0,0,ZýMA Petr singles through the left side. TOšOVSKý Adam to 2nd.,Základní část
197967,6,1,Koya UEMURA,Jesus GONZALEZ,0,0,-19,22,0,0,0,0,0,0,Called Strike 1.,Základní část
197967,6,1,Koya UEMURA,Jesus GONZALEZ,0,1,35,25,0,0,0,0,0,0,Ball 1.,Základní část
197967,6,1,Koya UEMURA,Jesus GONZALEZ,1,1,31,13,0,0,0,0,0,0,Ball 2.,Základní část
197967,6,1,Koya UEMURA,Jesus GONZALEZ,2,1,-19,25,0,0,85,1,0,0,UEMURA Koya singles to shortstop. TOšOVSKý Adam to 3rd. ZýMA Petr to 2nd.,Základní část
197967,6,1,Aleš PRANDžEV,Jesus GONZALEZ,0,0,38,63,0,0,0,0,0,0,Ball 1.,Základní část
197967,6,1,Aleš PRANDžEV,Jesus GONZALEZ,1,0,36,17,0,0,0,0,0,0,Ball 2.,Základní část
197967,6,1,Aleš PRANDžEV,Jesus GONZALEZ,2,0,-17,24,0,0,0,0,0,0,Called Strike 1.,Základní část
197967,6,1,Aleš PRANDžEV,Jesus GONZALEZ,2,1,31,26,0,0,0,0,0,0,Ball 3.,Základní část
197967,6,1,Aleš PRANDžEV,Jesus GONZALEZ,3,1,16,28,0,0,66,0,0,0,PRANDžEV Aleš reaches on fielders choice. TOšOVSKý Adam  out at home 32.  ZýMA Petr to 3rd. UEMURA Koya to 2nd. 2 out.,Základní část
197967,6,2,Matyáš SMOLA,Jesus GONZALEZ,0,0,-5,58,0,0,0,0,0,0,Called Strike 1.,Základní část
197967,6,2,Matyáš SMOLA,Jesus GONZALEZ,0,1,18,45,0,0,0,0,0,0,Foul.,Základní část
197967,6,2,Matyáš SMOLA,Jesus GONZALEZ,0,2,-2,23,0,0,67,0,0,0,SMOLA Matyáš reaches on fielding error. E5. ZýMA Petr scores. UEMURA Koya to 3rd. PRANDžEV Aleš to 2nd.,Základní část
197967,6,2,Jan HOJDA,Jesus GONZALEZ,0,0,30,27,0,0,0,0,0,0,Ball 1.,Základní část
197967,6,2,Jan HOJDA,Jesus GONZALEZ,1,0,39,34,0,0,0,0,0,0,Ball 2. UEMURA Koya scores on wild pitch. PRANDžEV Aleš to 3rd on wild pitch. SMOLA Matyáš to 2nd on wild pitch.,Základní část
197967,6,2,Jan HOJDA,Jesus GONZALEZ,2,0,-2,56,0,0,0,0,0,0,Called Strike 1.,Základní část
197967,6,2,Jan HOJDA,Jesus GONZALEZ,2,1,14,55,0,0,226,0,0,0,HOJDA Jan flies out to right field.  F9. 3 out.,Základní část
197967,6,0,Marek SLABý,Jesus GONZALEZ,0,0,0,0,0,0,0,0,0,0,"End of the 6th<br>2 runs, 2 lob",Základní část
197967,7,0,Marek SLABý,Jesus GONZALEZ,0,0,33,26,0,0,0,0,0,0,Ball 1.,Základní část
197967,7,0,Marek SLABý,Jesus GONZALEZ,1,0,33,36,0,0,0,0,0,0,Ball 2.,Základní část
197967,7,0,Marek SLABý,Jesus GONZALEZ,2,0,12,57,0,0,226,0,0,0,SLABý Marek flies out to right field.  F9. 1 out.,Základní část
197967,7,1,Filip KUBíčEK,Jesus GONZALEZ,0,0,38,57,0,0,0,0,0,0,Ball 1.,Základní část
197967,7,1,Filip KUBíčEK,Jesus GONZALEZ,1,0,-9,21,0,0,0,0,0,0,Foul.,Základní část
197967,7,1,Filip KUBíčEK,Jesus GONZALEZ,1,1,38,14,0,0,0,0,0,0,Ball 2.,Základní část
197967,7,1,Filip KUBíčEK,Jesus GONZALEZ,2,1,-11,17,0,0,0,0,0,0,Called Strike 2.,Základní část
197967,7,1,Filip KUBíčEK,Jesus GONZALEZ,2,2,14,12,0,0,0,0,0,0,Foul.,Základní část
197967,7,1,Filip KUBíčEK,Jesus GONZALEZ,2,2,-13,22,0,0,0,0,0,0,KUBíčEK Filip strikes out looking. 2 out.,Základní část
197967,7,2,Adam TOšOVSKý,Jesus GONZALEZ,0,0,14,31,0,0,0,0,0,0,Called Strike 1.,Základní část
197967,7,2,Adam TOšOVSKý,Jesus GONZALEZ,0,1,33,26,0,0,0,0,0,0,Ball 1.,Základní část
197967,7,2,Adam TOšOVSKý,Jesus GONZALEZ,1,1,36,17,0,0,0,0,0,0,Ball 2.,Základní část
197967,7,2,Adam TOšOVSKý,Jesus GONZALEZ,2,1,-8,60,0,0,226,0,0,0,TOšOVSKý Adam flies out to center field.  F8. 3 out.,Základní část
197967,7,0,Matouš BUBENíK,Jesus GONZALEZ,0,0,0,0,0,0,0,0,0,0,"End of the 7th<br>0 runs, 0 lob",Základní část
197967,8,0,Matouš BUBENíK,Jesus GONZALEZ,0,0,35,36,0,0,0,0,0,0,Ball 1.,Základní část
197967,8,0,Matouš BUBENíK,Jesus GONZALEZ,1,0,-5,12,0,0,94,0,0,0,BUBENíK Matouš grounds out 5-3. 1 out.,Základní část
197967,8,1,Petr ZýMA,Jesus GONZALEZ,0,0,17,26,0,0,0,0,0,0,Called Strike 1.,Základní část
197967,8,1,Petr ZýMA,Jesus GONZALEZ,0,1,-14,14,0,0,113,0,0,0,ZýMA Petr grounds out 6-3. 2 out.,Základní část
197967,8,2,Koya UEMURA,Jesus GONZALEZ,0,0,36,37,0,0,0,0,0,0,Ball 1.,Základní část
197967,8,2,Koya UEMURA,Jesus GONZALEZ,1,0,11,13,0,0,0,0,0,0,Called Strike 1.,Základní část
197967,8,2,Koya UEMURA,Jesus GONZALEZ,1,1,-5,27,0,0,0,0,0,0,Called Strike 2.,Základní část
197967,8,2,Koya UEMURA,Jesus GONZALEZ,1,2,-6,27,0,0,113,0,0,0,UEMURA Koya grounds out 6-3. 3 out.,Základní část
197967,8,0,Aleš PRANDžEV,Jesus GONZALEZ,0,0,0,0,0,0,0,0,0,0,"End of the 8th<br>0 runs, 0 lob",Základní část
197967,9,0,Aleš PRANDžEV,Jesus GONZALEZ,0,0,8,22,0,0,179,1,0,0,PRANDžEV Aleš singles up the middle.,Základní část
197967,9,0,Matyáš SMOLA,Jesus GONZALEZ,0,0,36,69,0,0,0,0,0,0,Ball 1.,Základní část
197967,9,0,Matyáš SMOLA,Jesus GONZALEZ,1,0,13,13,0,0,0,0,0,0,Foul.,Základní část
197967,9,0,Matyáš SMOLA,Jesus GONZALEZ,1,1,36,61,0,0,0,0,0,0,Ball 2.,Základní část
197967,9,0,Matyáš SMOLA,Jesus GONZALEZ,2,1,0,35,0,0,0,0,0,0,Called Strike 2.,Základní část
197967,9,0,Matyáš SMOLA,Jesus GONZALEZ,2,2,9,14,0,0,0,0,0,0,SMOLA Matyáš strikes out swinging. 1 out.,Základní část
197967,9,1,Jan HOJDA,Jesus GONZALEZ,0,0,-6,35,0,0,0,0,0,0,Called Strike 1.,Základní část
197967,9,1,Jan HOJDA,Jesus GONZALEZ,0,1,31,31,0,0,0,0,0,0,Ball 1.,Základní část
197967,9,1,Jan HOJDA,Jesus GONZALEZ,1,1,3,34,0,0,0,0,0,0,Called Strike 2.,Základní část
197967,9,1,Jan HOJDA,Jesus GONZALEZ,1,2,-10,45,0,0,57,0,0,0,HOJDA Jan flies out.  L1. PRANDžEV Aleš  out at 1st 13.  Double Play. 3 out.,Základní část
197967,9,0,Marek SLABý,Jesus GONZALEZ,0,0,0,0,0,0,0,0,0,0,GAME OVER<br>NUC wins 10-2<br>Win: LIMA<br>Loss: LEMMON,Základní část
196984,1,0,Marek SLABý,Natsuki TAMBA,0,0,4,29,0,0,0,0,0,0,Foul.,Základní část
196984,1,0,Marek SLABý,Natsuki TAMBA,0,1,4,59,0,0,0,0,0,0,Called Strike 2.,Základní část
196984,1,0,Marek SLABý,Natsuki TAMBA,0,2,32,23,0,0,0,0,0,0,Ball 1.,Základní část
196984,1,0,Marek SLABý,Natsuki TAMBA,1,2,8,45,0,0,0,0,0,0,Foul.,Základní část
196984,1,0,Marek SLABý,Natsuki TAMBA,1,2,31,70,0,0,0,0,0,0,Ball 2.,Základní část
196984,1,0,Marek SLABý,Natsuki TAMBA,2,2,16,58,0,0,0,0,0,0,Foul.,Základní část
196984,1,0,Marek SLABý,Natsuki TAMBA,2,2,-12,53,0,0,235,1,0,0,SLABý Marek doubles to center field.,Základní část
196984,1,0,Filip KUBíčEK,Natsuki TAMBA,0,0,17,61,0,0,0,0,0,0,Called Strike 1.,Základní část
196984,1,0,Filip KUBíčEK,Natsuki TAMBA,0,1,35,2,0,0,0,0,0,0,Ball 1.,Základní část
196984,1,0,Filip KUBíčEK,Natsuki TAMBA,1,1,-10,36,0,0,0,0,0,0,Called Strike 2.,Základní část
196984,1,0,Filip KUBíčEK,Natsuki TAMBA,1,2,34,19,0,0,0,0,0,0,Ball 2.,Základní část
196984,1,0,Filip KUBíčEK,Natsuki TAMBA,2,2,35,24,0,0,0,0,0,0,Ball 3.,Základní část
196984,1,0,Filip KUBíčEK,Natsuki TAMBA,3,2,36,17,0,0,0,0,1,0,KUBíčEK Filip walks.,Základní část
196984,1,0,Jan MULAč,Natsuki TAMBA,0,0,-5,31,0,0,0,0,0,0,Called Strike 1.,Základní část
196984,1,0,Jan MULAč,Natsuki TAMBA,0,1,18,45,0,0,0,0,0,0,Swinging Strike 2.,Základní část
196984,1,0,Jan MULAč,Natsuki TAMBA,0,2,35,56,0,0,0,0,0,0,Ball 1.,Základní část
196984,1,0,Jan MULAč,Natsuki TAMBA,1,2,18,14,0,0,0,0,0,0,MULAč Jan strikes out looking. 1 out.,Základní část
196984,1,1,Matouš BUBENíK,Natsuki TAMBA,0,0,-17,14,0,0,98,1,0,0,BUBENíK Matouš singles to third base. SLABý Marek to 3rd. KUBíčEK Filip to 2nd.,Základní část
196984,1,1,Petr ZýMA,Natsuki TAMBA,0,0,38,29,0,0,0,0,0,0,Ball 1.,Základní část
196984,1,1,Petr ZýMA,Natsuki TAMBA,1,0,34,64,0,0,0,0,0,0,Ball 2.,Základní část
196984,1,1,Petr ZýMA,Natsuki TAMBA,2,0,17,28,0,0,0,0,0,0,Called Strike 1.,Základní část
196984,1,1,Petr ZýMA,Natsuki TAMBA,2,1,12,24,0,0,0,0,0,0,Foul.,Základní část
196984,1,1,Petr ZýMA,Natsuki TAMBA,2,2,5,16,0,0,94,0,0,2,ZýMA Petr reaches on throwing error. E3T. SLABý Marek scores. KUBíčEK Filip scores. BUBENíK Matouš to 3rd. 2 RBI.,Základní část
196984,1,1,Ryker GALASKA,Natsuki TAMBA,0,0,31,61,0,0,0,0,0,0,Ball 1.,Základní část
196984,1,1,Ryker GALASKA,Natsuki TAMBA,1,0,3,40,0,0,0,0,0,0,Called Strike 1.,Základní část
196984,1,1,Ryker GALASKA,Natsuki TAMBA,1,1,16,49,0,0,0,0,0,0,Foul.,Základní část
196984,1,1,Ryker GALASKA,Natsuki TAMBA,1,2,35,38,0,0,0,0,0,0,Ball 2.,Základní část
196984,1,1,Ryker GALASKA,Natsuki TAMBA,2,2,32,57,0,0,0,0,0,0,Ball 3.,Základní část
196984,1,1,Ryker GALASKA,Natsuki TAMBA,3,2,-10,16,0,0,113,0,0,0,GALASKA Ryker hits into a double play.  GDP 643. ZýMA Petr  out at 2nd 64.  3 out.,Základní část
196984,1,0,Aleš PRANDžEV,Natsuki TAMBA,0,0,0,0,0,0,0,0,0,0,"End of the 1st<br>2 runs, 1 lob",Základní část
196984,2,0,Aleš PRANDžEV,Natsuki TAMBA,0,0,32,33,0,0,0,0,0,0,Ball 1.,Základní část
196984,2,0,Aleš PRANDžEV,Natsuki TAMBA,1,0,11,27,0,0,0,0,0,0,Swinging Strike 1.,Základní část
196984,2,0,Aleš PRANDžEV,Natsuki TAMBA,1,1,31,65,0,0,0,0,0,0,Ball 2.,Základní část
196984,2,0,Aleš PRANDžEV,Natsuki TAMBA,2,1,-1,29,0,0,113,0,0,0,PRANDžEV Aleš grounds out 6-3. 1 out.,Základní část
196984,2,1,Matyáš SMOLA,Natsuki TAMBA,0,0,19,20,0,0,57,0,0,0,SMOLA Matyáš grounds out 1-3. 2 out.,Základní část
196984,2,2,Adam TOšOVSKý,Natsuki TAMBA,0,0,-20,34,0,0,0,0,0,0,Called Strike 1.,Základní část
196984,2,2,Adam TOšOVSKý,Natsuki TAMBA,0,1,12,16,0,0,0,0,0,0,Called Strike 2.,Základní část
196984,2,2,Adam TOšOVSKý,Natsuki TAMBA,0,2,11,33,0,0,0,0,0,0,Foul.,Základní část
196984,2,2,Adam TOšOVSKý,Natsuki TAMBA,0,2,34,70,0,0,0,0,0,0,Ball 1.,Základní část
196984,2,2,Adam TOšOVSKý,Natsuki TAMBA,1,2,37,30,0,0,0,0,0,0,Ball 2.,Základní část
196984,2,2,Adam TOšOVSKý,Natsuki TAMBA,2,2,-9,35,0,0,0,0,0,0,TOšOVSKý Adam strikes out looking. 3 out.,Základní část
196984,2,0,Marek SLABý,Natsuki TAMBA,0,0,0,0,0,0,0,0,0,0,"End of the 2nd<br>0 runs, 0 lob",Základní část
196984,3,0,Marek SLABý,Natsuki TAMBA,0,0,32,67,0,0,0,0,0,0,Ball 1.,Základní část
196984,3,0,Marek SLABý,Natsuki TAMBA,1,0,13,40,0,0,0,0,0,0,Called Strike 1.,Základní část
196984,3,0,Marek SLABý,Natsuki TAMBA,1,1,-20,23,0,0,0,0,0,0,Called Strike 2.,Základní část
196984,3,0,Marek SLABý,Natsuki TAMBA,1,2,36,22,0,0,0,0,0,0,Ball 2.,Základní část
196984,3,0,Marek SLABý,Natsuki TAMBA,2,2,16,13,0,0,0,0,0,0,Foul.,Základní část
196984,3,0,Marek SLABý,Natsuki TAMBA,2,2,17,13,0,0,0,0,0,0,SLABý Marek strikes out swinging. 1 out.,Základní část
196984,3,1,Filip KUBíčEK,Natsuki TAMBA,0,0,-14,54,0,0,0,0,0,0,Called Strike 1.,Základní část
196984,3,1,Filip KUBíčEK,Natsuki TAMBA,0,1,4,13,0,0,0,0,0,0,Foul.,Základní část
196984,3,1,Filip KUBíčEK,Natsuki TAMBA,0,2,-7,21,0,0,113,0,0,0,KUBíčEK Filip grounds out 6-3. 2 out.,Základní část
196984,3,2,Jan MULAč,Natsuki TAMBA,0,0,-17,11,0,0,61,0,0,0,MULAč Jan grounds out 5-3. 3 out.,Základní část
196984,3,0,Matouš BUBENíK,Natsuki TAMBA,0,0,0,0,0,0,0,0,0,0,"End of the 3rd<br>0 runs, 0 lob",Základní část
196984,4,0,Matouš BUBENíK,Natsuki TAMBA,0,0,30,10,0,0,0,0,0,0,Ball 1.,Základní část
196984,4,0,Matouš BUBENíK,Natsuki TAMBA,1,0,-7,15,0,0,0,0,0,0,Foul.,Základní část
196984,4,0,Matouš BUBENíK,Natsuki TAMBA,1,1,37,52,0,0,0,0,0,0,Ball 2.,Základní část
196984,4,0,Matouš BUBENíK,Natsuki TAMBA,2,1,-16,55,0,0,256,0,0,0,BUBENíK Matouš flies out to deep left field.  F7. 1 out.,Základní část
196984,4,1,Petr ZýMA,Natsuki TAMBA,0,0,30,2,0,0,0,0,0,0,Ball 1.,Základní část
196984,4,1,Petr ZýMA,Natsuki TAMBA,1,0,2,23,0,0,84,0,0,0,ZýMA Petr grounds out 4-3. 2 out.,Základní část
196984,4,2,Ryker GALASKA,Natsuki TAMBA,0,0,4,52,0,0,0,0,0,0,Called Strike 1.,Základní část
196984,4,2,Ryker GALASKA,Natsuki TAMBA,0,1,5,54,0,0,0,0,0,0,Foul.,Základní část
196984,4,2,Ryker GALASKA,Natsuki TAMBA,0,2,34,40,0,0,0,0,0,0,Ball 1.,Základní část
196984,4,2,Ryker GALASKA,Natsuki TAMBA,1,2,31,35,0,0,0,0,0,0,Ball 2.,Základní část
196984,4,2,Ryker GALASKA,Natsuki TAMBA,2,2,-20,53,0,0,0,0,0,0,Foul.,Základní část
196984,4,2,Ryker GALASKA,Natsuki TAMBA,2,2,32,3,0,0,0,0,0,0,Ball 3.,Základní část
196984,4,2,Ryker GALASKA,Natsuki TAMBA,3,2,-13,17,0,0,0,0,0,0,Foul.,Základní část
196984,4,2,Ryker GALASKA,Natsuki TAMBA,3,2,15,23,0,0,0,0,0,0,GALASKA Ryker strikes out swinging. 3 out.,Základní část
196984,4,0,Aleš PRANDžEV,Natsuki TAMBA,0,0,0,0,0,0,0,0,0,0,"End of the 4th<br>0 runs, 0 lob",Základní část
196984,5,0,Aleš PRANDžEV,Natsuki TAMBA,0,0,-10,48,0,0,0,0,0,0,Swinging Strike 1.,Základní část
196984,5,0,Aleš PRANDžEV,Natsuki TAMBA,0,1,7,32,0,0,0,0,0,0,Called Strike 2.,Základní část
196984,5,0,Aleš PRANDžEV,Natsuki TAMBA,0,2,38,22,0,0,0,0,0,0,Ball 1.,Základní část
196984,5,0,Aleš PRANDžEV,Natsuki TAMBA,1,2,-14,12,0,0,0,0,0,0,Foul.,Základní část
196984,5,0,Aleš PRANDžEV,Natsuki TAMBA,1,2,39,5,0,0,0,0,0,0,Ball 2.,Základní část
196984,5,0,Aleš PRANDžEV,Natsuki TAMBA,2,2,34,35,0,0,0,0,0,0,Ball 3.,Základní část
196984,5,0,Aleš PRANDžEV,Natsuki TAMBA,3,2,-12,15,0,0,77,0,0,0,PRANDžEV Aleš grounds out 6-3. 1 out.,Základní část
196984,5,1,Matyáš SMOLA,Natsuki TAMBA,0,0,11,38,0,0,0,0,0,0,Called Strike 1.,Základní část
196984,5,1,Matyáš SMOLA,Natsuki TAMBA,0,1,34,45,0,0,0,0,0,0,Ball 1.,Základní část
196984,5,1,Matyáš SMOLA,Natsuki TAMBA,1,1,7,13,0,0,0,0,0,0,Foul.,Základní část
196984,5,1,Matyáš SMOLA,Natsuki TAMBA,1,2,-15,30,0,0,0,0,0,0,Foul.,Základní část
196984,5,1,Matyáš SMOLA,Natsuki TAMBA,1,2,-19,60,0,0,0,0,0,0,SMOLA Matyáš strikes out swinging. 2 out.,Základní část
196984,5,2,Adam TOšOVSKý,Natsuki TAMBA,0,0,18,23,0,0,0,0,0,0,Foul.,Základní část
196984,5,2,Adam TOšOVSKý,Natsuki TAMBA,0,1,-10,61,0,0,0,0,0,0,Called Strike 2.,Základní část
196984,5,2,Adam TOšOVSKý,Natsuki TAMBA,0,2,32,26,0,0,0,0,0,0,Ball 1.,Základní část
196984,5,2,Adam TOšOVSKý,Natsuki TAMBA,1,2,16,59,0,0,0,0,0,0,Foul.,Základní část
196984,5,2,Adam TOšOVSKý,Natsuki TAMBA,1,2,-18,30,0,0,0,0,0,0,TOšOVSKý Adam strikes out looking. 3 out.,Základní část
196984,5,0,Marek SLABý,Natsuki TAMBA,0,0,0,0,0,0,0,0,0,0,"End of the 5th<br>0 runs, 0 lob",Základní část
196984,6,0,Marek SLABý,Natsuki TAMBA,0,0,11,57,0,0,0,0,0,0,Called Strike 1.,Základní část
196984,6,0,Marek SLABý,Natsuki TAMBA,0,1,33,7,0,0,0,0,0,0,Ball 1.,Základní část
196984,6,0,Marek SLABý,Natsuki TAMBA,1,1,15,48,0,0,190,1,0,0,SLABý Marek singles to right field.,Základní část
196984,6,0,Filip KUBíčEK,Natsuki TAMBA,0,0,-13,28,0,0,0,0,0,0,Called Strike 1.,Základní část
196984,6,0,Filip KUBíčEK,Natsuki TAMBA,0,1,35,25,0,0,0,0,0,0,Ball 1.,Základní část
196984,6,0,Filip KUBíčEK,Natsuki TAMBA,1,1,-14,24,0,0,196,1,0,0,KUBíčEK Filip singles through the left side. SLABý Marek to 2nd. SLABý Marek  out at 3rd 75.  1 out.,Základní část
196984,6,1,Jan MULAč,Natsuki TAMBA,0,0,-15,14,0,0,113,0,0,0,MULAč Jan hits into a double play.  GDP 63. KUBíčEK Filip  out at 2nd 6.  3 out.,Základní část
196984,6,0,Matouš BUBENíK,Natsuki TAMBA,0,0,0,0,0,0,0,0,0,0,"End of the 6th<br>0 runs, 0 lob",Základní část
196984,7,0,Neznámý,Neznámý,0,0,0,0,0,0,0,0,0,0,Pitching Change: #0 CURRIE for #40 TAMBA,Základní část
196984,7,0,Neznámý,Neznámý,0,0,0,0,0,0,0,0,0,0,Defensive Substitution: #0 KOžíšEK for #0 MERGANS at C,Základní část
196984,7,0,Matouš BUBENíK,Benjamin CURRIE,0,0,4,62,0,0,226,0,0,0,BUBENíK Matouš flies out to right field.  F9. 1 out.,Základní část
196984,7,1,Petr ZýMA,Benjamin CURRIE,0,0,6,17,0,0,0,0,0,0,Called Strike 1.,Základní část
196984,7,1,Petr ZýMA,Benjamin CURRIE,0,1,19,53,0,0,179,1,0,0,ZýMA Petr singles to right field.,Základní část
196984,7,1,Ryker GALASKA,Benjamin CURRIE,0,0,-12,14,0,0,0,0,0,0,Swinging Strike 1.,Základní část
196984,7,1,Ryker GALASKA,Benjamin CURRIE,0,1,-11,14,0,0,0,0,0,0,Swinging Strike 2.,Základní část
196984,7,1,Ryker GALASKA,Benjamin CURRIE,0,2,35,21,0,0,0,0,0,0,Ball 1.,Základní část
196984,7,1,Ryker GALASKA,Benjamin CURRIE,1,2,0,0,0,0,0,0,0,0,Pickoff Attempt at 1st,Základní část
196984,7,1,Ryker GALASKA,Benjamin CURRIE,1,2,30,31,0,0,0,0,0,0,Ball 2.,Základní část
196984,7,1,Ryker GALASKA,Benjamin CURRIE,2,2,-8,54,0,0,95,0,0,0,GALASKA Ryker flies out.  L6. 2 out.,Základní část
196984,7,2,Aleš PRANDžEV,Benjamin CURRIE,0,0,6,58,0,0,0,0,0,0,Called Strike 1.,Základní část
196984,7,2,Aleš PRANDžEV,Benjamin CURRIE,0,1,30,36,0,0,0,0,0,0,Ball 1.,Základní část
196984,7,2,Aleš PRANDžEV,Benjamin CURRIE,1,1,0,0,0,0,0,0,0,0,Pickoff Attempt at 1st,Základní část
196984,7,2,Aleš PRANDžEV,Benjamin CURRIE,1,1,32,16,0,0,0,0,0,0,Ball 2.,Základní část
196984,7,2,Aleš PRANDžEV,Benjamin CURRIE,2,1,8,56,0,0,116,0,0,0,PRANDžEV Aleš flies out.  P4. 3 out.,Základní část
196984,7,0,Matyáš SMOLA,Benjamin CURRIE,0,0,0,0,0,0,0,0,0,0,"End of the 7th<br>0 runs, 1 lob",Základní část
196984,8,0,Matyáš SMOLA,Benjamin CURRIE,0,0,37,25,0,0,0,0,0,0,Ball 1.,Základní část
196984,8,0,Matyáš SMOLA,Benjamin CURRIE,1,0,38,42,0,0,0,0,0,0,Ball 2.,Základní část
196984,8,0,Matyáš SMOLA,Benjamin CURRIE,2,0,12,25,0,0,0,0,0,0,Called Strike 1.,Základní část
196984,8,0,Matyáš SMOLA,Benjamin CURRIE,2,1,0,26,0,0,0,0,0,0,Foul.,Základní část
196984,8,0,Matyáš SMOLA,Benjamin CURRIE,2,2,36,43,0,0,0,0,0,0,Ball 3.,Základní část
196984,8,0,Matyáš SMOLA,Benjamin CURRIE,3,2,11,34,0,0,0,0,0,0,Foul.,Základní část
196984,8,0,Matyáš SMOLA,Benjamin CURRIE,3,2,36,67,0,0,0,0,1,0,SMOLA Matyáš walks.,Základní část
196984,8,0,Adam TOšOVSKý,Benjamin CURRIE,0,0,5,36,0,0,0,0,0,0,Called Strike 1. SMOLA Matyáš to 2nd on stolen base.,Základní část
196984,8,0,Adam TOšOVSKý,Benjamin CURRIE,0,1,18,30,0,0,0,0,0,0,Called Strike 2.,Základní část
196984,8,0,Adam TOšOVSKý,Benjamin CURRIE,0,2,2,19,0,0,0,0,0,0,Foul.,Základní část
196984,8,0,Adam TOšOVSKý,Benjamin CURRIE,0,2,30,44,0,0,0,0,0,0,Ball 1.,Základní část
196984,8,0,Adam TOšOVSKý,Benjamin CURRIE,1,2,-10,28,0,0,0,0,0,0,TOšOVSKý Adam strikes out swinging. 1 out.,Základní část
196984,8,1,Marek SLABý,Benjamin CURRIE,0,0,35,6,0,0,0,0,0,0,Ball 1.,Základní část
196984,8,1,Marek SLABý,Benjamin CURRIE,1,0,18,55,0,0,0,0,0,0,Swinging Strike 1.,Základní část
196984,8,1,Marek SLABý,Benjamin CURRIE,1,1,-11,22,0,0,0,0,0,0,Swinging Strike 2.,Základní část
196984,8,1,Marek SLABý,Benjamin CURRIE,1,2,-17,27,0,0,0,0,0,0,SLABý Marek strikes out swinging. 2 out.,Základní část
196984,8,2,Filip KUBíčEK,Benjamin CURRIE,0,0,0,42,0,0,0,0,0,0,Called Strike 1.,Základní část
196984,8,2,Filip KUBíčEK,Benjamin CURRIE,0,1,35,16,0,0,0,0,0,0,Ball 1.,Základní část
196984,8,2,Filip KUBíčEK,Benjamin CURRIE,1,1,-17,38,0,0,0,0,0,0,Foul.,Základní část
196984,8,2,Filip KUBíčEK,Benjamin CURRIE,1,2,19,55,0,0,0,0,0,0,KUBíčEK Filip strikes out looking. 3 out.,Základní část
196984,8,0,Jan MULAč,Benjamin CURRIE,0,0,0,0,0,0,0,0,0,0,"End of the 8th<br>0 runs, 1 lob",Základní část
196988,1,0,Marek SLABý,Jan NOVáK,0,0,0,0,0,0,0,0,0,0,Play Ball,Základní část
196988,1,0,Marek SLABý,Jan NOVáK,0,0,35,10,0,0,0,0,0,0,Ball 1.,Základní část
196988,1,0,Marek SLABý,Jan NOVáK,1,0,33,23,0,0,0,0,0,0,Ball 2.,Základní část
196988,1,0,Marek SLABý,Jan NOVáK,2,0,-11,28,0,0,0,0,0,0,Called Strike 1.,Základní část
196988,1,0,Marek SLABý,Jan NOVáK,2,1,32,41,0,0,0,0,0,0,Ball 3.,Základní část
196988,1,0,Marek SLABý,Jan NOVáK,3,1,-20,60,0,0,166,1,0,0,SLABý Marek singles to left field.,Základní část
196988,1,0,Jan MULAč,Jan NOVáK,0,0,39,40,0,0,0,0,0,0,Ball 1. SLABý Marek to 2nd on stolen base.,Základní část
196988,1,0,Jan MULAč,Jan NOVáK,1,0,-20,51,0,0,0,0,0,0,Foul.,Základní část
196988,1,0,Jan MULAč,Jan NOVáK,1,1,-4,20,0,0,113,0,0,0,MULAč Jan grounds out 6-3. SLABý Marek to 3rd. 1 out.,Základní část
196988,1,1,Filip KUBíčEK,Jan NOVáK,0,0,-10,57,0,0,235,1,0,1,KUBíčEK Filip doubles to left center. SLABý Marek scores. KUBíčEK Filip out at 3rd 75.  2 out. 1 RBI.,Základní část
196988,1,2,Matouš BUBENíK,Jan NOVáK,0,0,37,15,0,0,0,0,0,0,Ball 1.,Základní část
196988,1,2,Matouš BUBENíK,Jan NOVáK,1,0,35,13,0,0,0,0,0,0,Ball 2.,Základní část
196988,1,2,Matouš BUBENíK,Jan NOVáK,2,0,-13,43,0,0,0,0,0,0,Foul.,Základní část
196988,1,2,Matouš BUBENíK,Jan NOVáK,2,1,31,68,0,0,0,0,0,0,Ball 3.,Základní část
196988,1,2,Matouš BUBENíK,Jan NOVáK,3,1,38,58,0,0,0,0,1,0,BUBENíK Matouš walks.,Základní část
196988,1,2,Petr ZýMA,Jan NOVáK,0,0,38,67,0,0,0,0,0,0,Ball 1.,Základní část
196988,1,2,Petr ZýMA,Jan NOVáK,1,0,32,61,0,0,0,0,0,0,Ball 2.,Základní část
196988,1,2,Petr ZýMA,Jan NOVáK,2,0,18,27,0,0,0,0,0,0,Called Strike 1.,Základní část
196988,1,2,Petr ZýMA,Jan NOVáK,2,1,-4,51,0,0,113,0,0,0,ZýMA Petr flies out.  L6. 3 out.,Základní část
196988,1,0,Ryker GALASKA,Jan NOVáK,0,0,0,0,0,0,0,0,0,0,"Middle of the 1st<br>1 runs, 1 lob",Základní část
196988,2,0,Ryker GALASKA,Jan NOVáK,0,0,-20,55,0,0,0,0,0,0,Called Strike 1.,Základní část
196988,2,0,Ryker GALASKA,Jan NOVáK,0,1,39,42,0,0,0,0,0,0,Ball 1.,Základní část
196988,2,0,Ryker GALASKA,Jan NOVáK,1,1,17,16,0,0,0,0,0,0,Swinging Strike 2.,Základní část
196988,2,0,Ryker GALASKA,Jan NOVáK,1,2,-11,47,0,0,0,0,0,0,GALASKA Ryker strikes out swinging. 1 out.,Základní část
196988,2,1,Koya UEMURA,Jan NOVáK,0,0,-14,21,0,0,0,0,0,0,Called Strike 1.,Základní část
196988,2,1,Koya UEMURA,Jan NOVáK,0,1,39,70,0,0,0,0,0,0,Ball 1.,Základní část
196988,2,1,Koya UEMURA,Jan NOVáK,1,1,36,22,0,0,0,0,0,0,Ball 2.,Základní část
196988,2,1,Koya UEMURA,Jan NOVáK,2,1,33,69,0,0,0,0,0,0,Ball 3.,Základní část
196988,2,1,Koya UEMURA,Jan NOVáK,3,1,30,22,0,0,0,0,1,0,UEMURA Koya walks.,Základní část
196988,2,1,Aleš PRANDžEV,Jan NOVáK,0,0,7,28,0,0,94,0,0,0,PRANDžEV Aleš reaches on throwing error. E3T. UEMURA Koya to 2nd.,Základní část
196988,2,1,Adam TOšOVSKý,Jan NOVáK,0,0,11,18,0,0,0,0,0,0,Foul.,Základní část
196988,2,1,Adam TOšOVSKý,Jan NOVáK,0,1,-12,20,0,0,0,0,0,0,Swinging Strike 2.,Základní část
196988,2,1,Adam TOšOVSKý,Jan NOVáK,0,2,13,29,0,0,113,0,0,0,TOšOVSKý Adam hits into a double play.  GDP 43. PRANDžEV Aleš  out at 2nd 4.  3 out.,Základní část
196988,2,0,Marek SLABý,Jan NOVáK,0,0,0,0,0,0,0,0,0,0,"Middle of the 2nd<br>0 runs, 1 lob",Základní část
196988,3,0,Marek SLABý,Jan NOVáK,0,0,-5,49,0,0,0,0,0,0,Called Strike 1.,Základní část
196988,3,0,Marek SLABý,Jan NOVáK,0,1,0,16,0,0,0,0,0,0,Called Strike 2.,Základní část
196988,3,0,Marek SLABý,Jan NOVáK,0,2,32,4,0,0,0,0,0,0,Ball 1.,Základní část
196988,3,0,Marek SLABý,Jan NOVáK,1,2,-7,24,0,0,0,0,0,0,Foul.,Základní část
196988,3,0,Marek SLABý,Jan NOVáK,1,2,-20,12,0,0,0,0,0,0,SLABý Marek strikes out swinging KS2. 1 out.,Základní část
196988,3,1,Jan MULAč,Jan NOVáK,0,0,8,53,0,0,0,0,0,0,Foul.,Základní část
196988,3,1,Jan MULAč,Jan NOVáK,0,1,18,31,0,0,0,0,0,0,Foul.,Základní část
196988,3,1,Jan MULAč,Jan NOVáK,0,2,38,28,0,0,0,0,0,0,Ball 1.,Základní část
196988,3,1,Jan MULAč,Jan NOVáK,1,2,-15,17,0,0,113,0,0,0,MULAč Jan reaches on throwing error. E6T.,Základní část
196988,3,1,Filip KUBíčEK,Jan NOVáK,0,0,35,34,0,0,0,0,0,0,Ball 1.,Základní část
196988,3,1,Filip KUBíčEK,Jan NOVáK,1,0,-6,36,0,0,0,0,0,0,Called Strike 1. MULAč Jan to 2nd on stolen base.,Základní část
196988,3,1,Filip KUBíčEK,Jan NOVáK,1,1,1,52,0,0,0,0,0,0,Foul.,Základní část
196988,3,1,Filip KUBíčEK,Jan NOVáK,1,2,-10,29,0,0,122,1,0,0,KUBíčEK Filip singles to third base. MULAč Jan to 3rd.,Základní část
196988,3,1,Matouš BUBENíK,Jan NOVáK,0,0,34,56,0,0,0,0,0,0,Ball 1. KUBíčEK Filip to 2nd on wild pitch.,Základní část
196988,3,1,Matouš BUBENíK,Jan NOVáK,1,0,-6,27,0,0,0,0,0,0,Called Strike 1.,Základní část
196988,3,1,Matouš BUBENíK,Jan NOVáK,1,1,-19,45,0,0,0,0,0,0,Called Strike 2.,Základní část
196988,3,1,Matouš BUBENíK,Jan NOVáK,1,2,14,22,0,0,0,0,0,0,BUBENíK Matouš reaches on a strikeout error. MULAč Jan scores. KUBíčEK Filip to 3rd. KUBíčEK Filip scores on E2T. BUBENíK Matouš to 2nd on E2T.,Základní část
196988,3,1,Petr ZýMA,Jan NOVáK,0,0,17,41,0,0,0,0,0,0,Called Strike 1. BUBENíK Matouš  out at 3rd CS25.  2 out.,Základní část
196988,3,2,Petr ZýMA,Jan NOVáK,0,1,30,32,0,0,0,0,0,0,Ball 1.,Základní část
196988,3,2,Petr ZýMA,Jan NOVáK,1,1,35,62,0,0,0,0,0,0,Ball 2.,Základní část
196988,3,2,Petr ZýMA,Jan NOVáK,2,1,3,24,0,0,0,0,0,0,Foul.,Základní část
196988,3,2,Petr ZýMA,Jan NOVáK,2,2,35,65,0,0,0,0,0,0,Ball 3.,Základní část
196988,3,2,Petr ZýMA,Jan NOVáK,3,2,-2,11,0,0,57,0,0,0,ZýMA Petr grounds out 1-3. 3 out.,Základní část
196988,3,0,Ryker GALASKA,Jan NOVáK,0,0,0,0,0,0,0,0,0,0,"Middle of the 3rd<br>2 runs, 0 lob",Základní část
196988,4,0,Ryker GALASKA,Jan NOVáK,0,0,-9,57,0,0,226,0,0,0,GALASKA Ryker flies out to center field.  F8. 1 out.,Základní část
196988,4,1,Koya UEMURA,Jan NOVáK,0,0,38,37,0,0,0,0,0,0,Ball 1.,Základní část
196988,4,1,Koya UEMURA,Jan NOVáK,1,0,37,66,0,0,0,0,0,0,Ball 2.,Základní část
196988,4,1,Koya UEMURA,Jan NOVáK,2,0,31,21,0,0,0,0,0,0,Ball 3.,Základní část
196988,4,1,Koya UEMURA,Jan NOVáK,3,0,-2,48,0,0,0,0,0,0,Called Strike 1.,Základní část
196988,4,1,Koya UEMURA,Jan NOVáK,3,1,38,66,0,0,0,0,1,0,UEMURA Koya walks.,Základní část
196988,4,1,Aleš PRANDžEV,Jan NOVáK,0,0,35,23,0,0,0,0,0,0,Ball 1. UEMURA Koya to 2nd on passed ball.,Základní část
196988,4,1,Aleš PRANDžEV,Jan NOVáK,1,0,32,61,0,0,0,0,0,0,Ball 2.,Základní část
196988,4,1,Aleš PRANDžEV,Jan NOVáK,2,0,34,21,0,0,0,0,0,0,Ball 3.,Základní část
196988,4,1,Aleš PRANDžEV,Jan NOVáK,3,0,-19,52,0,0,0,0,0,0,Called Strike 1.,Základní část
196988,4,1,Aleš PRANDžEV,Jan NOVáK,3,1,31,17,0,0,0,0,1,0,PRANDžEV Aleš walks.,Základní část
196988,4,1,Adam TOšOVSKý,Jan NOVáK,0,0,0,0,0,0,0,0,0,0,Coaching Visit,Základní část
196988,4,1,Adam TOšOVSKý,Jan NOVáK,0,0,34,25,0,0,0,0,0,0,Ball 1.,Základní část
196988,4,1,Adam TOšOVSKý,Jan NOVáK,1,0,-4,19,0,0,0,0,0,0,Called Strike 1.,Základní část
196988,4,1,Adam TOšOVSKý,Jan NOVáK,1,1,-8,44,0,0,0,0,0,0,Foul.,Základní část
196988,4,1,Adam TOšOVSKý,Jan NOVáK,1,2,-15,53,0,0,0,0,0,0,TOšOVSKý Adam strikes out swinging. 2 out.,Základní část
196988,4,2,Marek SLABý,Jan NOVáK,0,0,30,26,0,0,0,0,0,0,Ball 1.,Základní část
196988,4,2,Marek SLABý,Jan NOVáK,1,0,32,35,0,0,0,0,0,0,Ball 2.,Základní část
196988,4,2,Marek SLABý,Jan NOVáK,2,0,39,15,0,0,0,0,0,0,Ball 3. UEMURA Koya to 3rd on wild pitch. PRANDžEV Aleš to 2nd on wild pitch.,Základní část
196988,4,2,Marek SLABý,Jan NOVáK,3,0,-19,55,0,0,0,0,0,0,Called Strike 1.,Základní část
196988,4,2,Marek SLABý,Jan NOVáK,3,1,35,60,0,0,0,0,1,0,SLABý Marek walks.,Základní část
196988,4,2,Jan MULAč,Jan NOVáK,0,0,0,21,0,0,0,0,0,0,Called Strike 1.,Základní část
196988,4,2,Jan MULAč,Jan NOVáK,0,1,-17,50,0,0,0,0,0,0,Foul.,Základní část
196988,4,2,Jan MULAč,Jan NOVáK,0,2,32,45,0,0,0,0,0,0,Ball 1.,Základní část
196988,4,2,Jan MULAč,Jan NOVáK,1,2,39,27,0,0,0,0,0,0,Ball 2.,Základní část
196988,4,2,Jan MULAč,Jan NOVáK,2,2,30,12,0,0,0,0,0,0,Ball 3. UEMURA Koya scores on passed ball. PRANDžEV Aleš to 3rd on passed ball. SLABý Marek to 2nd on passed ball.,Základní část
196988,4,2,Jan MULAč,Jan NOVáK,3,2,-9,18,0,0,94,0,0,0,MULAč Jan grounds out 5-3. 3 out.,Základní část
196988,4,0,Filip KUBíčEK,Jan NOVáK,0,0,0,0,0,0,0,0,0,0,"Middle of the 4th<br>1 runs, 2 lob",Základní část
196988,5,0,Neznámý,Neznámý,0,0,0,0,0,0,0,0,0,0,Pitching Change: #0 KAVAN for #0 NOVáK,Základní část
196988,5,0,Filip KUBíčEK,Kryštof KAVAN,0,0,1,37,0,0,0,0,0,0,Called Strike 1.,Základní část
196988,5,0,Filip KUBíčEK,Kryštof KAVAN,0,1,32,12,0,0,0,0,0,0,Ball 1.,Základní část
196988,5,0,Filip KUBíčEK,Kryštof KAVAN,1,1,-9,41,0,0,0,0,0,0,Foul.,Základní část
196988,5,0,Filip KUBíčEK,Kryštof KAVAN,1,2,39,69,0,0,0,0,0,0,Ball 2.,Základní část
196988,5,0,Filip KUBíčEK,Kryštof KAVAN,2,2,6,59,0,0,0,0,0,0,Foul.,Základní část
196988,5,0,Filip KUBíčEK,Kryštof KAVAN,2,2,-3,32,0,0,0,0,0,0,Foul.,Základní část
196988,5,0,Filip KUBíčEK,Kryštof KAVAN,2,2,31,14,0,0,0,0,0,0,Ball 3.,Základní část
196988,5,0,Filip KUBíčEK,Kryštof KAVAN,3,2,9,20,0,0,113,0,0,0,KUBíčEK Filip grounds out 4-3. 1 out.,Základní část
196988,5,1,Matouš BUBENíK,Kryštof KAVAN,0,0,36,49,0,0,0,0,0,0,Ball 1.,Základní část
196988,5,1,Matouš BUBENíK,Kryštof KAVAN,1,0,-7,46,0,0,201,0,0,0,BUBENíK Matouš flies out to left field.  F7. 2 out.,Základní část
196988,5,2,Petr ZýMA,Kryštof KAVAN,0,0,38,53,0,0,0,0,0,0,Ball 1.,Základní část
196988,5,2,Petr ZýMA,Kryštof KAVAN,1,0,-5,32,0,0,0,0,0,0,Foul.,Základní část
196988,5,2,Petr ZýMA,Kryštof KAVAN,1,1,6,16,0,0,0,0,0,0,Called Strike 2.,Základní část
196988,5,2,Petr ZýMA,Kryštof KAVAN,1,2,38,43,0,0,0,0,0,0,Ball 2.,Základní část
196988,5,2,Petr ZýMA,Kryštof KAVAN,2,2,-5,24,0,0,94,0,0,0,ZýMA Petr reaches on muffed catch error. 53E3.,Základní část
196988,5,2,Ryker GALASKA,Kryštof KAVAN,0,0,30,63,0,0,0,0,0,0,Ball 1.,Základní část
196988,5,2,Ryker GALASKA,Kryštof KAVAN,1,0,14,60,0,0,0,0,0,0,Called Strike 1.,Základní část
196988,5,2,Ryker GALASKA,Kryštof KAVAN,1,1,-5,19,0,0,0,0,0,0,Foul.,Základní část
196988,5,2,Ryker GALASKA,Kryštof KAVAN,1,2,0,47,0,0,288,1,0,2,GALASKA Ryker homers to deep right field. ZýMA Petr scores. 2 RBI.,Základní část
196988,5,2,Koya UEMURA,Kryštof KAVAN,0,0,3,36,0,0,0,0,0,0,Called Strike 1.,Základní část
196988,5,2,Koya UEMURA,Kryštof KAVAN,0,1,37,18,0,0,0,0,0,0,Ball 1.,Základní část
196988,5,2,Koya UEMURA,Kryštof KAVAN,1,1,39,5,0,0,0,0,0,0,Ball 2.,Základní část
196988,5,2,Koya UEMURA,Kryštof KAVAN,2,1,37,49,0,0,0,0,0,0,Ball 3.,Základní část
196988,5,2,Koya UEMURA,Kryštof KAVAN,3,1,10,35,0,0,0,0,0,0,Called Strike 2.,Základní část
196988,5,2,Koya UEMURA,Kryštof KAVAN,3,2,-20,31,0,0,0,0,0,0,UEMURA Koya strikes out swinging. 3 out.,Základní část
196988,5,0,Aleš PRANDžEV,Kryštof KAVAN,0,0,0,0,0,0,0,0,0,0,"Middle of the 5th<br>2 runs, 0 lob",Základní část
196988,6,0,Neznámý,Neznámý,0,0,0,0,0,0,0,0,0,0,Pitching Change: #0 DUPAL for #0 KAVAN,Základní část
196988,6,0,Aleš PRANDžEV,Kryštof DUPAL,0,0,9,38,0,0,0,0,0,0,Called Strike 1.,Základní část
196988,6,0,Aleš PRANDžEV,Kryštof DUPAL,0,1,-2,58,0,0,0,0,0,0,Foul.,Základní část
196988,6,0,Aleš PRANDžEV,Kryštof DUPAL,0,2,-11,53,0,0,0,0,0,0,Foul.,Základní část
196988,6,0,Aleš PRANDžEV,Kryštof DUPAL,0,2,35,37,0,0,0,0,0,0,Ball 1.,Základní část
196988,6,0,Aleš PRANDžEV,Kryštof DUPAL,1,2,-11,15,0,0,179,1,0,0,PRANDžEV Aleš singles up the middle.,Základní část
196988,6,0,Adam TOšOVSKý,Kryštof DUPAL,0,0,37,13,0,0,0,0,0,0,Ball 1.,Základní část
196988,6,0,Adam TOšOVSKý,Kryštof DUPAL,1,0,-6,37,0,0,0,0,0,0,Called Strike 1.,Základní část
196988,6,0,Adam TOšOVSKý,Kryštof DUPAL,1,1,30,35,0,0,0,0,0,0,Ball 2. PRANDžEV Aleš to 2nd on stolen base.,Základní část
196988,6,0,Adam TOšOVSKý,Kryštof DUPAL,2,1,19,16,0,0,0,0,0,0,Called Strike 2.,Základní část
196988,6,0,Adam TOšOVSKý,Kryštof DUPAL,2,2,-15,47,0,0,0,0,0,0,TOšOVSKý Adam strikes out looking. 1 out.,Základní část
196988,6,1,Marek SLABý,Kryštof DUPAL,0,0,-1,20,0,0,0,0,0,0,Called Strike 1.,Základní část
196988,6,1,Marek SLABý,Kryštof DUPAL,0,1,-1,22,0,0,0,0,0,0,Foul.,Základní část
196988,6,1,Marek SLABý,Kryštof DUPAL,0,2,3,45,0,0,0,0,0,0,SLABý Marek strikes out swinging. 2 out.,Základní část
196988,6,2,Jan MULAč,Kryštof DUPAL,0,0,34,62,0,0,0,0,0,0,Ball 1.,Základní část
196988,6,2,Jan MULAč,Kryštof DUPAL,1,0,18,55,0,0,0,0,0,0,Swinging Strike 1.,Základní část
196988,6,2,Jan MULAč,Kryštof DUPAL,1,1,8,12,0,0,0,0,0,0,Swinging Strike 2.,Základní část
196988,6,2,Jan MULAč,Kryštof DUPAL,1,2,-12,58,0,0,179,1,0,0,MULAč Jan singles to center field. PRANDžEV Aleš to 3rd.,Základní část
196988,6,2,Filip KUBíčEK,Kryštof DUPAL,0,0,34,31,0,0,0,0,0,0,Ball 1.,Základní část
196988,6,2,Filip KUBíčEK,Kryštof DUPAL,1,0,8,19,0,0,0,0,0,0,Swinging Strike 1.,Základní část
196988,6,2,Filip KUBíčEK,Kryštof DUPAL,1,1,15,28,0,0,0,0,0,0,Foul.,Základní část
196988,6,2,Filip KUBíčEK,Kryštof DUPAL,1,2,39,68,0,0,0,0,0,0,Ball 2.,Základní část
196988,6,2,Filip KUBíčEK,Kryštof DUPAL,2,2,35,58,0,0,0,0,0,0,Ball 3. PRANDžEV Aleš  out at 3rd 45.  MULAč Jan to 2nd on stolen base. 3 out.,Základní část
196988,6,0,Filip KUBíčEK,Kryštof DUPAL,0,0,0,0,0,0,0,0,0,0,"Middle of the 6th<br>0 runs, 1 lob",Základní část
196988,7,0,Filip KUBíčEK,Kryštof DUPAL,0,0,8,51,0,0,0,0,0,0,Foul.,Základní část
196988,7,0,Filip KUBíčEK,Kryštof DUPAL,0,1,37,67,0,0,0,0,0,0,Ball 1.,Základní část
196988,7,0,Filip KUBíčEK,Kryštof DUPAL,1,1,33,15,0,0,0,0,0,0,Ball 2.,Základní část
196988,7,0,Filip KUBíčEK,Kryštof DUPAL,2,1,33,67,0,0,0,0,0,0,Ball 3.,Základní část
196988,7,0,Filip KUBíčEK,Kryštof DUPAL,3,1,16,59,0,0,67,0,0,0,KUBíčEK Filip flies out.  P4. 1 out.,Základní část
196988,7,1,Matouš BUBENíK,Kryštof DUPAL,0,0,37,8,0,0,0,0,0,0,Ball 1.,Základní část
196988,7,1,Matouš BUBENíK,Kryštof DUPAL,1,0,34,16,0,0,0,0,0,0,Ball 2.,Základní část
196988,7,1,Matouš BUBENíK,Kryštof DUPAL,2,0,-17,56,0,0,196,0,0,0,BUBENíK Matouš flies out to left field.  L7. 2 out.,Základní část
196988,7,2,Petr ZýMA,Kryštof DUPAL,0,0,32,10,0,0,0,0,0,0,Ball 1.,Základní část
196988,7,2,Petr ZýMA,Kryštof DUPAL,1,0,37,65,0,0,0,0,0,0,Ball 2.,Základní část
196988,7,2,Petr ZýMA,Kryštof DUPAL,2,0,3,46,0,0,0,0,0,0,Foul.,Základní část
196988,7,2,Petr ZýMA,Kryštof DUPAL,2,1,35,51,0,0,0,0,0,0,Ball 3.,Základní část
196988,7,2,Petr ZýMA,Kryštof DUPAL,3,1,32,28,0,0,0,0,1,0,ZýMA Petr walks.,Základní část
196988,7,2,Neznámý,Kryštof DUPAL,0,0,-12,15,0,0,0,0,0,0,Called Strike 1.,Základní část
196988,7,2,Neznámý,Kryštof DUPAL,0,1,-2,16,0,0,0,0,0,0,Swinging Strike 2.,Základní část
196988,7,2,Neznámý,Kryštof DUPAL,0,2,35,6,0,0,0,0,0,0,Ball 1.,Základní část
196988,7,2,Neznámý,Kryštof DUPAL,1,2,33,65,0,0,0,0,0,0,Ball 2. ZýMA Petr to 2nd on stolen base.,Základní část
196988,7,2,Neznámý,Kryštof DUPAL,2,2,14,22,0,0,0,0,0,0,Foul.,Základní část
196988,7,2,Neznámý,Kryštof DUPAL,2,2,36,49,0,0,0,0,0,0,Ball 3.,Základní část
196988,7,2,Neznámý,Kryštof DUPAL,3,2,32,66,0,0,0,0,1,0,GALASKA Ryker walks.,Základní část
196988,7,2,Koya UEMURA,Kryštof DUPAL,0,0,0,0,0,0,0,0,0,0,Coaching Visit,Základní část
196988,7,2,Koya UEMURA,Kryštof DUPAL,0,0,-1,27,0,0,0,0,0,0,Called Strike 1.,Základní část
196988,7,2,Koya UEMURA,Kryštof DUPAL,0,1,36,36,0,0,0,0,0,0,Ball 1.,Základní část
196988,7,2,Koya UEMURA,Kryštof DUPAL,1,1,35,11,0,0,0,0,0,0,Ball 2.,Základní část
196988,7,2,Koya UEMURA,Kryštof DUPAL,2,1,36,47,0,0,0,0,0,0,Ball 3.,Základní část
196988,7,2,Koya UEMURA,Kryštof DUPAL,3,1,36,16,0,0,0,0,1,0,UEMURA Koya walks. ZýMA Petr to 3rd. GALASKA Ryker to 2nd.,Základní část
196988,7,2,Aleš PRANDžEV,Kryštof DUPAL,0,0,34,19,0,0,0,0,0,0,Ball 1.,Základní část
196988,7,2,Aleš PRANDžEV,Kryštof DUPAL,1,0,4,16,0,0,0,0,0,0,Called Strike 1.,Základní část
196988,7,2,Aleš PRANDžEV,Kryštof DUPAL,1,1,-3,55,0,0,0,0,0,0,Foul.,Základní část
196988,7,2,Aleš PRANDžEV,Kryštof DUPAL,1,2,38,36,0,0,0,0,0,0,Ball 2.,Základní část
196988,7,2,Aleš PRANDžEV,Kryštof DUPAL,2,2,4,24,0,0,113,0,0,0,PRANDžEV Aleš grounds out 4-3. 3 out.,Základní část
196988,7,0,Adam TOšOVSKý,Kryštof DUPAL,0,0,0,0,0,0,0,0,0,0,"Middle of the 7th<br>0 runs, 3 lob",Základní část
196988,8,0,Eduard NOSEK,Neznámý,0,0,0,0,0,0,0,0,0,0,Pitching Change: #0 HASAL for #0 DUPAL,Základní část
196988,8,0,Eduard NOSEK,Neznámý,0,0,0,0,0,0,0,0,0,0,Defensive Substitution: #0 NIKOLAIENKO for #94 BROWN at RF,Základní část
196988,8,0,Adam TOšOVSKý,Matyáš HASAL,0,0,31,14,0,0,0,0,0,0,Ball 1.,Základní část
196988,8,0,Adam TOšOVSKý,Matyáš HASAL,1,0,37,12,0,0,0,0,0,0,Ball 2.,Základní část
196988,8,0,Adam TOšOVSKý,Matyáš HASAL,2,0,11,39,0,0,0,0,0,0,Foul.,Základní část
196988,8,0,Adam TOšOVSKý,Matyáš HASAL,2,1,-19,58,0,0,0,0,0,0,Called Strike 2.,Základní část
196988,8,0,Adam TOšOVSKý,Matyáš HASAL,2,2,33,32,0,0,0,0,0,0,Ball 3.,Základní část
196988,8,0,Adam TOšOVSKý,Matyáš HASAL,3,2,37,1,0,0,0,0,1,0,TOšOVSKý Adam walks.,Základní část
196988,8,0,Marek SLABý,Matyáš HASAL,0,0,35,33,0,0,0,0,0,0,Ball 1.,Základní část
196988,8,0,Marek SLABý,Matyáš HASAL,1,0,18,53,0,0,0,0,0,0,Called Strike 1.,Základní část
196988,8,0,Marek SLABý,Matyáš HASAL,1,1,0,0,0,0,0,0,0,0,Pickoff Attempt at 1st,Základní část
196988,8,0,Marek SLABý,Matyáš HASAL,1,1,32,13,0,0,0,0,0,0,Ball 2. TOšOVSKý Adam to 2nd on passed ball.,Základní část
196988,8,0,Marek SLABý,Matyáš HASAL,2,1,-11,52,0,0,19,0,0,0,SLABý Marek flies out. Bunt.  F2. 1 out.,Základní část
196988,8,1,Jan MULAč,Matyáš HASAL,0,0,-2,60,0,0,0,0,0,0,Called Strike 1.,Základní část
196988,8,1,Jan MULAč,Matyáš HASAL,0,1,-7,60,0,0,163,1,0,0,MULAč Jan singles to left field.,Základní část
196988,8,1,Filip KUBíčEK,Matyáš HASAL,0,0,0,0,0,0,0,0,0,0,Pickoff Attempt at 2nd,Základní část
196988,8,1,Filip KUBíčEK,Matyáš HASAL,0,0,39,66,0,0,0,0,0,0,Ball 1.,Základní část
196988,8,1,Filip KUBíčEK,Matyáš HASAL,1,0,35,1,0,0,0,0,0,0,Ball 2.,Základní část
196988,8,1,Filip KUBíčEK,Matyáš HASAL,2,0,19,28,0,0,0,0,0,0,Called Strike 1.,Základní část
196988,8,1,Filip KUBíčEK,Matyáš HASAL,2,1,33,32,0,0,0,0,0,0,Ball 3.,Základní část
196988,8,1,Filip KUBíčEK,Matyáš HASAL,3,1,-14,40,0,0,0,0,0,0,Swinging Strike 2.,Základní část
196988,8,1,Filip KUBíčEK,Matyáš HASAL,3,2,-11,61,0,0,0,0,0,0,KUBíčEK Filip strikes out swinging. 2 out.,Základní část
196988,8,2,Matouš BUBENíK,Matyáš HASAL,0,0,-16,43,0,0,0,0,0,0,Foul.,Základní část
196988,8,2,Matouš BUBENíK,Matyáš HASAL,0,1,30,56,0,0,0,0,0,0,Ball 1. TOšOVSKý Adam to 3rd on stolen base. MULAč Jan to 2nd on fielders choice.,Základní část
196988,8,2,Matouš BUBENíK,Matyáš HASAL,1,1,34,6,0,0,0,0,0,0,Ball 2.,Základní část
196988,8,2,Matouš BUBENíK,Matyáš HASAL,2,1,-19,48,0,0,0,0,0,0,Foul.,Základní část
196988,8,2,Matouš BUBENíK,Matyáš HASAL,2,2,36,30,0,0,0,0,0,0,Ball 3.,Základní část
196988,8,2,Matouš BUBENíK,Matyáš HASAL,3,2,-3,46,0,0,0,0,0,0,Foul.,Základní část
196988,8,2,Matouš BUBENíK,Matyáš HASAL,3,2,-18,48,0,0,0,0,0,0,BUBENíK Matouš strikes out swinging. 3 out.,Základní část
196988,8,0,Petr ZýMA,Matyáš HASAL,0,0,0,0,0,0,0,0,0,0,"Middle of the 8th<br>0 runs, 2 lob",Základní část
196988,9,0,Ondřej HRDLIčKA,Neznámý,0,0,0,0,0,0,0,0,0,0,Pitching Change: #0 KONRáD for #0 HASAL,Základní část
196988,9,0,Petr ZýMA,Jan KONRáD,0,0,9,35,0,0,0,0,0,0,Called Strike 1.,Základní část
196988,9,0,Petr ZýMA,Jan KONRáD,0,1,-5,54,0,0,0,0,0,0,Foul.,Základní část
196988,9,0,Petr ZýMA,Jan KONRáD,0,2,9,54,0,0,0,0,0,0,Foul.,Základní část
196988,9,0,Petr ZýMA,Jan KONRáD,0,2,32,43,0,0,0,0,0,0,Ball 1.,Základní část
196988,9,0,Petr ZýMA,Jan KONRáD,1,2,-13,57,0,0,0,0,0,0,Foul.,Základní část
196988,9,0,Petr ZýMA,Jan KONRáD,1,2,18,26,0,0,179,1,0,0,ZýMA Petr singles up the middle.,Základní část
196988,9,0,Ryker GALASKA,Jan KONRáD,0,0,-19,43,0,0,0,0,0,0,Swinging Strike 1.,Základní část
196988,9,0,Ryker GALASKA,Jan KONRáD,0,1,9,22,0,0,113,0,0,0,GALASKA Ryker reaches on fielders choice. ZýMA Petr  out at 2nd 46.  1 out.,Základní část
196988,9,0,Neznámý,Neznámý,0,0,0,0,0,0,0,0,0,0,Pinch Hitter: #14 DERGANZ for #70 UEMURA,Základní část
196988,9,1,Lukáš DERGANZ,Jan KONRáD,0,0,38,52,0,0,0,0,0,0,Ball 1.,Základní část
196988,9,1,Lukáš DERGANZ,Jan KONRáD,1,0,31,27,0,0,0,0,0,0,Ball 2.,Základní část
196988,9,1,Lukáš DERGANZ,Jan KONRáD,2,0,38,29,0,0,0,0,0,0,Ball 3.,Základní část
196988,9,1,Lukáš DERGANZ,Jan KONRáD,3,0,0,20,0,0,0,0,0,0,Called Strike 1.,Základní část
196988,9,1,Lukáš DERGANZ,Jan KONRáD,3,1,12,46,0,0,0,0,0,0,Swinging Strike 2.,Základní část
196988,9,1,Lukáš DERGANZ,Jan KONRáD,3,2,-8,59,0,0,0,0,0,0,DERGANZ Lukáš strikes out looking. 2 out.,Základní část
196988,9,2,Aleš PRANDžEV,Jan KONRáD,0,0,39,45,0,0,0,0,0,0,Ball 1.,Základní část
196988,9,2,Aleš PRANDžEV,Jan KONRáD,1,0,-10,30,0,0,0,0,0,0,Swinging Strike 1.,Základní část
196988,9,2,Aleš PRANDžEV,Jan KONRáD,1,1,-3,10,0,0,113,0,0,0,PRANDžEV Aleš reaches on fielders choice. GALASKA Ryker  out at 2nd 6.  3 out.,Základní část
196988,9,0,Adam TOšOVSKý,Jan KONRáD,0,0,0,0,0,0,0,0,0,0,"Middle of the 9th<br>0 runs, 1 lob",Základní část
197970,1,0,Jan MULAč,Jan NOVáK,0,0,34,47,0,0,0,0,0,0,Ball 1.,Základní část
197970,1,0,Jan MULAč,Jan NOVáK,1,0,39,4,0,0,0,0,0,0,Ball 2.,Základní část
197970,1,0,Jan MULAč,Jan NOVáK,2,0,-9,58,0,0,0,0,0,0,Swinging Strike 1.,Základní část
197970,1,0,Jan MULAč,Jan NOVáK,2,1,4,31,0,0,0,0,0,0,Foul.,Základní část
197970,1,0,Jan MULAč,Jan NOVáK,2,2,30,45,0,0,0,0,0,0,Ball 3.,Základní část
197970,1,0,Jan MULAč,Jan NOVáK,3,2,-3,56,0,0,0,0,0,0,Foul.,Základní část
197970,1,0,Jan MULAč,Jan NOVáK,3,2,31,38,0,0,0,0,1,0,MULAč Jan walks.,Základní část
197970,1,0,Filip KUBíčEK,Jan NOVáK,0,0,37,56,0,0,0,0,0,0,Ball 1.,Základní část
197970,1,0,Filip KUBíčEK,Jan NOVáK,1,0,0,0,0,0,0,0,0,0,Pickoff Attempt at 1st,Základní část
197970,1,0,Filip KUBíčEK,Jan NOVáK,1,0,4,34,0,0,0,0,0,0,Called Strike 1.,Základní část
197970,1,0,Filip KUBíčEK,Jan NOVáK,1,1,33,2,0,0,0,0,0,0,Ball 2.,Základní část
197970,1,0,Filip KUBíčEK,Jan NOVáK,2,1,7,36,0,0,0,0,0,0,Foul.,Základní část
197970,1,0,Filip KUBíčEK,Jan NOVáK,2,2,-7,54,0,0,0,0,0,0,Foul.,Základní část
197970,1,0,Filip KUBíčEK,Jan NOVáK,2,2,-6,29,0,0,0,0,0,0,Foul.,Základní část
197970,1,0,Filip KUBíčEK,Jan NOVáK,2,2,-4,29,0,0,0,0,0,0,Foul.,Základní část
197970,1,0,Filip KUBíčEK,Jan NOVáK,2,2,-14,43,0,0,0,0,0,0,Foul.,Základní část
197970,1,0,Filip KUBíčEK,Jan NOVáK,2,2,0,10,0,0,92,0,0,0,KUBíčEK Filip reaches on fielders choice. MULAč Jan  out at 2nd 46.  1 out.,Základní část
197970,1,1,Ryker GALASKA,Jan NOVáK,0,0,12,60,0,0,0,0,0,0,Called Strike 1.,Základní část
197970,1,1,Ryker GALASKA,Jan NOVáK,0,1,12,23,0,0,0,0,0,0,Called Strike 2.,Základní část
197970,1,1,Ryker GALASKA,Jan NOVáK,0,2,-54,27,0,0,0,0,0,0,GALASKA Ryker Hit By Pitch. KUBíčEK Filip to 2nd.,Základní část
197970,1,1,Matouš BUBENíK,Jan NOVáK,0,0,5,23,0,0,0,0,0,0,Foul.,Základní část
197970,1,1,Matouš BUBENíK,Jan NOVáK,0,1,30,11,0,0,0,0,0,0,Ball 1.,Základní část
197970,1,1,Matouš BUBENíK,Jan NOVáK,1,1,-17,31,0,0,0,0,0,0,Called Strike 2.,Základní část
197970,1,1,Matouš BUBENíK,Jan NOVáK,1,2,13,61,0,0,113,0,0,0,BUBENíK Matouš flies out.  P4. 2 out.,Základní část
197970,1,2,Petr ZýMA,Jan NOVáK,0,0,14,22,0,0,0,0,0,0,Called Strike 1.,Základní část
197970,1,2,Petr ZýMA,Jan NOVáK,0,1,2,25,0,0,0,0,0,0,Swinging Strike 2.,Základní část
197970,1,2,Petr ZýMA,Jan NOVáK,0,2,-10,13,0,0,0,0,0,0,Foul.,Základní část
197970,1,2,Petr ZýMA,Jan NOVáK,0,2,3,26,0,0,87,0,0,0,ZýMA Petr grounds out 4-3. 3 out.,Základní část
197970,1,0,Marek SLABý,Jan NOVáK,0,0,0,0,0,0,0,0,0,0,"End of the 1st<br>0 runs, 2 lob",Základní část
197970,2,0,Marek SLABý,Jan NOVáK,0,0,-3,39,0,0,0,0,0,0,Foul.,Základní část
197970,2,0,Marek SLABý,Jan NOVáK,0,1,-18,34,0,0,0,0,0,0,Called Strike 2.,Základní část
197970,2,0,Marek SLABý,Jan NOVáK,0,2,6,60,0,0,0,0,0,0,SLABý Marek strikes out looking. 1 out.,Základní část
197970,2,1,Jan HOJDA,Jan NOVáK,0,0,-10,34,0,0,0,0,0,0,Called Strike 1.,Základní část
197970,2,1,Jan HOJDA,Jan NOVáK,0,1,36,36,0,0,0,0,0,0,Ball 1.,Základní část
197970,2,1,Jan HOJDA,Jan NOVáK,1,1,-11,59,0,0,0,0,0,0,Foul.,Základní část
197970,2,1,Jan HOJDA,Jan NOVáK,1,2,18,35,0,0,0,0,0,0,HOJDA Jan strikes out looking. 2 out.,Základní část
197970,2,2,Filip ŠINDLER,Jan NOVáK,0,0,-1,45,0,0,0,0,0,0,Called Strike 1.,Základní část
197970,2,2,Filip ŠINDLER,Jan NOVáK,0,1,9,26,0,0,235,1,0,0,ŠINDLER Filip doubles down RF line.,Základní část
197970,2,2,Filip NěMEC,Jan NOVáK,0,0,0,50,0,0,0,0,0,0,Swinging Strike 1.,Základní část
197970,2,2,Filip NěMEC,Jan NOVáK,0,1,34,22,0,0,0,0,0,0,Ball 1.,Základní část
197970,2,2,Filip NěMEC,Jan NOVáK,1,1,-20,55,0,0,0,0,0,0,Swinging Strike 2.,Základní část
197970,2,2,Filip NěMEC,Jan NOVáK,1,2,33,67,0,0,0,0,0,0,Ball 2.,Základní část
197970,2,2,Filip NěMEC,Jan NOVáK,2,2,32,69,0,0,0,0,0,0,Ball 3.,Základní část
197970,2,2,Filip NěMEC,Jan NOVáK,3,2,35,6,0,0,0,0,1,0,NěMEC Filip walks.,Základní část
197970,2,2,Jan MULAč,Jan NOVáK,0,0,-12,40,0,0,0,0,0,0,Swinging Strike 1.,Základní část
197970,2,2,Jan MULAč,Jan NOVáK,0,1,38,69,0,0,0,0,0,0,Ball 1.,Základní část
197970,2,2,Jan MULAč,Jan NOVáK,1,1,-7,24,0,0,0,0,0,0,Foul.,Základní část
197970,2,2,Jan MULAč,Jan NOVáK,1,2,30,59,0,0,0,0,0,0,Ball 2.,Základní část
197970,2,2,Jan MULAč,Jan NOVáK,2,2,30,18,0,0,0,0,0,0,Ball 3. ŠINDLER Filip  out at 2nd PO24.  3 out.,Základní část
197970,2,0,Jan MULAč,Jan NOVáK,0,0,0,0,0,0,0,0,0,0,"End of the 2nd<br>0 runs, 1 lob",Základní část
197970,3,0,Jan MULAč,Jan NOVáK,0,0,-17,28,0,0,0,0,0,0,Called Strike 1.,Základní část
197970,3,0,Jan MULAč,Jan NOVáK,0,1,-5,50,0,0,225,1,0,0,MULAč Jan singles to center field.,Základní část
197970,3,0,Filip KUBíčEK,Jan NOVáK,0,0,14,59,0,0,0,0,0,0,Called Strike 1.,Základní část
197970,3,0,Filip KUBíčEK,Jan NOVáK,0,1,-2,60,0,0,226,0,0,0,KUBíčEK Filip flies out to left center.  F7. 1 out.,Základní část
197970,3,1,Ryker GALASKA,Jan NOVáK,0,0,34,4,0,0,0,0,0,0,Ball 1.,Základní část
197970,3,1,Ryker GALASKA,Jan NOVáK,1,0,-3,54,0,0,0,0,0,0,Called Strike 1.,Základní část
197970,3,1,Ryker GALASKA,Jan NOVáK,1,1,-18,41,0,0,0,0,0,0,Called Strike 2.,Základní část
197970,3,1,Ryker GALASKA,Jan NOVáK,1,2,-15,14,0,0,0,0,0,0,Foul.,Základní část
197970,3,1,Ryker GALASKA,Jan NOVáK,1,2,0,0,0,0,0,0,0,0,Pickoff Attempt at 1st,Základní část
197970,3,1,Ryker GALASKA,Jan NOVáK,1,2,4,53,0,0,226,0,0,0,GALASKA Ryker flies out to center field.  F8. 2 out.,Základní část
197970,3,2,Matouš BUBENíK,Jan NOVáK,0,0,5,24,0,0,113,0,0,0,BUBENíK Matouš reaches on fielders choice. MULAč Jan  out at 2nd 4.  3 out.,Základní část
197970,3,0,Petr ZýMA,Jan NOVáK,0,0,0,0,0,0,0,0,0,0,"End of the 3rd<br>0 runs, 1 lob",Základní část
197970,4,0,Petr ZýMA,Jan NOVáK,0,0,-10,11,0,0,94,0,0,0,ZýMA Petr grounds out 5-3. 1 out.,Základní část
197970,4,1,Marek SLABý,Jan NOVáK,0,0,34,58,0,0,0,0,0,0,Ball 1.,Základní část
197970,4,1,Marek SLABý,Jan NOVáK,1,0,12,39,0,0,0,0,0,0,Called Strike 1.,Základní část
197970,4,1,Marek SLABý,Jan NOVáK,1,1,32,15,0,0,0,0,0,0,Ball 2.,Základní část
197970,4,1,Marek SLABý,Jan NOVáK,2,1,-11,55,0,0,0,0,0,0,Swinging Strike 2.,Základní část
197970,4,1,Marek SLABý,Jan NOVáK,2,2,2,41,0,0,0,0,0,0,Foul.,Základní část
197970,4,1,Marek SLABý,Jan NOVáK,2,2,-12,45,0,0,141,0,0,0,SLABý Marek flies out.  F6. 2 out.,Základní část
197970,4,2,Jan HOJDA,Jan NOVáK,0,0,33,43,0,0,0,0,0,0,Ball 1.,Základní část
197970,4,2,Jan HOJDA,Jan NOVáK,1,0,39,45,0,0,0,0,0,0,Ball 2.,Základní část
197970,4,2,Jan HOJDA,Jan NOVáK,2,0,12,40,0,0,0,0,0,0,Foul.,Základní část
197970,4,2,Jan HOJDA,Jan NOVáK,2,1,-1,19,0,0,0,0,0,0,Foul.,Základní část
197970,4,2,Jan HOJDA,Jan NOVáK,2,2,30,11,0,0,0,0,0,0,Ball 3.,Základní část
197970,4,2,Jan HOJDA,Jan NOVáK,3,2,7,58,0,0,0,0,0,0,Foul.,Základní část
197970,4,2,Jan HOJDA,Jan NOVáK,3,2,-18,31,0,0,0,0,0,0,HOJDA Jan strikes out swinging. 3 out.,Základní část
197970,4,0,Filip ŠINDLER,Jan NOVáK,0,0,0,0,0,0,0,0,0,0,"End of the 4th<br>0 runs, 0 lob",Základní část
197970,5,0,Filip ŠINDLER,Jan NOVáK,0,0,2,36,0,0,0,0,0,0,Swinging Strike 1.,Základní část
197970,5,0,Filip ŠINDLER,Jan NOVáK,0,1,7,46,0,0,0,0,0,0,Swinging Strike 2.,Základní část
197970,5,0,Filip ŠINDLER,Jan NOVáK,0,2,12,15,0,0,0,0,0,0,ŠINDLER Filip strikes out swinging. 1 out.,Základní část
197970,5,1,Filip NěMEC,Jan NOVáK,0,0,33,9,0,0,0,0,0,0,Ball 1.,Základní část
197970,5,1,Filip NěMEC,Jan NOVáK,1,0,13,35,0,0,0,0,0,0,Swinging Strike 1.,Základní část
197970,5,1,Filip NěMEC,Jan NOVáK,1,1,4,43,0,0,0,0,0,0,Swinging Strike 2.,Základní část
197970,5,1,Filip NěMEC,Jan NOVáK,1,2,39,50,0,0,0,0,0,0,Ball 2.,Základní část
197970,5,1,Filip NěMEC,Jan NOVáK,2,2,12,10,0,0,57,0,0,0,NěMEC Filip grounds out 1-6-3. 2 out.,Základní část
197970,5,2,Jan MULAč,Jan NOVáK,0,0,0,35,0,0,0,0,0,0,Foul.,Základní část
197970,5,2,Jan MULAč,Jan NOVáK,0,1,-10,16,0,0,179,1,0,0,MULAč Jan singles up the middle.,Základní část
197970,5,2,Filip KUBíčEK,Jan NOVáK,0,0,18,24,0,0,0,0,0,0,Called Strike 1.,Základní část
197970,5,2,Filip KUBíčEK,Jan NOVáK,0,1,-19,20,0,0,113,0,0,0,KUBíčEK Filip reaches on fielders choice. MULAč Jan  out at 2nd 64.  3 out.,Základní část
197970,5,0,Ryker GALASKA,Jan NOVáK,0,0,0,0,0,0,0,0,0,0,"End of the 5th<br>0 runs, 1 lob",Základní část
197970,6,0,Ryker GALASKA,Jan NOVáK,0,0,4,34,0,0,0,0,0,0,Foul.,Základní část
197970,6,0,Ryker GALASKA,Jan NOVáK,0,1,9,49,0,0,0,0,0,0,Swinging Strike 2.,Základní část
197970,6,0,Ryker GALASKA,Jan NOVáK,0,2,18,44,0,0,0,0,0,0,GALASKA Ryker strikes out looking. 1 out.,Základní část
197970,6,1,Matouš BUBENíK,Jan NOVáK,0,0,35,60,0,0,0,0,0,0,Ball 1.,Základní část
197970,6,1,Matouš BUBENíK,Jan NOVáK,1,0,34,59,0,0,0,0,0,0,Ball 2.,Základní část
197970,6,1,Matouš BUBENíK,Jan NOVáK,2,0,-9,19,0,0,113,0,0,0,BUBENíK Matouš grounds out 6-3. 2 out.,Základní část
197970,6,2,Petr ZýMA,Jan NOVáK,0,0,11,52,0,0,0,0,0,0,Called Strike 1.,Základní část
197970,6,2,Petr ZýMA,Jan NOVáK,0,1,32,50,0,0,0,0,0,0,Ball 1.,Základní část
197970,6,2,Petr ZýMA,Jan NOVáK,1,1,39,29,0,0,0,0,0,0,Ball 2.,Základní část
197970,6,2,Petr ZýMA,Jan NOVáK,2,1,-20,28,0,0,0,0,0,0,Swinging Strike 2.,Základní část
197970,6,2,Petr ZýMA,Jan NOVáK,2,2,10,13,0,0,113,0,0,0,ZýMA Petr grounds out 4-3. 3 out.,Základní část
197970,6,0,Marek SLABý,Jan NOVáK,0,0,0,0,0,0,0,0,0,0,"End of the 6th<br>0 runs, 0 lob",Základní část
197970,7,0,David KřEčEK,Neznámý,0,0,0,0,0,0,0,0,0,0,Pitching Change: #34 HRDLIčKA for #18 NOVáK,Základní část
197970,7,0,Marek SLABý,Vít HRDLIčKA,0,0,34,31,0,0,0,0,0,0,Ball 1.,Základní část
197970,7,0,Marek SLABý,Vít HRDLIčKA,1,0,36,21,0,0,0,0,0,0,Ball 2.,Základní část
197970,7,0,Marek SLABý,Vít HRDLIčKA,2,0,35,21,0,0,0,0,0,0,Ball 3.,Základní část
197970,7,0,Marek SLABý,Vít HRDLIčKA,3,0,-16,42,0,0,0,0,0,0,Called Strike 1.,Základní část
197970,7,0,Marek SLABý,Vít HRDLIčKA,3,1,-12,44,0,0,0,0,0,0,Swinging Strike 2.,Základní část
197970,7,0,Marek SLABý,Vít HRDLIčKA,3,2,31,13,0,0,0,0,1,0,SLABý Marek walks.,Základní část
197970,7,0,Jan HOJDA,Vít HRDLIčKA,0,0,-8,51,0,0,0,0,0,0,Called Strike 1.,Základní část
197970,7,0,Jan HOJDA,Vít HRDLIčKA,0,1,30,65,0,0,0,0,0,0,Ball 1.,Základní část
197970,7,0,Jan HOJDA,Vít HRDLIčKA,1,1,37,19,0,0,0,0,0,0,Ball 2. SLABý Marek to 2nd on . SLABý Marek  out at 2nd CS26.  1 out.,Základní část
197970,7,1,Jan HOJDA,Vít HRDLIčKA,2,1,-17,13,0,0,0,0,0,0,Swinging Strike 2.,Základní část
197970,7,1,Jan HOJDA,Vít HRDLIčKA,2,2,-2,15,0,0,98,1,0,0,HOJDA Jan singles to third base.,Základní část
197970,7,1,Filip ŠINDLER,Vít HRDLIčKA,0,0,-18,28,0,0,0,0,0,0,Swinging Strike 1.,Základní část
197970,7,1,Filip ŠINDLER,Vít HRDLIčKA,0,1,-55,57,0,0,0,0,0,0,ŠINDLER Filip Hit By Pitch. HOJDA Jan to 2nd.,Základní část
197970,7,1,Lukáš DERGANZ,Vít HRDLIčKA,0,0,-53,19,0,0,0,0,0,0,DERGANZ Lukáš Hit By Pitch. HOJDA Jan to 3rd. ŠINDLER Filip to 2nd.,Základní část
197970,7,1,Jan MULAč,Vít HRDLIčKA,0,0,-5,37,0,0,0,0,0,0,Called Strike 1.,Základní část
197970,7,1,Jan MULAč,Vít HRDLIčKA,0,1,38,50,0,0,0,0,0,0,Ball 1.,Základní část
197970,7,1,Jan MULAč,Vít HRDLIčKA,1,1,38,22,0,0,0,0,0,0,Ball 2.,Základní část
197970,7,1,Jan MULAč,Vít HRDLIčKA,2,1,36,69,0,0,0,0,0,0,Ball 3.,Základní část
197970,7,1,Jan MULAč,Vít HRDLIčKA,3,1,34,31,0,0,0,0,1,1,MULAč Jan walks. HOJDA Jan scores. ŠINDLER Filip to 3rd. DERGANZ Lukáš to 2nd. 1 RBI.,Základní část
197970,7,0,Neznámý,Neznámý,0,0,0,0,0,0,0,0,0,0,Pitching Change: #20 VANK for #34 HRDLIčKA,Základní část
197970,7,1,Filip KUBíčEK,Ondřej VANK,0,0,0,53,0,0,0,0,0,0,Swinging Strike 1.,Základní část
197970,7,1,Filip KUBíčEK,Ondřej VANK,0,1,35,11,0,0,0,0,0,0,Ball 1.,Základní část
197970,7,1,Filip KUBíčEK,Ondřej VANK,1,1,35,27,0,0,0,0,0,0,Ball 2.,Základní část
197970,7,1,Filip KUBíčEK,Ondřej VANK,2,1,-13,46,0,0,0,0,0,0,Called Strike 2.,Základní část
197970,7,1,Filip KUBíčEK,Ondřej VANK,2,2,-13,32,0,0,0,0,0,0,KUBíčEK Filip strikes out swinging. 2 out.,Základní část
197970,7,2,Ryker GALASKA,Ondřej VANK,0,0,13,34,0,0,0,0,0,0,Swinging Strike 1.,Základní část
197970,7,2,Ryker GALASKA,Ondřej VANK,0,1,38,65,0,0,0,0,0,0,Ball 1.,Základní část
197970,7,2,Ryker GALASKA,Ondřej VANK,1,1,31,46,0,0,0,0,0,0,Ball 2.,Základní část
197970,7,2,Ryker GALASKA,Ondřej VANK,2,1,-10,40,0,0,0,0,0,0,Swinging Strike 2.,Základní část
197970,7,2,Ryker GALASKA,Ondřej VANK,2,2,-19,12,0,0,0,0,0,0,Foul.,Základní část
197970,7,2,Ryker GALASKA,Ondřej VANK,2,2,33,25,0,0,0,0,0,0,Ball 3.,Základní část
197970,7,2,Ryker GALASKA,Ondřej VANK,3,2,-5,36,0,0,0,0,0,0,Foul.,Základní část
197970,7,2,Ryker GALASKA,Ondřej VANK,3,2,-8,54,0,0,0,0,0,0,Foul.,Základní část
197970,7,2,Ryker GALASKA,Ondřej VANK,3,2,1,45,0,0,0,0,0,0,Foul.,Základní část
197970,7,2,Ryker GALASKA,Ondřej VANK,3,2,-10,25,0,0,0,0,0,0,Foul.,Základní část
197970,7,2,Ryker GALASKA,Ondřej VANK,3,2,30,22,0,0,0,0,1,1,GALASKA Ryker walks. ŠINDLER Filip scores. DERGANZ Lukáš to 3rd. MULAč Jan to 2nd. 1 RBI.,Základní část
197970,7,2,Matouš BUBENíK,Ondřej VANK,0,0,-17,48,0,0,53,0,0,0,BUBENíK Matouš flies out.  P6. 3 out.,Základní část
197970,7,0,Petr ZýMA,Ondřej VANK,0,0,0,0,0,0,0,0,0,0,"End of the 7th<br>2 runs, 3 lob",Základní část
197970,8,0,Neznámý,Neznámý,0,0,0,0,0,0,0,0,0,0,Defensive Change: #0 VELáZQUEZ to 3B,Základní část
197970,8,0,Neznámý,Neznámý,0,0,0,0,0,0,0,0,0,0,Defensive Change: #85 KUKLíK to 1B,Základní část
197970,8,0,Petr ZýMA,Ondřej VANK,0,0,-3,38,0,0,0,0,0,0,Swinging Strike 1.,Základní část
197970,8,0,Petr ZýMA,Ondřej VANK,0,1,8,64,0,0,91,0,0,0,ZýMA Petr flies out.  L4. 1 out.,Základní část
197970,8,1,Marek SLABý,Ondřej VANK,0,0,15,31,0,0,0,0,0,0,Called Strike 1.,Základní část
197970,8,1,Marek SLABý,Ondřej VANK,0,1,-12,61,0,0,0,0,0,0,Foul.,Základní část
197970,8,1,Marek SLABý,Ondřej VANK,0,2,32,23,0,0,0,0,0,0,Ball 1.,Základní část
197970,8,1,Marek SLABý,Ondřej VANK,1,2,-15,21,0,0,0,0,0,0,SLABý Marek strikes out swinging. 2 out.,Základní část
197970,8,2,Jan HOJDA,Ondřej VANK,0,0,30,57,0,0,0,0,0,0,Ball 1.,Základní část
197970,8,2,Jan HOJDA,Ondřej VANK,1,0,-9,26,0,0,0,0,0,0,Swinging Strike 1.,Základní část
197970,8,2,Jan HOJDA,Ondřej VANK,1,1,3,45,0,0,0,0,0,0,Swinging Strike 2.,Základní část
197970,8,2,Jan HOJDA,Ondřej VANK,1,2,17,52,0,0,0,0,0,0,HOJDA Jan strikes out looking. 3 out.,Základní část
197970,8,0,Filip ŠINDLER,Ondřej VANK,0,0,0,0,0,0,0,0,0,0,"End of the 8th<br>0 runs, 0 lob",Základní část
197970,9,0,Neznámý,Neznámý,0,0,0,0,0,0,0,0,0,0,Defensive Substitution: #73 KUčERA for #79 PRůCHA at 2B,Základní část
197970,9,0,Neznámý,Neznámý,0,0,0,0,0,0,0,0,0,0,Defensive Substitution: #25 FANCHER for #22 VANčURA at LF,Základní část
197970,9,0,Neznámý,Neznámý,0,0,0,0,0,0,0,0,0,0,Defensive Change: #21 PREJDA to CF,Základní část
197970,9,0,Neznámý,Neznámý,0,0,0,0,0,0,0,0,0,0,Defensive Change: #39 DRáPELA to RF,Základní část
197970,9,0,Filip ŠINDLER,Ondřej VANK,0,0,11,36,0,0,0,0,0,0,Called Strike 1.,Základní část
197970,9,0,Filip ŠINDLER,Ondřej VANK,0,1,-51,24,0,0,0,0,0,0,ŠINDLER Filip Hit By Pitch.,Základní část
197970,9,0,Lukáš DERGANZ,Ondřej VANK,0,0,-9,28,0,0,0,0,0,0,Called Strike 1.,Základní část
197970,9,0,Lukáš DERGANZ,Ondřej VANK,0,1,10,35,0,0,0,0,0,0,Called Strike 2.,Základní část
197970,9,0,Lukáš DERGANZ,Ondřej VANK,0,2,33,33,0,0,0,0,0,0,Ball 1.,Základní část
197970,9,0,Lukáš DERGANZ,Ondřej VANK,1,2,30,38,0,0,0,0,0,0,Ball 2.,Základní část
197970,9,0,Lukáš DERGANZ,Ondřej VANK,2,2,39,26,0,0,0,0,0,0,Ball 3.,Základní část
197970,9,0,Lukáš DERGANZ,Ondřej VANK,3,2,38,20,0,0,0,0,1,0,DERGANZ Lukáš walks. ŠINDLER Filip to 2nd.,Základní část
197970,9,0,Jan MULAč,Ondřej VANK,0,0,1,13,0,0,0,0,0,0,Called Strike 1.,Základní část
197970,9,0,Jan MULAč,Ondřej VANK,0,1,13,34,0,0,0,0,0,0,Swinging Strike 2.,Základní část
197970,9,0,Jan MULAč,Ondřej VANK,0,2,34,41,0,0,0,0,0,0,Ball 1.,Základní část
197970,9,0,Jan MULAč,Ondřej VANK,1,2,-13,34,0,0,0,0,0,0,Foul.,Základní část
197970,9,0,Jan MULAč,Ondřej VANK,1,2,-7,55,0,0,0,0,0,0,Foul.,Základní část
197970,9,0,Jan MULAč,Ondřej VANK,1,2,36,16,0,0,0,0,0,0,Ball 2.,Základní část
197970,9,0,Jan MULAč,Ondřej VANK,2,2,14,59,0,0,-19,0,0,0,MULAč Jan flies out.  P2. 1 out.,Základní část
197970,9,1,Filip KUBíčEK,Ondřej VANK,0,0,1,49,0,0,0,0,0,0,Called Strike 1.,Základní část
197970,9,1,Filip KUBíčEK,Ondřej VANK,0,1,34,36,0,0,0,0,0,0,Ball 1.,Základní část
197970,9,1,Filip KUBíčEK,Ondřej VANK,1,1,-11,52,0,0,0,0,0,0,Swinging Strike 2.,Základní část
197970,9,1,Filip KUBíčEK,Ondřej VANK,1,2,19,52,0,0,0,0,0,0,KUBíčEK Filip strikes out looking. 2 out.,Základní část
197970,9,2,Ryker GALASKA,Ondřej VANK,0,0,-13,58,0,0,310,1,0,3,GALASKA Ryker homers to deep left field. ŠINDLER Filip scores. DERGANZ Lukáš scores. 3 RBI.,Základní část
197970,9,2,Matouš BUBENíK,Ondřej VANK,0,0,-13,43,0,0,0,0,0,0,Called Strike 1.,Základní část
197970,9,2,Matouš BUBENíK,Ondřej VANK,0,1,-6,43,0,0,0,0,0,0,Called Strike 2.,Základní část
197970,9,2,Matouš BUBENíK,Ondřej VANK,0,2,-9,26,0,0,0,0,0,0,Foul.,Základní část
197970,9,2,Matouš BUBENíK,Ondřej VANK,0,2,32,57,0,0,0,0,0,0,Ball 1.,Základní část
197970,9,2,Matouš BUBENíK,Ondřej VANK,1,2,36,36,0,0,0,0,0,0,Ball 2.,Základní část
197970,9,2,Matouš BUBENíK,Ondřej VANK,2,2,-19,49,0,0,0,0,0,0,Foul.,Základní část
197970,9,2,Matouš BUBENíK,Ondřej VANK,2,2,33,67,0,0,0,0,0,0,Ball 3.,Základní část
197970,9,2,Matouš BUBENíK,Ondřej VANK,3,2,32,13,0,0,0,0,1,0,BUBENíK Matouš walks.,Základní část
197970,9,2,Petr ZýMA,Ondřej VANK,0,0,0,0,0,0,0,0,0,0,Coaching Visit,Základní část
197970,9,2,Petr ZýMA,Ondřej VANK,0,0,31,28,0,0,0,0,0,0,Ball 1.,Základní část
197970,9,2,Petr ZýMA,Ondřej VANK,1,0,10,48,0,0,0,0,0,0,Called Strike 1.,Základní část
197970,9,2,Petr ZýMA,Ondřej VANK,1,1,38,30,0,0,0,0,0,0,Ball 2.,Základní část
197970,9,2,Petr ZýMA,Ondřej VANK,2,1,1,42,0,0,0,0,0,0,Foul.,Základní část
197970,9,2,Petr ZýMA,Ondřej VANK,2,2,2,60,0,0,0,0,0,0,Foul.,Základní část
197970,9,2,Petr ZýMA,Ondřej VANK,2,2,-6,22,0,0,0,0,0,0,Foul.,Základní část
197970,9,2,Petr ZýMA,Ondřej VANK,2,2,-13,57,0,0,0,0,0,0,Foul.,Základní část
197970,9,2,Petr ZýMA,Ondřej VANK,2,2,14,63,0,0,194,0,0,0,ZýMA Petr reaches on fielding error. E9. BUBENíK Matouš to 3rd.,Základní část
197970,9,0,Neznámý,Neznámý,0,0,0,0,0,0,0,0,0,0,Pitching Change: #32 PLACHý for #20 VANK,Základní část
197970,9,2,Marek SLABý,Tomáš PLACHý,0,0,32,46,0,0,0,0,0,0,Ball 1.,Základní část
197970,9,2,Marek SLABý,Tomáš PLACHý,1,0,-17,38,0,0,0,0,0,0,Swinging Strike 1.,Základní část
197970,9,2,Marek SLABý,Tomáš PLACHý,1,1,36,70,0,0,0,0,0,0,Ball 2.,Základní část
197970,9,2,Marek SLABý,Tomáš PLACHý,2,1,30,44,0,0,0,0,0,0,Ball 3.,Základní část
197970,9,2,Marek SLABý,Tomáš PLACHý,3,1,39,39,0,0,0,0,1,0,SLABý Marek walks. ZýMA Petr to 2nd.,Základní část
197970,9,2,Jan HOJDA,Tomáš PLACHý,0,0,34,68,0,0,0,0,0,0,Ball 1. BUBENíK Matouš scores on passed ball. ZýMA Petr to 3rd on passed ball. SLABý Marek to 2nd on passed ball.,Základní část
197970,9,2,Jan HOJDA,Tomáš PLACHý,1,0,-10,17,0,0,0,0,0,0,Called Strike 1.,Základní část
197970,9,2,Jan HOJDA,Tomáš PLACHý,1,1,-4,32,0,0,0,0,0,0,Called Strike 2.,Základní část
197970,9,2,Jan HOJDA,Tomáš PLACHý,1,3,-4,40,0,0,0,0,0,0,HOJDA Jan strikes out swinging. 3 out.,Základní část
197970,9,0,Filip ŠINDLER,Tomáš PLACHý,0,0,0,0,0,0,0,0,0,0,GAME OVER<br>KOT wins 11-6<br>Win: NOVáK<br>Loss: MRAKOVCIC,Základní část
197972,1,0,Jan MULAč,Lukáš ERCOLI,0,0,0,0,0,0,0,0,0,0,Play Ball,Základní část
197972,1,0,Jan MULAč,Lukáš ERCOLI,0,0,0,45,0,0,0,0,0,0,Called Strike 1.,Základní část
197972,1,0,Jan MULAč,Lukáš ERCOLI,0,1,9,59,0,0,0,0,0,0,Foul.,Základní část
197972,1,0,Jan MULAč,Lukáš ERCOLI,0,2,5,40,0,0,0,0,0,0,Foul.,Základní část
197972,1,0,Jan MULAč,Lukáš ERCOLI,0,2,32,10,0,0,0,0,0,0,Ball 1.,Základní část
197972,1,0,Jan MULAč,Lukáš ERCOLI,1,2,-9,26,0,0,0,0,0,0,MULAč Jan strikes out swinging. 1 out.,Základní část
197972,1,1,Koya UEMURA,Lukáš ERCOLI,0,0,1,35,0,0,0,0,0,0,Called Strike 1.,Základní část
197972,1,1,Koya UEMURA,Lukáš ERCOLI,0,1,8,40,0,0,0,0,0,0,Swinging Strike 2.,Základní část
197972,1,1,Koya UEMURA,Lukáš ERCOLI,0,2,10,33,0,0,0,0,0,0,UEMURA Koya strikes out swinging. 2 out.,Základní část
197972,1,2,Ryker GALASKA,Lukáš ERCOLI,0,0,16,52,0,0,0,0,0,0,Swinging Strike 1.,Základní část
197972,1,2,Ryker GALASKA,Lukáš ERCOLI,0,1,-5,63,0,0,176,1,0,0,GALASKA Ryker doubles down left field line.,Základní část
197972,1,2,Matouš BUBENíK,Lukáš ERCOLI,0,0,-8,26,0,0,0,0,0,0,Called Strike 1.,Základní část
197972,1,2,Matouš BUBENíK,Lukáš ERCOLI,0,1,12,37,0,0,0,0,0,0,Called Strike 2.,Základní část
197972,1,2,Matouš BUBENíK,Lukáš ERCOLI,0,2,31,10,0,0,0,0,0,0,Ball 1.,Základní část
197972,1,2,Matouš BUBENíK,Lukáš ERCOLI,1,2,-15,45,0,0,0,0,0,0,BUBENíK Matouš strikes out swinging. 3 out.,Základní část
197972,1,0,Filip KUBíčEK,Lukáš ERCOLI,0,0,0,0,0,0,0,0,0,0,"Middle of the 1st<br>0 runs, 1 lob",Základní část
197972,2,0,Filip KUBíčEK,Lukáš ERCOLI,0,0,-12,15,0,0,0,0,0,0,Called Strike 1.,Základní část
197972,2,0,Filip KUBíčEK,Lukáš ERCOLI,0,1,31,48,0,0,0,0,0,0,Ball 1.,Základní část
197972,2,0,Filip KUBíčEK,Lukáš ERCOLI,1,1,7,13,0,0,94,0,0,0,KUBíčEK Filip grounds out 3U. 1 out.,Základní část
197972,2,1,Kryštof LUKAVSKý,Lukáš ERCOLI,0,0,7,13,0,0,0,0,0,0,Called Strike 1.,Základní část
197972,2,1,Kryštof LUKAVSKý,Lukáš ERCOLI,0,1,-2,27,0,0,0,0,0,0,Foul.,Základní část
197972,2,1,Kryštof LUKAVSKý,Lukáš ERCOLI,0,2,-1,50,0,0,0,0,0,0,Foul.,Základní část
197972,2,1,Kryštof LUKAVSKý,Lukáš ERCOLI,0,2,31,14,0,0,0,0,0,0,Ball 1.,Základní část
197972,2,1,Kryštof LUKAVSKý,Lukáš ERCOLI,1,3,13,41,0,0,0,0,0,0,LUKAVSKý Kryštof strikes out looking. 2 out.,Základní část
197972,2,2,Petr ZýMA,Lukáš ERCOLI,0,0,-7,28,0,0,113,0,0,0,ZýMA Petr reaches on fielding error. E6.,Základní část
197972,2,2,Marek SLABý,Lukáš ERCOLI,0,0,-9,25,0,0,0,0,0,0,Called Strike 1.,Základní část
197972,2,2,Marek SLABý,Lukáš ERCOLI,0,1,-4,35,0,0,0,0,0,0,Called Strike 2.,Základní část
197972,2,2,Marek SLABý,Lukáš ERCOLI,0,2,0,0,0,0,0,0,0,0,Pickoff Attempt at 1st,Základní část
197972,2,2,Marek SLABý,Lukáš ERCOLI,0,2,8,28,0,0,0,0,0,0,Foul.,Základní část
197972,2,2,Marek SLABý,Lukáš ERCOLI,0,2,16,54,0,0,0,0,0,0,SLABý Marek strikes out swinging. 3 out.,Základní část
197972,2,0,Adam TOšOVSKý,Lukáš ERCOLI,0,0,0,0,0,0,0,0,0,0,"Middle of the 2nd<br>0 runs, 1 lob",Základní část
197972,3,0,Adam TOšOVSKý,Lukáš ERCOLI,0,0,-1,39,0,0,0,0,0,0,Swinging Strike 1.,Základní část
197972,3,0,Adam TOšOVSKý,Lukáš ERCOLI,0,1,35,21,0,0,0,0,0,0,Ball 1.,Základní část
197972,3,0,Adam TOšOVSKý,Lukáš ERCOLI,1,1,31,36,0,0,0,0,0,0,Ball 2.,Základní část
197972,3,0,Adam TOšOVSKý,Lukáš ERCOLI,2,1,-12,13,0,0,0,0,0,0,Called Strike 2.,Základní část
197972,3,0,Adam TOšOVSKý,Lukáš ERCOLI,2,2,-6,24,0,0,0,0,0,0,Foul.,Základní část
197972,3,0,Adam TOšOVSKý,Lukáš ERCOLI,2,2,33,48,0,0,0,0,0,0,Ball 3.,Základní část
197972,3,0,Adam TOšOVSKý,Lukáš ERCOLI,3,2,13,15,0,0,94,0,0,0,TOšOVSKý Adam grounds out 3U. 1 out.,Základní část
197972,3,1,Jan MULAč,Lukáš ERCOLI,0,0,16,14,0,0,0,0,0,0,Foul.,Základní část
197972,3,1,Jan MULAč,Lukáš ERCOLI,0,1,-10,64,0,0,226,0,0,0,MULAč Jan flies out to center field.  F8. 2 out.,Základní část
197972,3,2,Koya UEMURA,Lukáš ERCOLI,0,0,-19,50,0,0,0,0,0,0,Called Strike 1.,Základní část
197972,3,2,Koya UEMURA,Lukáš ERCOLI,0,1,38,32,0,0,0,0,0,0,Ball 1.,Základní část
197972,3,2,Koya UEMURA,Lukáš ERCOLI,1,1,30,30,0,0,0,0,0,0,Ball 2.,Základní část
197972,3,2,Koya UEMURA,Lukáš ERCOLI,2,1,10,38,0,0,0,0,0,0,Called Strike 2.,Základní část
197972,3,2,Koya UEMURA,Lukáš ERCOLI,2,2,-9,13,0,0,94,0,0,0,UEMURA Koya grounds out 5-3. 3 out.,Základní část
197972,3,0,Ryker GALASKA,Lukáš ERCOLI,0,0,0,0,0,0,0,0,0,0,"Middle of the 3rd<br>0 runs, 0 lob",Základní část
197972,4,0,Ryker GALASKA,Lukáš ERCOLI,0,0,2,49,0,0,226,0,0,0,GALASKA Ryker flies out to right field.  F9. 1 out.,Základní část
197972,4,1,Matouš BUBENíK,Lukáš ERCOLI,0,0,10,30,0,0,0,0,0,0,Called Strike 1.,Základní část
197972,4,1,Matouš BUBENíK,Lukáš ERCOLI,0,1,32,39,0,0,0,0,0,0,Ball 1.,Základní část
197972,4,1,Matouš BUBENíK,Lukáš ERCOLI,1,1,-3,46,0,0,0,0,0,0,Foul.,Základní část
197972,4,1,Matouš BUBENíK,Lukáš ERCOLI,1,2,4,21,0,0,0,0,0,0,Foul.,Základní část
197972,4,1,Matouš BUBENíK,Lukáš ERCOLI,1,2,2,39,0,0,0,0,0,0,BUBENíK Matouš strikes out swinging KS2. 2 out.,Základní část
197972,4,2,Filip KUBíčEK,Lukáš ERCOLI,0,0,10,53,0,0,226,0,0,0,KUBíčEK Filip flies out to center field.  F8. 3 out.,Základní část
197972,4,0,Kryštof LUKAVSKý,Lukáš ERCOLI,0,0,0,0,0,0,0,0,0,0,"Middle of the 4th<br>0 runs, 0 lob",Základní část
197972,5,0,Kryštof LUKAVSKý,Lukáš ERCOLI,0,0,14,43,0,0,0,0,0,0,Called Strike 1.,Základní část
197972,5,0,Kryštof LUKAVSKý,Lukáš ERCOLI,0,1,16,32,0,0,0,0,0,0,Swinging Strike 2.,Základní část
197972,5,0,Kryštof LUKAVSKý,Lukáš ERCOLI,0,2,-1,48,0,0,0,0,0,0,Foul.,Základní část
197972,5,0,Kryštof LUKAVSKý,Lukáš ERCOLI,0,2,38,27,0,0,0,0,0,0,Ball 1.,Základní část
197972,5,0,Kryštof LUKAVSKý,Lukáš ERCOLI,1,2,5,27,0,0,124,1,0,0,LUKAVSKý Kryštof singles to first base.,Základní část
197972,5,0,Petr ZýMA,Lukáš ERCOLI,0,0,11,24,0,0,0,0,0,0,Called Strike 1.,Základní část
197972,5,0,Petr ZýMA,Lukáš ERCOLI,0,1,-17,28,0,0,0,0,0,0,Called Strike 2.,Základní část
197972,5,0,Petr ZýMA,Lukáš ERCOLI,0,2,39,46,0,0,0,0,0,0,Ball 1.,Základní část
197972,5,0,Petr ZýMA,Lukáš ERCOLI,1,2,-11,29,0,0,0,0,0,0,ZýMA Petr strikes out swinging. 1 out.,Základní část
197972,5,1,Marek SLABý,Lukáš ERCOLI,0,0,0,0,0,0,0,0,0,0,Pickoff Attempt at 1st,Základní část
197972,5,1,Marek SLABý,Lukáš ERCOLI,0,0,35,54,0,0,0,0,0,0,Ball 1.,Základní část
197972,5,1,Marek SLABý,Lukáš ERCOLI,1,0,-15,31,0,0,0,0,0,0,Foul.,Základní část
197972,5,1,Marek SLABý,Lukáš ERCOLI,1,1,31,36,0,0,0,0,0,0,Ball 2.,Základní část
197972,5,1,Marek SLABý,Lukáš ERCOLI,2,1,13,27,0,0,0,0,0,0,Called Strike 2.,Základní část
197972,5,1,Marek SLABý,Lukáš ERCOLI,2,2,0,0,0,0,0,0,0,0,Pickoff Attempt at 1st,Základní část
197972,5,1,Marek SLABý,Lukáš ERCOLI,2,2,-15,64,0,0,113,0,0,0,SLABý Marek flies out.  F6. 2 out.,Základní část
197972,5,2,Adam TOšOVSKý,Lukáš ERCOLI,0,0,-7,25,0,0,0,0,0,0,Foul.,Základní část
197972,5,2,Adam TOšOVSKý,Lukáš ERCOLI,0,1,2,41,0,0,0,0,0,0,Foul.,Základní část
197972,5,2,Adam TOšOVSKý,Lukáš ERCOLI,0,2,35,63,0,0,0,0,0,0,Ball 1.,Základní část
197972,5,2,Adam TOšOVSKý,Lukáš ERCOLI,1,2,14,63,0,0,94,0,0,0,TOšOVSKý Adam flies out foul.  FF3. 3 out.,Základní část
197972,5,0,Jan MULAč,Lukáš ERCOLI,0,0,0,0,0,0,0,0,0,0,"Middle of the 5th<br>0 runs, 1 lob",Základní část
197972,6,0,Neznámý,Neznámý,0,0,0,0,0,0,0,0,0,0,Defensive Change: #21 PREJDA to CF,Základní část
197972,6,0,Neznámý,Neznámý,0,0,0,0,0,0,0,0,0,0,Defensive Substitution: #22 VANčURA for #37 CHLUP at LF,Základní část
197972,6,0,Neznámý,Neznámý,0,0,0,0,0,0,0,0,0,0,Defensive Change: #39 DRáPELA to RF,Základní část
197972,6,0,Jan MULAč,Lukáš ERCOLI,0,0,31,32,0,0,0,0,0,0,Ball 1.,Základní část
197972,6,0,Jan MULAč,Lukáš ERCOLI,1,0,-2,55,0,0,0,0,0,0,Foul.,Základní část
197972,6,0,Jan MULAč,Lukáš ERCOLI,1,1,-12,26,0,0,0,0,0,0,Called Strike 2.,Základní část
197972,6,0,Jan MULAč,Lukáš ERCOLI,1,2,3,25,0,0,113,0,0,0,MULAč Jan reaches on fielding error. E4.,Základní část
197972,6,0,Koya UEMURA,Lukáš ERCOLI,0,0,32,12,0,0,0,0,0,0,Ball 1.,Základní část
197972,6,0,Koya UEMURA,Lukáš ERCOLI,1,0,9,18,0,0,0,0,0,0,Foul.,Základní část
197972,6,0,Koya UEMURA,Lukáš ERCOLI,1,1,36,19,0,0,0,0,0,0,Ball 2.,Základní část
197972,6,0,Koya UEMURA,Lukáš ERCOLI,2,1,33,62,0,0,0,0,0,0,Ball 3.,Základní část
197972,6,0,Koya UEMURA,Lukáš ERCOLI,3,1,-6,24,0,0,0,0,0,0,Called Strike 2.,Základní část
197972,6,0,Koya UEMURA,Lukáš ERCOLI,3,2,-9,35,0,0,0,0,0,0,Foul.,Základní část
197972,6,0,Koya UEMURA,Lukáš ERCOLI,3,2,11,32,0,0,0,0,0,0,UEMURA Koya strikes out looking. 1 out.,Základní část
197972,6,1,Ryker GALASKA,Lukáš ERCOLI,0,0,33,55,0,0,0,0,0,0,Ball 1.,Základní část
197972,6,1,Ryker GALASKA,Lukáš ERCOLI,1,0,9,30,0,0,0,0,0,0,Foul.,Základní část
197972,6,1,Ryker GALASKA,Lukáš ERCOLI,1,1,-17,47,0,0,0,0,0,0,Swinging Strike 2.,Základní část
197972,6,1,Ryker GALASKA,Lukáš ERCOLI,1,2,-14,54,0,0,226,0,0,0,GALASKA Ryker flies out to left field.  F7. 2 out.,Základní část
197972,6,2,Matouš BUBENíK,Lukáš ERCOLI,0,0,-14,24,0,0,113,0,0,0,BUBENíK Matouš grounds out 6-3. 3 out.,Základní část
197972,6,0,Filip KUBíčEK,Lukáš ERCOLI,0,0,0,0,0,0,0,0,0,0,"Middle of the 6th<br>0 runs, 1 lob",Základní část
197972,7,0,Neznámý,Neznámý,0,0,0,0,0,0,0,0,0,0,Pitching Change: #29 KřEčEK for #63 ERCOLI,Základní část
197972,7,0,Filip KUBíčEK,David KřEčEK,0,0,8,13,0,0,0,0,0,0,Called Strike 1.,Základní část
197972,7,0,Filip KUBíčEK,David KřEčEK,0,1,7,61,0,0,226,0,0,0,KUBíčEK Filip flies out to center field.  F8. 1 out.,Základní část
197972,7,1,Kryštof LUKAVSKý,David KřEčEK,0,0,32,21,0,0,0,0,0,0,Ball 1.,Základní část
197972,7,1,Kryštof LUKAVSKý,David KřEčEK,1,0,2,19,0,0,57,0,0,0,LUKAVSKý Kryštof grounds out 1-3. 2 out.,Základní část
197972,7,2,Petr ZýMA,David KřEčEK,0,0,19,23,0,0,0,0,0,0,Swinging Strike 1.,Základní část
197972,7,2,Petr ZýMA,David KřEčEK,0,1,-2,40,0,0,0,0,0,0,Foul.,Základní část
197972,7,2,Petr ZýMA,David KřEčEK,0,2,12,24,0,0,113,0,0,0,ZýMA Petr grounds out 4-3. 3 out.,Základní část
197972,7,0,Marek SLABý,David KřEčEK,0,0,0,0,0,0,0,0,0,0,"Middle of the 7th<br>0 runs, 0 lob",Základní část
197991,1,0,Michal ANTOň,Matěj ŠPIMR,0,0,13,57,0,0,0,0,0,0,Called Strike 1.,Základní část
197991,1,0,Michal ANTOň,Matěj ŠPIMR,0,1,-6,51,0,0,0,0,0,0,Called Strike 2.,Základní část
197991,1,0,Michal ANTOň,Matěj ŠPIMR,0,2,14,42,0,0,0,0,0,0,ANTOň Michal strikes out swinging. 1 out.,Základní část
197991,1,1,Koya UEMURA,Matěj ŠPIMR,0,0,10,59,0,0,179,1,0,0,UEMURA Koya singles to left center.,Základní část
197991,1,1,Jan MULAč,Matěj ŠPIMR,0,0,-6,53,0,0,45,1,0,0,MULAč Jan singles to third base. UEMURA Koya to 2nd.,Základní část
197991,1,1,Ryker GALASKA,Matěj ŠPIMR,0,0,32,38,0,0,0,0,0,0,Ball 1.,Základní část
197991,1,1,Ryker GALASKA,Matěj ŠPIMR,1,0,32,42,0,0,0,0,0,0,Ball 2.,Základní část
197991,1,1,Ryker GALASKA,Matěj ŠPIMR,2,0,39,32,0,0,0,0,0,0,Ball 3.,Základní část
197991,1,1,Ryker GALASKA,Matěj ŠPIMR,3,0,34,63,0,0,0,0,1,0,GALASKA Ryker walks. UEMURA Koya to 3rd. MULAč Jan to 2nd.,Základní část
197991,1,1,Matouš BUBENíK,Matěj ŠPIMR,0,0,38,30,0,0,0,0,0,0,Ball 1. UEMURA Koya scores on passed ball. MULAč Jan to 3rd on passed ball. GALASKA Ryker to 2nd on passed ball.,Základní část
197991,1,1,Matouš BUBENíK,Matěj ŠPIMR,1,0,30,54,0,0,0,0,0,0,Ball 2. MULAč Jan scores on passed ball. GALASKA Ryker to 3rd on passed ball.,Základní část
197991,1,1,Matouš BUBENíK,Matěj ŠPIMR,2,0,2,59,0,0,94,0,0,0,BUBENíK Matouš flies out.  F3. 2 out.,Základní část
197991,1,2,Filip KUBíčEK,Matěj ŠPIMR,0,0,32,50,0,0,0,0,0,0,Ball 1.,Základní část
197991,1,2,Filip KUBíčEK,Matěj ŠPIMR,1,0,30,61,0,0,0,0,0,0,Ball 2.,Základní část
197991,1,2,Filip KUBíčEK,Matěj ŠPIMR,2,0,39,29,0,0,0,0,0,0,Ball 3.,Základní část
197991,1,2,Filip KUBíčEK,Matěj ŠPIMR,3,0,35,9,0,0,0,0,1,0,KUBíčEK Filip walks.,Základní část
197991,1,2,Kryštof LUKAVSKý,Matěj ŠPIMR,0,0,3,18,0,0,0,0,0,0,Called Strike 1.,Základní část
197991,1,2,Kryštof LUKAVSKý,Matěj ŠPIMR,0,1,-6,34,0,0,0,0,0,0,Swinging Strike 2. KUBíčEK Filip to 2nd on stolen base.,Základní část
197991,1,2,Kryštof LUKAVSKý,Matěj ŠPIMR,0,2,2,20,0,0,0,0,0,0,LUKAVSKý Kryštof strikes out looking. 3 out.,Základní část
197991,1,0,Petr ZýMA,Matěj ŠPIMR,0,0,0,0,0,0,0,0,0,0,"End of the 1st<br>2 runs, 2 lob",Základní část
197991,2,0,Petr ZýMA,Matěj ŠPIMR,0,0,-10,64,0,0,235,1,0,0,ZýMA Petr doubles to left center.,Základní část
197991,2,0,Marek SLABý,Matěj ŠPIMR,0,0,32,44,0,0,0,0,0,0,Ball 1. ZýMA Petr to 3rd on passed ball.,Základní část
197991,2,0,Marek SLABý,Matěj ŠPIMR,1,0,34,52,0,0,0,0,0,0,Ball 2.,Základní část
197991,2,0,Marek SLABý,Matěj ŠPIMR,2,0,32,55,0,0,0,0,0,0,Ball 3.,Základní část
197991,2,0,Marek SLABý,Matěj ŠPIMR,3,0,31,42,0,0,0,0,1,0,SLABý Marek walks.,Základní část
197991,2,0,Michal ANTOň,Matěj ŠPIMR,0,0,-59,14,0,0,0,0,0,0,ANTOň Michal Hit By Pitch. SLABý Marek to 2nd.,Základní část
197991,2,0,Koya UEMURA,Matěj ŠPIMR,0,0,2,55,0,0,31,1,0,1,UEMURA Koya singles to pitcher. Bunt. ZýMA Petr scores. SLABý Marek to 3rd. ANTOň Michal to 2nd. 1 RBI.,Základní část
197991,2,0,Neznámý,Neznámý,0,0,0,0,0,0,0,0,0,0,Pitching Change: #0 OSECKý for #0 ŠPIMR,Základní část
197991,2,0,Jan MULAč,Vojtěch OSECKý,0,0,-6,16,0,0,113,0,0,1,MULAč Jan reaches on fielders choice. SLABý Marek scores. ANTOň Michal to 3rd. UEMURA Koya  out at 2nd 64.  1 out. 1 RBI.,Základní část
197991,2,1,Ryker GALASKA,Vojtěch OSECKý,0,0,-15,32,0,0,0,0,0,0,Called Strike 1. MULAč Jan to 2nd on stolen base.,Základní část
197991,2,1,Ryker GALASKA,Vojtěch OSECKý,0,1,11,20,0,0,0,0,0,0,Called Strike 2.,Základní část
197991,2,1,Ryker GALASKA,Vojtěch OSECKý,0,2,-11,32,0,0,0,0,0,0,GALASKA Ryker strikes out swinging. 2 out.,Základní část
197991,2,2,Matouš BUBENíK,Vojtěch OSECKý,0,0,-20,14,0,0,113,0,0,0,BUBENíK Matouš grounds out 6-3. 3 out.,Základní část
197991,2,0,Filip KUBíčEK,Vojtěch OSECKý,0,0,0,0,0,0,0,0,0,0,"End of the 2nd<br>2 runs, 2 lob",Základní část
197991,3,0,Filip KUBíčEK,Vojtěch OSECKý,0,0,33,39,0,0,0,0,0,0,Ball 1.,Základní část
197991,3,0,Filip KUBíčEK,Vojtěch OSECKý,1,0,36,30,0,0,0,0,0,0,Ball 2.,Základní část
197991,3,0,Filip KUBíčEK,Vojtěch OSECKý,2,0,33,47,0,0,0,0,0,0,Ball 3.,Základní část
197991,3,0,Filip KUBíčEK,Vojtěch OSECKý,3,0,32,31,0,0,0,0,1,0,KUBíčEK Filip walks.,Základní část
197991,3,0,Kryštof LUKAVSKý,Vojtěch OSECKý,0,0,11,61,0,0,210,1,0,0,LUKAVSKý Kryštof doubles to right field. KUBíčEK Filip to 3rd.,Základní část
197991,3,0,Petr ZýMA,Vojtěch OSECKý,0,0,36,30,0,0,0,0,0,0,Ball 1.,Základní část
197991,3,0,Petr ZýMA,Vojtěch OSECKý,1,0,35,24,0,0,0,0,0,0,Ball 2.,Základní část
197991,3,0,Petr ZýMA,Vojtěch OSECKý,2,0,36,55,0,0,0,0,0,0,Ball 3.,Základní část
197991,3,0,Petr ZýMA,Vojtěch OSECKý,3,0,33,65,0,0,0,0,1,0,ZýMA Petr walks.,Základní část
197991,3,0,Marek SLABý,Vojtěch OSECKý,0,0,37,26,0,0,0,0,0,0,Ball 1.,Základní část
197991,3,0,Marek SLABý,Vojtěch OSECKý,1,0,32,49,0,0,0,0,0,0,Ball 2.,Základní část
197991,3,0,Marek SLABý,Vojtěch OSECKý,2,0,38,31,0,0,0,0,0,0,Ball 3.,Základní část
197991,3,0,Marek SLABý,Vojtěch OSECKý,3,0,32,17,0,0,0,0,1,1,SLABý Marek walks. KUBíčEK Filip scores. LUKAVSKý Kryštof to 3rd. ZýMA Petr to 2nd. 1 RBI.,Základní část
197991,3,0,Michal ANTOň,Vojtěch OSECKý,0,0,-16,18,0,0,94,0,0,1,ANTOň Michal reaches on throwing error. E5T. LUKAVSKý Kryštof scores. ZýMA Petr to 3rd. SLABý Marek to 2nd. 1 RBI.,Základní část
197991,3,0,Koya UEMURA,Vojtěch OSECKý,0,0,-8,48,0,0,0,0,0,0,Called Strike 1.,Základní část
197991,3,0,Koya UEMURA,Vojtěch OSECKý,0,1,32,29,0,0,0,0,0,0,Ball 1.,Základní část
197991,3,0,Koya UEMURA,Vojtěch OSECKý,1,1,-3,43,0,0,0,0,0,0,Called Strike 2.,Základní část
197991,3,0,Koya UEMURA,Vojtěch OSECKý,1,2,19,49,0,0,0,0,0,0,UEMURA Koya strikes out swinging. 1 out.,Základní část
197991,3,1,Jan MULAč,Vojtěch OSECKý,0,0,8,56,0,0,226,0,0,1,MULAč Jan flies out to center field.  Sacrifice Fly.  SF8. ZýMA Petr scores. SLABý Marek to 3rd. ANTOň Michal to 2nd. 2 out. 1 RBI.,Základní část
197991,3,2,Ryker GALASKA,Vojtěch OSECKý,0,0,-58,56,0,0,0,0,0,0,GALASKA Ryker Hit By Pitch.,Základní část
197991,3,2,Matouš BUBENíK,Vojtěch OSECKý,0,0,-12,45,0,0,226,0,0,0,BUBENíK Matouš flies out to left field.  F7. 3 out.,Základní část
197991,3,0,Filip KUBíčEK,Vojtěch OSECKý,0,0,0,0,0,0,0,0,0,0,"End of the 3rd<br>3 runs, 3 lob",Základní část
197991,4,0,Neznámý,Neznámý,0,0,0,0,0,0,0,0,0,0,Pitching Change: #0 HASAL for #0 OSECKý,Základní část
197991,4,0,Filip KUBíčEK,Matyáš HASAL,0,0,8,62,0,0,179,1,0,0,KUBíčEK Filip singles to left center.,Základní část
197991,4,0,Kryštof LUKAVSKý,Matyáš HASAL,0,0,31,55,0,0,0,0,0,0,Ball 1. KUBíčEK Filip to 2nd on stolen base.,Základní část
197991,4,0,Kryštof LUKAVSKý,Matyáš HASAL,1,0,-18,48,0,0,226,0,0,0,LUKAVSKý Kryštof flies out to center field.  F8. 1 out.,Základní část
197991,4,1,Petr ZýMA,Matyáš HASAL,0,0,34,32,0,0,0,0,0,0,Ball 1. KUBíčEK Filip to 3rd on passed ball.,Základní část
197991,4,1,Petr ZýMA,Matyáš HASAL,1,0,31,17,0,0,0,0,0,0,Ball 2. KUBíčEK Filip scores on passed ball.,Základní část
197991,4,1,Petr ZýMA,Matyáš HASAL,2,0,35,40,0,0,0,0,0,0,Ball 3.,Základní část
197991,4,1,Petr ZýMA,Matyáš HASAL,3,0,34,43,0,0,0,0,1,0,ZýMA Petr walks.,Základní část
197991,4,1,Marek SLABý,Matyáš HASAL,0,0,1,28,0,0,0,0,0,0,Called Strike 1.,Základní část
197991,4,1,Marek SLABý,Matyáš HASAL,0,1,-1,17,0,0,0,0,0,0,Swinging Strike 2.,Základní část
197991,4,1,Marek SLABý,Matyáš HASAL,0,2,-12,32,0,0,0,0,0,0,SLABý Marek strikes out swinging. 2 out.,Základní část
197991,4,2,Michal ANTOň,Matyáš HASAL,0,0,1,14,0,0,113,0,0,0,ANTOň Michal reaches on fielders choice. ZýMA Petr  out at 2nd 4.  3 out.,Základní část
197991,4,0,Koya UEMURA,Matyáš HASAL,0,0,0,0,0,0,0,0,0,0,"End of the 4th<br>1 runs, 1 lob",Základní část
197991,5,0,Koya UEMURA,Matyáš HASAL,0,0,8,52,0,0,244,1,0,0,UEMURA Koya triples down right field line.,Základní část
197991,5,0,Jan MULAč,Matyáš HASAL,0,0,-5,61,0,0,31,1,0,1,MULAč Jan singles to pitcher. UEMURA Koya scores. 1 RBI.,Základní část
197991,5,0,Ryker GALASKA,Matyáš HASAL,0,0,33,66,0,0,0,0,0,0,Ball 1.,Základní část
197991,5,0,Ryker GALASKA,Matyáš HASAL,1,0,35,55,0,0,0,0,0,0,Ball 2.,Základní část
197991,5,0,Ryker GALASKA,Matyáš HASAL,2,0,35,68,0,0,0,0,0,0,Ball 3.,Základní část
197991,5,0,Ryker GALASKA,Matyáš HASAL,3,0,31,68,0,0,0,0,1,0,GALASKA Ryker walks. MULAč Jan to 2nd.,Základní část
197991,5,0,Matouš BUBENíK,Matyáš HASAL,0,0,39,47,0,0,0,0,0,0,Ball 1. MULAč Jan to 3rd on passed ball.,Základní část
197991,5,0,Matouš BUBENíK,Matyáš HASAL,1,0,-19,56,0,0,226,0,0,1,BUBENíK Matouš flies out to center field.  Sacrifice Fly.  SF8. MULAč Jan scores. 1 out. 1 RBI.,Základní část
197991,5,1,Filip KUBíčEK,Matyáš HASAL,0,0,-9,52,0,0,226,0,0,0,KUBíčEK Filip flies out to center field.  F8. 2 out.,Základní část
197991,5,2,Kryštof LUKAVSKý,Matyáš HASAL,0,0,-12,60,0,0,179,1,0,0,LUKAVSKý Kryštof singles to left center. GALASKA Ryker to 2nd.,Základní část
197991,5,2,Petr ZýMA,Matyáš HASAL,0,0,33,25,0,0,0,0,0,0,Ball 1.,Základní část
197991,5,2,Petr ZýMA,Matyáš HASAL,1,0,36,64,0,0,0,0,0,0,Ball 2.,Základní část
197991,5,2,Petr ZýMA,Matyáš HASAL,2,0,36,70,0,0,0,0,0,0,Ball 3.,Základní část
197991,5,2,Petr ZýMA,Matyáš HASAL,3,0,36,57,0,0,0,0,1,0,ZýMA Petr walks. GALASKA Ryker to 3rd. LUKAVSKý Kryštof to 2nd.,Základní část
197991,5,2,Marek SLABý,Matyáš HASAL,0,0,32,4,0,0,0,0,0,0,Ball 1. GALASKA Ryker scores on passed ball. LUKAVSKý Kryštof to 3rd on passed ball. ZýMA Petr to 2nd on passed ball.,Základní část
197991,5,2,Marek SLABý,Matyáš HASAL,1,0,-11,19,0,0,113,0,0,0,SLABý Marek grounds out 6-3. 3 out.,Základní část
197991,5,0,Michal ANTOň,Matyáš HASAL,0,0,0,0,0,0,0,0,0,0,"End of the 5th<br>3 runs, 2 lob",Základní část
197991,6,0,Neznámý,Neznámý,0,0,0,0,0,0,0,0,0,0,Defensive Change: #0 MACHAčKA to C,Základní část
197991,6,0,Michal ANTOň,Matyáš HASAL,0,0,-4,28,0,0,113,0,0,0,ANTOň Michal grounds out 6-3. 1 out.,Základní část
197991,6,1,Koya UEMURA,Matyáš HASAL,0,0,-18,64,0,0,113,0,0,0,UEMURA Koya flies out.  L6. 2 out.,Základní část
197991,6,2,Jan MULAč,Matyáš HASAL,0,0,-19,59,0,0,179,1,0,0,MULAč Jan singles to left center.,Základní část
197991,6,2,Ryker GALASKA,Matyáš HASAL,0,0,9,23,0,0,0,0,0,0,Foul.,Základní část
197991,6,2,Ryker GALASKA,Matyáš HASAL,0,1,14,51,0,0,226,0,0,0,GALASKA Ryker flies out to right field.  F9. 3 out.,Základní část
197991,6,0,Matouš BUBENíK,Matyáš HASAL,0,0,0,0,0,0,0,0,0,0,"End of the 6th<br>0 runs, 1 lob",Základní část
197991,7,0,Matouš BUBENíK,Matyáš HASAL,0,0,0,0,0,0,0,0,0,0,GAME OVER<br>EAG wins 11-1<br>Win: ZAVADIL<br>Loss: ŠPIMR,Základní část
197987,1,0,Michal ANTOň,Natsuki TAMBA,0,0,9,62,0,0,82,1,0,0,ANTOň Michal singles to second base.,Základní část
197987,1,0,Koya UEMURA,Natsuki TAMBA,0,0,36,13,0,0,0,0,0,0,Ball 1.,Základní část
197987,1,0,Koya UEMURA,Natsuki TAMBA,1,0,35,57,0,0,0,0,0,0,Ball 2.,Základní část
197987,1,0,Koya UEMURA,Natsuki TAMBA,2,0,-6,28,0,0,0,0,0,0,Swinging Strike 1.,Základní část
197987,1,0,Koya UEMURA,Natsuki TAMBA,2,1,30,33,0,0,0,0,0,0,Ball 3. ANTOň Michal to 2nd on passed ball.,Základní část
197987,1,0,Koya UEMURA,Natsuki TAMBA,3,1,-9,42,0,0,0,0,0,0,Foul.,Základní část
197987,1,0,Koya UEMURA,Natsuki TAMBA,3,2,-3,50,0,0,251,1,0,1,UEMURA Koya doubles to deep center field. ANTOň Michal scores. 1 RBI.,Základní část
197987,1,0,Jan MULAč,Natsuki TAMBA,0,0,-4,64,0,0,69,1,0,0,MULAč Jan singles to pitcher. Bunt. UEMURA Koya to 3rd.,Základní část
197987,1,0,Ryker GALASKA,Natsuki TAMBA,0,0,38,25,0,0,0,0,0,0,Ball 1.,Základní část
197987,1,0,Ryker GALASKA,Natsuki TAMBA,1,0,35,39,0,0,0,0,0,0,Ball 2.,Základní část
197987,1,0,Ryker GALASKA,Natsuki TAMBA,2,0,-4,61,0,0,0,0,0,0,Foul.,Základní část
197987,1,0,Ryker GALASKA,Natsuki TAMBA,2,1,-9,57,0,0,0,0,0,0,Swinging Strike 2. MULAč Jan to 2nd on stolen base.,Základní část
197987,1,0,Ryker GALASKA,Natsuki TAMBA,2,2,33,20,0,0,0,0,0,0,Ball 3.,Základní část
197987,1,0,Ryker GALASKA,Natsuki TAMBA,3,2,9,53,0,0,0,0,0,0,Foul.,Základní část
197987,1,0,Ryker GALASKA,Natsuki TAMBA,3,2,35,64,0,0,0,0,1,0,GALASKA Ryker walks.,Základní část
197987,1,0,Matouš BUBENíK,Natsuki TAMBA,0,0,39,48,0,0,0,0,0,0,Ball 1.,Základní část
197987,1,0,Matouš BUBENíK,Natsuki TAMBA,1,0,1,43,0,0,0,0,0,0,Foul.,Základní část
197987,1,0,Matouš BUBENíK,Natsuki TAMBA,1,1,38,34,0,0,0,0,0,0,Ball 2.,Základní část
197987,1,0,Matouš BUBENíK,Natsuki TAMBA,2,1,-18,36,0,0,0,0,0,0,Foul.,Základní část
197987,1,0,Matouš BUBENíK,Natsuki TAMBA,2,2,0,33,0,0,0,0,0,0,BUBENíK Matouš strikes out swinging. 1 out.,Základní část
197987,1,1,Filip KUBíčEK,Natsuki TAMBA,0,0,-12,34,0,0,0,0,0,0,Called Strike 1.,Základní část
197987,1,1,Filip KUBíčEK,Natsuki TAMBA,0,1,31,55,0,0,0,0,0,0,Ball 1.,Základní část
197987,1,1,Filip KUBíčEK,Natsuki TAMBA,1,1,3,39,0,0,0,0,0,0,Foul.,Základní část
197987,1,1,Filip KUBíčEK,Natsuki TAMBA,1,2,32,61,0,0,0,0,0,0,Ball 2.,Základní část
197987,1,1,Filip KUBíčEK,Natsuki TAMBA,2,2,-20,51,0,0,0,0,0,0,Foul.,Základní část
197987,1,1,Filip KUBíčEK,Natsuki TAMBA,2,2,31,32,0,0,0,0,0,0,Ball 3.,Základní část
197987,1,1,Filip KUBíčEK,Natsuki TAMBA,3,2,-18,43,0,0,0,0,0,0,Foul.,Základní část
197987,1,1,Filip KUBíčEK,Natsuki TAMBA,3,2,-1,10,0,0,66,0,0,1,KUBíčEK Filip reaches on fielders choice. UEMURA Koya scores. MULAč Jan  out at 3rd 5.  GALASKA Ryker to 2nd. 2 out. 1 RBI.,Základní část
197987,1,2,Kryštof LUKAVSKý,Natsuki TAMBA,0,0,37,4,0,0,0,0,0,0,Ball 1.,Základní část
197987,1,2,Kryštof LUKAVSKý,Natsuki TAMBA,1,0,13,18,0,0,85,0,0,0,LUKAVSKý Kryštof reaches on fielders choice. KUBíčEK Filip  out at 2nd 4.  3 out.,Základní část
197987,1,0,Petr ZýMA,Natsuki TAMBA,0,0,0,0,0,0,0,0,0,0,"End of the 1st<br>2 runs, 2 lob",Základní část
197987,2,0,Petr ZýMA,Natsuki TAMBA,0,0,37,34,0,0,0,0,0,0,Ball 1.,Základní část
197987,2,0,Petr ZýMA,Natsuki TAMBA,1,0,-12,47,0,0,31,0,0,0,ZýMA Petr flies out foul.  FF5. 1 out.,Základní část
197987,2,1,Marek SLABý,Natsuki TAMBA,0,0,31,38,0,0,0,0,0,0,Ball 1.,Základní část
197987,2,1,Marek SLABý,Natsuki TAMBA,1,0,-10,22,0,0,0,0,0,0,Foul.,Základní část
197987,2,1,Marek SLABý,Natsuki TAMBA,1,1,31,9,0,0,0,0,0,0,Ball 2.,Základní část
197987,2,1,Marek SLABý,Natsuki TAMBA,2,1,-6,39,0,0,0,0,0,0,Swinging Strike 2.,Základní část
197987,2,1,Marek SLABý,Natsuki TAMBA,2,2,35,30,0,0,0,0,0,0,Ball 3.,Základní část
197987,2,1,Marek SLABý,Natsuki TAMBA,3,2,3,27,0,0,94,0,0,0,SLABý Marek grounds out 3-1. 2 out.,Základní část
197987,2,2,Michal ANTOň,Natsuki TAMBA,0,0,19,50,0,0,0,0,0,0,Called Strike 1.,Základní část
197987,2,2,Michal ANTOň,Natsuki TAMBA,0,1,-20,38,0,0,0,0,0,0,Foul.,Základní část
197987,2,2,Michal ANTOň,Natsuki TAMBA,0,2,33,32,0,0,0,0,0,0,Ball 1.,Základní část
197987,2,2,Michal ANTOň,Natsuki TAMBA,1,2,-14,59,0,0,0,0,0,0,ANTOň Michal strikes out swinging. 3 out.,Základní část
197987,2,0,Koya UEMURA,Natsuki TAMBA,0,0,0,0,0,0,0,0,0,0,"End of the 2nd<br>0 runs, 0 lob",Základní část
197987,3,0,Koya UEMURA,Natsuki TAMBA,0,0,-18,40,0,0,0,0,0,0,Called Strike 1.,Základní část
197987,3,0,Koya UEMURA,Natsuki TAMBA,0,1,-17,37,0,0,0,0,0,0,Swinging Strike 2.,Základní část
197987,3,0,Koya UEMURA,Natsuki TAMBA,0,2,31,16,0,0,0,0,0,0,Ball 1.,Základní část
197987,3,0,Koya UEMURA,Natsuki TAMBA,1,2,-15,45,0,0,198,0,0,0,UEMURA Koya reaches on fielding error. E7. UEMURA Koya to 2nd.,Základní část
197987,3,0,Jan MULAč,Natsuki TAMBA,0,0,31,29,0,0,0,0,0,0,Ball 1.,Základní část
197987,3,0,Jan MULAč,Natsuki TAMBA,1,0,-9,32,0,0,0,0,0,0,Foul.,Základní část
197987,3,0,Jan MULAč,Natsuki TAMBA,1,1,17,25,0,0,194,1,0,0,MULAč Jan singles up the middle. UEMURA Koya to 3rd.,Základní část
197987,3,0,Ryker GALASKA,Natsuki TAMBA,0,0,-10,37,0,0,0,0,0,0,Swinging Strike 1.,Základní část
197987,3,0,Ryker GALASKA,Natsuki TAMBA,0,1,8,45,0,0,224,1,0,1,GALASKA Ryker singles down right field line. UEMURA Koya scores. MULAč Jan to 3rd. MULAč Jan  out at home 92.  GALASKA Ryker to 2nd. 1 out. 1 RBI.,Základní část
197987,3,1,Matouš BUBENíK,Natsuki TAMBA,0,0,15,45,0,0,226,0,0,0,BUBENíK Matouš flies out to right field.  F9. GALASKA Ryker  out at 3rd 95.  Double Play. 3 out.,Základní část
197987,3,0,Filip KUBíčEK,Natsuki TAMBA,0,0,0,0,0,0,0,0,0,0,"End of the 3rd<br>1 runs, 0 lob",Základní část
197987,4,0,Neznámý,Neznámý,0,0,0,0,0,0,0,0,0,0,Defensive Change: #34 HASAL to LF,Základní část
197987,4,0,Filip KUBíčEK,Natsuki TAMBA,0,0,-7,50,0,0,0,0,0,0,Called Strike 1.,Základní část
197987,4,0,Filip KUBíčEK,Natsuki TAMBA,0,1,-7,48,0,0,0,0,0,0,Called Strike 2.,Základní část
197987,4,0,Filip KUBíčEK,Natsuki TAMBA,0,2,36,47,0,0,0,0,0,0,Ball 1.,Základní část
197987,4,0,Filip KUBíčEK,Natsuki TAMBA,1,2,38,66,0,0,0,0,0,0,Ball 2.,Základní část
197987,4,0,Filip KUBíčEK,Natsuki TAMBA,2,2,34,53,0,0,0,0,0,0,Ball 3.,Základní část
197987,4,0,Filip KUBíčEK,Natsuki TAMBA,3,2,37,22,0,0,0,0,1,0,KUBíčEK Filip walks.,Základní část
197987,4,0,Kryštof LUKAVSKý,Natsuki TAMBA,0,0,12,21,0,0,0,0,0,0,Foul.,Základní část
197987,4,0,Kryštof LUKAVSKý,Natsuki TAMBA,0,1,-20,49,0,0,0,0,0,0,Called Strike 2.,Základní část
197987,4,0,Kryštof LUKAVSKý,Natsuki TAMBA,0,2,-6,38,0,0,0,0,0,0,Foul.,Základní část
197987,4,0,Kryštof LUKAVSKý,Natsuki TAMBA,0,2,12,59,0,0,200,0,0,0,LUKAVSKý Kryštof flies out to center field.  F8. 1 out.,Základní část
197987,4,1,Petr ZýMA,Natsuki TAMBA,0,0,0,40,0,0,0,0,0,0,Swinging Strike 1.,Základní část
197987,4,1,Petr ZýMA,Natsuki TAMBA,0,1,0,0,0,0,0,0,0,0,Pickoff Attempt at 1st,Základní část
197987,4,1,Petr ZýMA,Natsuki TAMBA,0,1,38,31,0,0,0,0,0,0,Ball 1.,Základní část
197987,4,1,Petr ZýMA,Natsuki TAMBA,1,1,-11,37,0,0,0,0,0,0,Swinging Strike 2.,Základní část
197987,4,1,Petr ZýMA,Natsuki TAMBA,1,2,39,50,0,0,0,0,0,0,Ball 2.,Základní část
197987,4,1,Petr ZýMA,Natsuki TAMBA,2,2,30,70,0,0,0,0,0,0,Ball 3.,Základní část
197987,4,1,Petr ZýMA,Natsuki TAMBA,3,2,11,20,0,0,0,0,0,0,Foul.,Základní část
197987,4,1,Petr ZýMA,Natsuki TAMBA,3,2,13,27,0,0,0,0,0,0,Foul.,Základní část
197987,4,1,Petr ZýMA,Natsuki TAMBA,3,2,0,0,0,0,0,0,0,0,Pickoff Attempt at 1st,Základní část
197987,4,1,Petr ZýMA,Natsuki TAMBA,3,2,-13,29,0,0,115,0,0,0,ZýMA Petr grounds out 6-3. KUBíčEK Filip to 2nd. 2 out.,Základní část
197987,4,2,Marek SLABý,Natsuki TAMBA,0,0,-13,27,0,0,0,0,0,0,Called Strike 1.,Základní část
197987,4,2,Marek SLABý,Natsuki TAMBA,0,1,37,54,0,0,0,0,0,0,Ball 1.,Základní část
197987,4,2,Marek SLABý,Natsuki TAMBA,1,1,12,60,0,0,0,0,0,0,Swinging Strike 2.,Základní část
197987,4,2,Marek SLABý,Natsuki TAMBA,1,2,34,60,0,0,0,0,0,0,Ball 2.,Základní část
197987,4,2,Marek SLABý,Natsuki TAMBA,2,2,-9,40,0,0,0,0,0,0,SLABý Marek strikes out swinging. 3 out.,Základní část
197987,4,0,Michal ANTOň,Natsuki TAMBA,0,0,0,0,0,0,0,0,0,0,"End of the 4th<br>0 runs, 1 lob",Základní část
197987,5,0,Michal ANTOň,Natsuki TAMBA,0,0,1,22,0,0,0,0,0,0,Called Strike 1.,Základní část
197987,5,0,Michal ANTOň,Natsuki TAMBA,0,1,2,60,0,0,226,0,0,0,ANTOň Michal flies out to right field.  F9. 1 out.,Základní část
197987,5,1,Koya UEMURA,Natsuki TAMBA,0,0,-14,39,0,0,0,0,0,0,Called Strike 1.,Základní část
197987,5,1,Koya UEMURA,Natsuki TAMBA,0,1,34,33,0,0,0,0,0,0,Ball 1.,Základní část
197987,5,1,Koya UEMURA,Natsuki TAMBA,1,1,32,37,0,0,0,0,0,0,Ball 2.,Základní část
197987,5,1,Koya UEMURA,Natsuki TAMBA,2,1,38,11,0,0,0,0,0,0,Ball 3.,Základní část
197987,5,1,Koya UEMURA,Natsuki TAMBA,3,1,-11,47,0,0,237,1,0,0,UEMURA Koya singles to left center.,Základní část
197987,5,1,Jan MULAč,Natsuki TAMBA,0,0,-12,26,0,0,0,0,0,0,Called Strike 1.,Základní část
197987,5,1,Jan MULAč,Natsuki TAMBA,0,1,-6,21,0,0,0,0,0,0,Foul.,Základní část
197987,5,1,Jan MULAč,Natsuki TAMBA,0,2,38,39,0,0,0,0,0,0,Ball 1.,Základní část
197987,5,1,Jan MULAč,Natsuki TAMBA,1,2,-3,24,0,0,94,0,0,0,MULAč Jan hits into a double play.  GDP 543. UEMURA Koya  out at 2nd 54.  3 out.,Základní část
197987,5,0,Ryker GALASKA,Natsuki TAMBA,0,0,0,0,0,0,0,0,0,0,"End of the 5th<br>0 runs, 0 lob",Základní část
197987,6,0,Ryker GALASKA,Natsuki TAMBA,0,0,30,10,0,0,0,0,0,0,Ball 1.,Základní část
197987,6,0,Ryker GALASKA,Natsuki TAMBA,1,0,5,54,0,0,292,1,0,1,GALASKA Ryker homers to deep right field. 1 RBI.,Základní část
197987,6,0,Matouš BUBENíK,Natsuki TAMBA,0,0,13,33,0,0,0,0,0,0,Called Strike 1.,Základní část
197987,6,0,Matouš BUBENíK,Natsuki TAMBA,0,1,39,15,0,0,0,0,0,0,Ball 1.,Základní část
197987,6,0,Matouš BUBENíK,Natsuki TAMBA,1,1,-4,11,0,0,105,0,0,0,BUBENíK Matouš grounds out 6-3. 1 out.,Základní část
197987,6,1,Filip KUBíčEK,Natsuki TAMBA,0,0,18,17,0,0,0,0,0,0,Foul.,Základní část
197987,6,1,Filip KUBíčEK,Natsuki TAMBA,0,1,-19,51,0,0,0,0,0,0,Foul.,Základní část
197987,6,1,Filip KUBíčEK,Natsuki TAMBA,0,2,31,38,0,0,0,0,0,0,Ball 1.,Základní část
197987,6,1,Filip KUBíčEK,Natsuki TAMBA,1,2,-2,49,0,0,221,1,0,0,KUBíčEK Filip doubles down left field line.,Základní část
197987,6,1,Kryštof LUKAVSKý,Natsuki TAMBA,0,0,9,59,0,0,226,0,0,0,LUKAVSKý Kryštof flies out to right center.  F8. 2 out.,Základní část
197987,6,2,Petr ZýMA,Natsuki TAMBA,0,0,39,13,0,0,0,0,0,0,Ball 1.,Základní část
197987,6,2,Petr ZýMA,Natsuki TAMBA,1,0,32,11,0,0,0,0,0,0,Ball 2.,Základní část
197987,6,2,Petr ZýMA,Natsuki TAMBA,2,0,0,0,0,0,0,0,0,0,Catcher Pickoff Attempt at 2nd,Základní část
197987,6,2,Petr ZýMA,Natsuki TAMBA,2,0,0,0,0,0,0,0,0,0,KUBíčEK Filip  out at 3rd 4565.  3 out.,Základní část
197987,6,0,Petr ZýMA,Natsuki TAMBA,0,0,0,0,0,0,0,0,0,0,"End of the 6th<br>1 runs, 0 lob",Základní část
197987,7,0,Petr ZýMA,Natsuki TAMBA,0,0,5,47,0,0,226,0,0,0,ZýMA Petr flies out to right field.  F9. 1 out.,Základní část
197987,7,1,Marek SLABý,Natsuki TAMBA,0,0,31,53,0,0,0,0,0,0,Ball 1.,Základní část
197987,7,1,Marek SLABý,Natsuki TAMBA,1,0,8,47,0,0,0,0,0,0,Called Strike 1.,Základní část
197987,7,1,Marek SLABý,Natsuki TAMBA,1,1,15,41,0,0,0,0,0,0,Foul.,Základní část
197987,7,1,Marek SLABý,Natsuki TAMBA,1,2,-20,56,0,0,235,1,0,0,SLABý Marek doubles to left field.,Základní část
197987,7,1,Michal ANTOň,Natsuki TAMBA,0,0,39,33,0,0,0,0,0,0,Ball 1.,Základní část
197987,7,1,Michal ANTOň,Natsuki TAMBA,1,0,-11,42,0,0,0,0,0,0,Called Strike 1.,Základní část
197987,7,1,Michal ANTOň,Natsuki TAMBA,1,1,-4,50,0,0,0,0,0,0,Called Strike 2.,Základní část
197987,7,1,Michal ANTOň,Natsuki TAMBA,1,2,32,2,0,0,0,0,0,0,Ball 2.,Základní část
197987,7,1,Michal ANTOň,Natsuki TAMBA,2,2,16,58,0,0,0,0,0,0,Foul.,Základní část
197987,7,1,Michal ANTOň,Natsuki TAMBA,2,2,32,23,0,0,0,0,0,0,Ball 3.,Základní část
197987,7,1,Michal ANTOň,Natsuki TAMBA,3,2,-13,38,0,0,0,0,0,0,Foul.,Základní část
197987,7,1,Michal ANTOň,Natsuki TAMBA,3,2,9,22,0,0,0,0,0,0,ANTOň Michal strikes out looking. 2 out.,Základní část
197987,7,0,Neznámý,Neznámý,0,0,0,0,0,0,0,0,0,0,Pitching Change: #5 CURRIE for #40 TAMBA,Základní část
197987,7,2,Koya UEMURA,Benjamin CURRIE,0,0,7,58,0,0,0,0,0,0,Called Strike 1.,Základní část
197987,7,2,Koya UEMURA,Benjamin CURRIE,0,1,36,36,0,0,0,0,0,0,Ball 1.,Základní část
197987,7,2,Koya UEMURA,Benjamin CURRIE,1,1,-16,51,0,0,77,0,0,0,UEMURA Koya flies out.  L5. 3 out.,Základní část
197987,7,0,Jan MULAč,Benjamin CURRIE,0,0,0,0,0,0,0,0,0,0,"End of the 7th<br>0 runs, 1 lob",Základní část
197987,8,0,Jan MULAč,Benjamin CURRIE,0,0,33,45,0,0,0,0,0,0,Ball 1.,Základní část
197987,8,0,Jan MULAč,Benjamin CURRIE,1,0,-19,47,0,0,224,1,0,0,MULAč Jan singles to center field.,Základní část
197987,8,0,Ryker GALASKA,Benjamin CURRIE,0,0,34,9,0,0,0,0,0,0,Ball 1.,Základní část
197987,8,0,Ryker GALASKA,Benjamin CURRIE,1,0,0,0,0,0,0,0,0,0,Pickoff Attempt at 1st,Základní část
197987,8,0,Ryker GALASKA,Benjamin CURRIE,1,0,35,33,0,0,0,0,0,0,Ball 2.,Základní část
197987,8,0,Ryker GALASKA,Benjamin CURRIE,2,0,30,16,0,0,0,0,0,0,Ball 3.,Základní část
197987,8,0,Ryker GALASKA,Benjamin CURRIE,3,0,2,19,0,0,0,0,0,0,Called Strike 1.,Základní část
197987,8,0,Ryker GALASKA,Benjamin CURRIE,3,1,0,0,0,0,0,0,0,0,Pickoff Attempt at 1st,Základní část
197987,8,0,Ryker GALASKA,Benjamin CURRIE,3,1,-14,42,0,0,0,0,0,0,Foul.,Základní část
197987,8,0,Ryker GALASKA,Benjamin CURRIE,3,2,-11,35,0,0,0,0,0,0,Foul.,Základní část
197987,8,0,Ryker GALASKA,Benjamin CURRIE,3,2,39,35,0,0,0,0,1,0,GALASKA Ryker walks. MULAč Jan to 2nd.,Základní část
197987,8,0,Matouš BUBENíK,Benjamin CURRIE,0,0,12,29,0,0,76,0,0,0,BUBENíK Matouš grounds out 4-3. MULAč Jan to 3rd. GALASKA Ryker to 2nd. 1 out.,Základní část
197987,8,1,Filip KUBíčEK,Benjamin CURRIE,0,0,-12,44,0,0,0,0,0,0,Called Strike 1.,Základní část
197987,8,1,Filip KUBíčEK,Benjamin CURRIE,0,1,33,13,0,0,0,0,0,0,Ball 1. MULAč Jan scores on passed ball. GALASKA Ryker to 3rd on passed ball.,Základní část
197987,8,1,Filip KUBíčEK,Benjamin CURRIE,1,1,39,1,0,0,0,0,0,0,Ball 2.,Základní část
197987,8,1,Filip KUBíčEK,Benjamin CURRIE,2,1,8,60,0,0,255,1,0,1,KUBíčEK Filip doubles to deep center field. GALASKA Ryker scores. 1 RBI.,Základní část
197987,8,1,Kryštof LUKAVSKý,Benjamin CURRIE,0,0,9,41,0,0,0,0,0,0,Foul.,Základní část
197987,8,1,Kryštof LUKAVSKý,Benjamin CURRIE,0,1,17,45,0,0,0,0,0,0,Swinging Strike 2.,Základní část
197987,8,1,Kryštof LUKAVSKý,Benjamin CURRIE,0,2,38,48,0,0,0,0,0,0,Ball 1.,Základní část
197987,8,1,Kryštof LUKAVSKý,Benjamin CURRIE,1,2,17,64,0,0,226,0,0,0,LUKAVSKý Kryštof flies out to center field.  F8. 2 out.,Základní část
197987,8,2,Petr ZýMA,Benjamin CURRIE,0,0,37,3,0,0,0,0,0,0,Ball 1.,Základní část
197987,8,2,Petr ZýMA,Benjamin CURRIE,1,0,-12,25,0,0,0,0,0,0,Foul.,Základní část
197987,8,2,Petr ZýMA,Benjamin CURRIE,1,1,-19,29,0,0,60,0,0,0,ZýMA Petr grounds out 5-3. 3 out.,Základní část
197987,8,0,Marek SLABý,Benjamin CURRIE,0,0,0,0,0,0,0,0,0,0,"End of the 8th<br>2 runs, 1 lob",Základní část
197995,1,0,Michal ANTOň,Kryštof DUPAL,0,0,0,0,0,0,0,0,0,0,Play Ball,Základní část
197995,1,0,Michal ANTOň,Kryštof DUPAL,0,0,5,48,0,0,0,0,0,0,Called Strike 1.,Základní část
197995,1,0,Michal ANTOň,Kryštof DUPAL,0,1,-13,50,0,0,0,0,0,0,Called Strike 2.,Základní část
197995,1,0,Michal ANTOň,Kryštof DUPAL,0,2,31,7,0,0,0,0,0,0,Ball 1.,Základní část
197995,1,0,Michal ANTOň,Kryštof DUPAL,1,2,18,14,0,0,0,0,0,0,Foul.,Základní část
197995,1,0,Michal ANTOň,Kryštof DUPAL,1,2,11,52,0,0,181,0,0,0,ANTOň Michal flies out to right field.  F9. 1 out.,Základní část
197995,1,1,Jan MULAč,Kryštof DUPAL,0,0,-9,47,0,0,226,0,0,0,MULAč Jan flies out to left center.  L8. 2 out.,Základní část
197995,1,2,Filip KUBíčEK,Kryštof DUPAL,0,0,39,63,0,0,0,0,0,0,Ball 1.,Základní část
197995,1,2,Filip KUBíčEK,Kryštof DUPAL,1,0,-2,59,0,0,186,0,0,0,KUBíčEK Filip flies out to center field.  F9. 3 out.,Základní část
197995,1,0,Ryker GALASKA,Kryštof DUPAL,0,0,0,0,0,0,0,0,0,0,"Middle of the 1st<br>0 runs, 0 lob",Základní část
197995,2,0,Ryker GALASKA,Kryštof DUPAL,0,0,-14,14,0,0,0,0,0,0,Called Strike 1.,Základní část
197995,2,0,Ryker GALASKA,Kryštof DUPAL,0,1,37,57,0,0,0,0,0,0,Ball 1.,Základní část
197995,2,0,Ryker GALASKA,Kryštof DUPAL,1,1,9,56,0,0,98,0,0,0,GALASKA Ryker flies out.  L3. 1 out.,Základní část
197995,2,1,Matouš BUBENíK,Kryštof DUPAL,0,0,32,28,0,0,0,0,0,0,Ball 1.,Základní část
197995,2,1,Matouš BUBENíK,Kryštof DUPAL,1,0,-3,55,0,0,238,0,0,0,BUBENíK Matouš flies out to left center.  F8. 2 out.,Základní část
197995,2,2,Petr ZýMA,Kryštof DUPAL,0,0,38,49,0,0,0,0,0,0,Ball 1.,Základní část
197995,2,2,Petr ZýMA,Kryštof DUPAL,1,0,7,51,0,0,0,0,0,0,Foul.,Základní část
197995,2,2,Petr ZýMA,Kryštof DUPAL,1,1,34,66,0,0,0,0,0,0,Ball 2.,Základní část
197995,2,2,Petr ZýMA,Kryštof DUPAL,2,1,-20,54,0,0,156,1,0,0,ZýMA Petr singles to center field.,Základní část
197995,2,2,Marek SLABý,Kryštof DUPAL,0,0,-18,43,0,0,0,0,0,0,Called Strike 1.,Základní část
197995,2,2,Marek SLABý,Kryštof DUPAL,0,1,-20,56,0,0,0,0,0,0,Called Strike 2.,Základní část
197995,2,2,Marek SLABý,Kryštof DUPAL,0,2,38,5,0,0,0,0,0,0,Ball 1.,Základní část
197995,2,2,Marek SLABý,Kryštof DUPAL,1,2,6,60,0,0,248,0,0,0,SLABý Marek flies out to right center.  F8. 3 out.,Základní část
197995,2,0,Aleš PRANDžEV,Kryštof DUPAL,0,0,0,0,0,0,0,0,0,0,"Middle of the 2nd<br>0 runs, 1 lob",Základní část
197995,3,0,Aleš PRANDžEV,Kryštof DUPAL,0,0,36,21,0,0,0,0,0,0,Ball 1.,Základní část
197995,3,0,Aleš PRANDžEV,Kryštof DUPAL,1,0,17,44,0,0,0,0,0,0,Foul.,Základní část
197995,3,0,Aleš PRANDžEV,Kryštof DUPAL,1,1,31,43,0,0,0,0,0,0,Ball 2.,Základní část
197995,3,0,Aleš PRANDžEV,Kryštof DUPAL,2,1,31,58,0,0,0,0,0,0,Ball 3.,Základní část
197995,3,0,Aleš PRANDžEV,Kryštof DUPAL,3,1,-11,14,0,0,0,0,0,0,Called Strike 2.,Základní část
197995,3,0,Aleš PRANDžEV,Kryštof DUPAL,3,2,-18,23,0,0,0,0,0,0,Foul.,Základní část
197995,3,0,Aleš PRANDžEV,Kryštof DUPAL,3,2,9,18,0,0,101,0,0,0,PRANDžEV Aleš reaches on fielding error. E6.,Základní část
197995,3,0,Matyáš SMOLA,Kryštof DUPAL,0,0,3,56,0,0,28,0,0,0,SMOLA Matyáš out on sacrifice hit 13. Bunt. PRANDžEV Aleš to 2nd. 1 out.,Základní část
197995,3,1,Michal ANTOň,Kryštof DUPAL,0,0,30,5,0,0,0,0,0,0,Ball 1.,Základní část
197995,3,1,Michal ANTOň,Kryštof DUPAL,1,0,-12,29,0,0,0,0,0,0,Called Strike 1.,Základní část
197995,3,1,Michal ANTOň,Kryštof DUPAL,1,1,-5,51,0,0,0,0,0,0,Foul.,Základní část
197995,3,1,Michal ANTOň,Kryštof DUPAL,1,2,33,28,0,0,0,0,0,0,Ball 2.,Základní část
197995,3,1,Michal ANTOň,Kryštof DUPAL,2,2,13,47,0,0,219,0,0,0,ANTOň Michal flies out to right field.  F9. PRANDžEV Aleš to 3rd. 2 out.,Základní část
197995,3,2,Jan MULAč,Kryštof DUPAL,0,0,-15,50,0,0,0,0,0,0,Called Strike 1.,Základní část
197995,3,2,Jan MULAč,Kryštof DUPAL,0,1,33,32,0,0,0,0,0,0,Ball 1.,Základní část
197995,3,2,Jan MULAč,Kryštof DUPAL,1,1,35,8,0,0,0,0,0,0,Ball 2.,Základní část
197995,3,2,Jan MULAč,Kryštof DUPAL,2,1,11,45,0,0,226,0,0,0,MULAč Jan flies out to right field.  F9. 3 out.,Základní část
197995,3,0,Filip KUBíčEK,Kryštof DUPAL,0,0,0,0,0,0,0,0,0,0,"Middle of the 3rd<br>0 runs, 1 lob",Základní část
197995,4,0,Filip KUBíčEK,Kryštof DUPAL,0,0,30,63,0,0,0,0,0,0,Ball 1.,Základní část
197995,4,0,Filip KUBíčEK,Kryštof DUPAL,1,0,-1,56,0,0,0,0,0,0,Called Strike 1.,Základní část
197995,4,0,Filip KUBíčEK,Kryštof DUPAL,1,1,36,14,0,0,0,0,0,0,Ball 2.,Základní část
197995,4,0,Filip KUBíčEK,Kryštof DUPAL,2,1,39,50,0,0,0,0,0,0,Ball 3.,Základní část
197995,4,0,Filip KUBíčEK,Kryštof DUPAL,3,1,-3,59,0,0,0,0,0,0,Called Strike 2.,Základní část
197995,4,0,Filip KUBíčEK,Kryštof DUPAL,3,2,-12,26,0,0,0,0,0,0,Foul.,Základní část
197995,4,0,Filip KUBíčEK,Kryštof DUPAL,3,2,-9,64,0,0,220,0,0,0,KUBíčEK Filip flies out to center field.  L8. 1 out.,Základní část
197995,4,1,Ryker GALASKA,Kryštof DUPAL,0,0,38,41,0,0,0,0,0,0,Ball 1.,Základní část
197995,4,1,Ryker GALASKA,Kryštof DUPAL,1,0,37,67,0,0,0,0,0,0,Ball 2.,Základní část
197995,4,1,Ryker GALASKA,Kryštof DUPAL,2,0,5,50,0,0,227,1,0,0,GALASKA Ryker singles to right center.,Základní část
197995,4,1,Matouš BUBENíK,Kryštof DUPAL,0,0,-5,25,0,0,0,0,0,0,Called Strike 1.,Základní část
197995,4,1,Matouš BUBENíK,Kryštof DUPAL,0,1,0,0,0,0,0,0,0,0,Pickoff Attempt at 1st,Základní část
197995,4,1,Matouš BUBENíK,Kryštof DUPAL,0,1,39,70,0,0,0,0,0,0,Ball 1.,Základní část
197995,4,1,Matouš BUBENíK,Kryštof DUPAL,1,1,30,27,0,0,0,0,0,0,Ball 2.,Základní část
197995,4,1,Matouš BUBENíK,Kryštof DUPAL,2,1,30,31,0,0,0,0,0,0,Ball 3.,Základní část
197995,4,1,Matouš BUBENíK,Kryštof DUPAL,3,1,14,56,0,0,257,1,0,1,BUBENíK Matouš doubles to deep right field. GALASKA Ryker scores. 1 RBI.,Základní část
197995,4,1,Petr ZýMA,Kryštof DUPAL,0,0,38,48,0,0,0,0,0,0,Ball 1.,Základní část
197995,4,1,Petr ZýMA,Kryštof DUPAL,1,0,-2,28,0,0,0,0,0,0,Called Strike 1.,Základní část
197995,4,1,Petr ZýMA,Kryštof DUPAL,1,1,10,42,0,0,0,0,0,0,Foul.,Základní část
197995,4,1,Petr ZýMA,Kryštof DUPAL,1,2,31,19,0,0,0,0,0,0,Ball 2.,Základní část
197995,4,1,Petr ZýMA,Kryštof DUPAL,2,2,17,22,0,0,94,0,0,0,ZýMA Petr grounds out 6-3. BUBENíK Matouš to 3rd. 2 out.,Základní část
197995,4,2,Marek SLABý,Kryštof DUPAL,0,0,4,30,0,0,0,0,0,0,Called Strike 1.,Základní část
197995,4,2,Marek SLABý,Kryštof DUPAL,0,1,39,19,0,0,0,0,0,0,Ball 1.,Základní část
197995,4,2,Marek SLABý,Kryštof DUPAL,1,1,39,12,0,0,0,0,0,0,Ball 2.,Základní část
197995,4,2,Marek SLABý,Kryštof DUPAL,2,1,35,52,0,0,0,0,0,0,Ball 3.,Základní část
197995,4,2,Marek SLABý,Kryštof DUPAL,3,1,35,20,0,0,0,0,1,0,SLABý Marek walks.,Základní část
197995,4,2,Aleš PRANDžEV,Kryštof DUPAL,0,0,-13,47,0,0,163,1,0,1,PRANDžEV Aleš singles to left field. BUBENíK Matouš scores. SLABý Marek to 2nd. 1 RBI.,Základní část
197995,4,2,Matyáš SMOLA,Kryštof DUPAL,0,0,1,62,0,0,199,1,0,1,SMOLA Matyáš singles to center field. SLABý Marek scores. PRANDžEV Aleš to 2nd. 1 RBI.,Základní část
197995,4,2,Michal ANTOň,Kryštof DUPAL,0,0,-11,27,0,0,0,0,0,0,Called Strike 1.,Základní část
197995,4,2,Michal ANTOň,Kryštof DUPAL,0,1,-20,41,0,0,0,0,0,0,Called Strike 2.,Základní část
197995,4,2,Michal ANTOň,Kryštof DUPAL,0,2,34,70,0,0,0,0,0,0,Ball 1.,Základní část
197995,4,2,Michal ANTOň,Kryštof DUPAL,1,2,9,48,0,0,192,1,0,1,ANTOň Michal doubles down right field line. PRANDžEV Aleš scores. SMOLA Matyáš to 3rd. 1 RBI.,Základní část
197995,4,0,Neznámý,Neznámý,0,0,0,0,0,0,0,0,0,0,Pitching Change: #0 KAVAN for #0 DUPAL,Základní část
197995,4,2,Jan MULAč,Kryštof KAVAN,0,0,33,52,0,0,0,0,0,0,Ball 1.,Základní část
197995,4,2,Jan MULAč,Kryštof KAVAN,1,0,-16,12,0,0,113,0,0,0,MULAč Jan reaches on fielding error. E6. SMOLA Matyáš scores. ANTOň Michal to 3rd.,Základní část
197995,4,2,Filip KUBíčEK,Kryštof KAVAN,0,0,31,49,0,0,0,0,0,0,Ball 1.,Základní část
197995,4,2,Filip KUBíčEK,Kryštof KAVAN,1,0,11,50,0,0,256,0,0,0,KUBíčEK Filip flies out to deep right center.  F8. 3 out.,Základní část
197995,4,0,Ryker GALASKA,Kryštof KAVAN,0,0,0,0,0,0,0,0,0,0,"Middle of the 4th<br>5 runs, 2 lob",Základní část
197995,5,0,Ryker GALASKA,Kryštof KAVAN,0,0,32,39,0,0,0,0,0,0,Ball 1.,Základní část
197995,5,0,Ryker GALASKA,Kryštof KAVAN,1,0,33,10,0,0,0,0,0,0,Ball 2.,Základní část
197995,5,0,Ryker GALASKA,Kryštof KAVAN,2,0,18,56,0,0,0,0,0,0,Called Strike 1.,Základní část
197995,5,0,Ryker GALASKA,Kryštof KAVAN,2,1,6,20,0,0,0,0,0,0,Foul.,Základní část
197995,5,0,Ryker GALASKA,Kryštof KAVAN,2,2,32,17,0,0,0,0,0,0,Ball 3.,Základní část
197995,5,0,Ryker GALASKA,Kryštof KAVAN,3,2,3,50,0,0,0,0,0,0,Foul.,Základní část
197995,5,0,Ryker GALASKA,Kryštof KAVAN,3,2,5,16,0,0,0,0,0,0,GALASKA Ryker strikes out swinging. 1 out.,Základní část
197995,5,1,Matouš BUBENíK,Kryštof KAVAN,0,0,-12,48,0,0,0,0,0,0,Foul.,Základní část
197995,5,1,Matouš BUBENíK,Kryštof KAVAN,0,1,10,59,0,0,132,0,0,0,BUBENíK Matouš flies out foul.  FP3. 2 out.,Základní část
197995,5,2,Petr ZýMA,Kryštof KAVAN,0,0,9,28,0,0,0,0,0,0,Called Strike 1.,Základní část
197995,5,2,Petr ZýMA,Kryštof KAVAN,0,1,31,30,0,0,0,0,0,0,Ball 1.,Základní část
197995,5,2,Petr ZýMA,Kryštof KAVAN,1,1,-12,21,0,0,69,1,0,0,ZýMA Petr singles to pitcher.,Základní část
197995,5,2,Marek SLABý,Kryštof KAVAN,0,0,31,11,0,0,0,0,0,0,Ball 1.,Základní část
197995,5,2,Marek SLABý,Kryštof KAVAN,1,0,13,15,0,0,100,0,0,0,SLABý Marek grounds out 4-1. 3 out.,Základní část
197995,5,0,Aleš PRANDžEV,Kryštof KAVAN,0,0,0,0,0,0,0,0,0,0,"Middle of the 5th<br>0 runs, 1 lob",Základní část
197995,6,0,Aleš PRANDžEV,Kryštof KAVAN,0,0,0,41,0,0,0,0,0,0,Called Strike 1.,Základní část
197995,6,0,Aleš PRANDžEV,Kryštof KAVAN,0,1,34,61,0,0,0,0,0,0,Ball 1.,Základní část
197995,6,0,Aleš PRANDžEV,Kryštof KAVAN,1,1,-12,54,0,0,0,0,0,0,Foul.,Základní část
197995,6,0,Aleš PRANDžEV,Kryštof KAVAN,1,2,18,55,0,0,153,1,0,0,PRANDžEV Aleš singles to right field.,Základní část
197995,6,0,Matyáš SMOLA,Kryštof KAVAN,0,0,35,60,0,0,0,0,0,0,Ball 1.,Základní část
197995,6,0,Matyáš SMOLA,Kryštof KAVAN,1,0,2,20,0,0,0,0,0,0,Called Strike 1.,Základní část
197995,6,0,Matyáš SMOLA,Kryštof KAVAN,1,1,-52,47,0,0,0,0,0,0,SMOLA Matyáš Hit By Pitch. PRANDžEV Aleš to 2nd.,Základní část
197995,6,0,Michal ANTOň,Kryštof KAVAN,0,0,-1,48,0,0,0,0,0,0,Foul.,Základní část
197995,6,0,Michal ANTOň,Kryštof KAVAN,0,1,-14,28,0,0,94,0,0,0,ANTOň Michal reaches on fielders choice. PRANDžEV Aleš to 3rd. SMOLA Matyáš  out at 2nd 64.  1 out.,Základní část
197995,6,1,Jan MULAč,Kryštof KAVAN,0,0,-14,20,0,0,94,0,0,0,MULAč Jan reaches on fielders choice. PRANDžEV Aleš  out at home 52.  ANTOň Michal to 2nd. 2 out.,Základní část
197995,6,2,Filip KUBíčEK,Kryštof KAVAN,0,0,-15,23,0,0,0,0,0,0,Foul.,Základní část
197995,6,2,Filip KUBíčEK,Kryštof KAVAN,0,1,6,52,0,0,73,0,0,0,KUBíčEK Filip flies out.  P3. 3 out.,Základní část
197995,6,0,Ryker GALASKA,Kryštof KAVAN,0,0,0,0,0,0,0,0,0,0,"Middle of the 6th<br>0 runs, 2 lob",Základní část
197995,7,0,Ryker GALASKA,Kryštof KAVAN,0,0,4,33,0,0,0,0,0,0,Swinging Strike 1.,Základní část
197995,7,0,Ryker GALASKA,Kryštof KAVAN,0,1,-16,16,0,0,179,1,0,0,GALASKA Ryker singles up the middle.,Základní část
197995,7,0,Neznámý,Neznámý,0,0,0,0,0,0,0,0,0,0,Pinch Hitter: #70 UEMURA for #1 BUBENíK,Základní část
197995,7,0,Koya UEMURA,Kryštof KAVAN,0,0,-4,28,0,0,0,0,0,0,Called Strike 1.,Základní část
197995,7,0,Koya UEMURA,Kryštof KAVAN,0,1,-7,54,0,0,0,0,0,0,Foul.,Základní část
197995,7,0,Koya UEMURA,Kryštof KAVAN,0,2,-4,16,0,0,83,0,0,0,UEMURA Koya hits into a double play.  GDP 643. GALASKA Ryker  out at 2nd 64.  2 out.,Základní část
197995,7,2,Petr ZýMA,Kryštof KAVAN,0,0,32,10,0,0,0,0,0,0,Ball 1.,Základní část
197995,7,2,Petr ZýMA,Kryštof KAVAN,1,0,31,19,0,0,0,0,0,0,Ball 2.,Základní část
197995,7,2,Petr ZýMA,Kryštof KAVAN,2,0,17,61,0,0,210,0,0,0,ZýMA Petr flies out to left center.  F8. 3 out.,Základní část
197995,7,0,Marek SLABý,Kryštof KAVAN,0,0,0,0,0,0,0,0,0,0,"Middle of the 7th<br>0 runs, 0 lob",Základní část
197995,8,0,Marek SLABý,Kryštof KAVAN,0,0,1,51,0,0,179,1,0,0,SLABý Marek doubles down right field line.,Základní část
197995,8,0,Aleš PRANDžEV,Kryštof KAVAN,0,0,36,49,0,0,0,0,0,0,Ball 1.,Základní část
197995,8,0,Aleš PRANDžEV,Kryštof KAVAN,1,0,-8,45,0,0,0,0,0,0,Foul.,Základní část
197995,8,0,Aleš PRANDžEV,Kryštof KAVAN,1,1,14,56,0,0,51,0,0,0,PRANDžEV Aleš flies out foul. Bunt.  FP3. 1 out.,Základní část
197995,8,1,Matyáš SMOLA,Kryštof KAVAN,0,0,31,4,0,0,0,0,0,0,Ball 1.,Základní část
197995,8,1,Matyáš SMOLA,Kryštof KAVAN,1,0,-17,19,0,0,91,0,0,0,SMOLA Matyáš grounds out 6-3. SLABý Marek to 3rd. 2 out.,Základní část
197995,8,2,Michal ANTOň,Kryštof KAVAN,0,0,17,45,0,0,0,0,0,0,Called Strike 1.,Základní část
197995,8,2,Michal ANTOň,Kryštof KAVAN,0,1,36,55,0,0,0,0,0,0,Ball 1.,Základní část
197995,8,2,Michal ANTOň,Kryštof KAVAN,1,1,12,19,0,0,0,0,0,0,Called Strike 2.,Základní část
197995,8,2,Michal ANTOň,Kryštof KAVAN,1,2,32,70,0,0,0,0,0,0,Ball 2.,Základní část
197995,8,2,Michal ANTOň,Kryštof KAVAN,2,2,39,15,0,0,0,0,0,0,Ball 3.,Základní část
197995,8,2,Michal ANTOň,Kryštof KAVAN,3,2,-7,19,0,0,179,1,0,1,ANTOň Michal singles through the left side. SLABý Marek scores. 1 RBI.,Základní část
197995,8,2,Jan MULAč,Kryštof KAVAN,0,0,31,48,0,0,0,0,0,0,Ball 1. ANTOň Michal to 2nd on stolen base.,Základní část
197995,8,2,Jan MULAč,Kryštof KAVAN,1,0,34,51,0,0,0,0,0,0,Ball 2. ANTOň Michal to 3rd on passed ball.,Základní část
197995,8,2,Jan MULAč,Kryštof KAVAN,2,0,35,46,0,0,0,0,0,0,Ball 3.,Základní část
197995,8,2,Jan MULAč,Kryštof KAVAN,3,0,-13,57,0,0,0,0,0,0,Called Strike 1.,Základní část
197995,8,2,Jan MULAč,Kryštof KAVAN,3,1,-3,12,0,0,0,0,0,0,Foul.,Základní část
197995,8,2,Jan MULAč,Kryštof KAVAN,3,2,-20,51,0,0,0,0,0,0,Foul.,Základní část
197995,8,2,Jan MULAč,Kryštof KAVAN,3,2,-3,20,0,0,90,0,0,0,MULAč Jan grounds out 6-3. 3 out.,Základní část
197995,8,0,Filip KUBíčEK,Kryštof KAVAN,0,0,0,0,0,0,0,0,0,0,"Middle of the 8th<br>1 runs, 1 lob",Základní část
197995,9,0,Filip KUBíčEK,Kryštof KAVAN,0,0,-15,48,0,0,0,0,0,0,Called Strike 1.,Základní část
197995,9,0,Filip KUBíčEK,Kryštof KAVAN,0,1,-14,16,0,0,179,1,0,0,KUBíčEK Filip singles through the left side.,Základní část
197995,9,0,Ryker GALASKA,Kryštof KAVAN,0,0,32,10,0,0,0,0,0,0,Ball 1.,Základní část
197995,9,0,Ryker GALASKA,Kryštof KAVAN,1,0,32,69,0,0,0,0,0,0,Ball 2.,Základní část
197995,9,0,Ryker GALASKA,Kryštof KAVAN,2,0,-16,13,0,0,0,0,0,0,Called Strike 1. KUBíčEK Filip to 2nd on passed ball.,Základní část
197995,9,0,Ryker GALASKA,Kryštof KAVAN,2,1,3,23,0,0,0,0,0,0,Swinging Strike 2.,Základní část
197995,9,0,Ryker GALASKA,Kryštof KAVAN,2,2,34,27,0,0,0,0,0,0,Ball 3. KUBíčEK Filip to 3rd on wild pitch.,Základní část
197995,9,0,Ryker GALASKA,Kryštof KAVAN,3,2,-12,49,0,0,0,0,0,0,Foul.,Základní část
197995,9,0,Ryker GALASKA,Kryštof KAVAN,3,2,32,41,0,0,0,0,1,0,GALASKA Ryker walks.,Základní část
197995,9,0,Neznámý,Neznámý,0,0,0,0,0,0,0,0,0,0,Pitching Change: #0 KONRáD for #0 KAVAN,Základní část
197995,9,0,Koya UEMURA,Jan KONRáD,0,0,30,29,0,0,0,0,0,0,Ball 1. GALASKA Ryker to 2nd on fielders choice.,Základní část
197995,9,0,Koya UEMURA,Jan KONRáD,1,0,0,0,0,0,0,0,1,0,UEMURA Koya is intentionally walked.,Základní část
197995,9,0,Petr ZýMA,Jan KONRáD,0,0,33,3,0,0,0,0,0,0,Ball 1.,Základní část
197995,9,0,Petr ZýMA,Jan KONRáD,1,0,38,50,0,0,0,0,0,0,Ball 2.,Základní část
197995,9,0,Petr ZýMA,Jan KONRáD,2,0,35,7,0,0,0,0,0,0,Ball 3. KUBíčEK Filip scores on wild pitch. GALASKA Ryker to 3rd on wild pitch. UEMURA Koya to 2nd on wild pitch.,Základní část
197995,9,0,Petr ZýMA,Jan KONRáD,3,0,15,38,0,0,0,0,0,0,Called Strike 1.,Základní část
197995,9,0,Petr ZýMA,Jan KONRáD,3,1,15,30,0,0,0,0,0,0,Foul.,Základní část
197995,9,0,Petr ZýMA,Jan KONRáD,3,2,-20,42,0,0,0,0,0,0,Foul.,Základní část
197995,9,0,Petr ZýMA,Jan KONRáD,3,2,-11,56,0,0,226,0,0,1,ZýMA Petr flies out to left field.  Sacrifice Fly.  SF7. GALASKA Ryker scores. 1 out. 1 RBI.,Základní část
197995,9,1,Marek SLABý,Jan KONRáD,0,0,-20,51,0,0,191,0,0,0,SLABý Marek flies out to left field.  F7. 2 out.,Základní část
197995,9,2,Aleš PRANDžEV,Jan KONRáD,0,0,0,28,0,0,0,0,0,0,Called Strike 1.,Základní část
197995,9,2,Aleš PRANDžEV,Jan KONRáD,0,1,-18,25,0,0,98,0,0,0,PRANDžEV Aleš reaches on fielding error. E6. UEMURA Koya to 3rd.,Základní část
197995,9,2,Matyáš SMOLA,Jan KONRáD,0,0,31,49,0,0,0,0,0,0,Ball 1.,Základní část
197995,9,2,Matyáš SMOLA,Jan KONRáD,1,0,36,3,0,0,0,0,0,0,Ball 2.,Základní část
197995,9,2,Matyáš SMOLA,Jan KONRáD,2,0,4,42,0,0,0,0,0,0,Called Strike 1.,Základní část
197995,9,2,Matyáš SMOLA,Jan KONRáD,2,1,36,10,0,0,0,0,0,0,Ball 3. PRANDžEV Aleš to 2nd on . PRANDžEV Aleš  out at 2nd CS24.  3 out.,Základní část
197995,9,0,Matyáš SMOLA,Jan KONRáD,0,0,0,0,0,0,0,0,0,0,"Middle of the 9th<br>2 runs, 1 lob",Základní část
197998,1,0,Michal ANTOň,Kender VILLEGAS,0,0,-16,22,0,0,113,0,0,0,ANTOň Michal grounds out 6-3. 1 out.,Základní část
197998,1,1,Koya UEMURA,Kender VILLEGAS,0,0,4,27,0,0,0,0,0,0,Called Strike 1.,Základní část
197998,1,1,Koya UEMURA,Kender VILLEGAS,0,1,34,44,0,0,0,0,0,0,Ball 1.,Základní část
197998,1,1,Koya UEMURA,Kender VILLEGAS,1,1,38,40,0,0,0,0,0,0,Ball 2.,Základní část
197998,1,1,Koya UEMURA,Kender VILLEGAS,2,1,-3,60,0,0,310,1,0,1,UEMURA Koya homers to deep left field. 1 RBI.,Základní část
197998,1,1,Jan MULAč,Kender VILLEGAS,0,0,39,67,0,0,0,0,0,0,Ball 1.,Základní část
197998,1,1,Jan MULAč,Kender VILLEGAS,1,0,-19,57,0,0,0,0,0,0,Foul.,Základní část
197998,1,1,Jan MULAč,Kender VILLEGAS,1,1,-8,35,0,0,0,0,0,0,Foul.,Základní část
197998,1,1,Jan MULAč,Kender VILLEGAS,1,2,-14,25,0,0,0,0,0,0,Foul.,Základní část
197998,1,1,Jan MULAč,Kender VILLEGAS,1,2,10,19,0,0,0,0,0,0,MULAč Jan strikes out swinging. 2 out.,Základní část
197998,1,2,Ryker GALASKA,Kender VILLEGAS,0,0,15,19,0,0,113,0,0,0,GALASKA Ryker grounds out 4-3. 3 out.,Základní část
197998,1,0,Matouš BUBENíK,Kender VILLEGAS,0,0,0,0,0,0,0,0,0,0,"End of the 1st<br>1 runs, 0 lob",Základní část
197998,2,0,Matouš BUBENíK,Kender VILLEGAS,0,0,18,15,0,0,0,0,0,0,Called Strike 1.,Základní část
197998,2,0,Matouš BUBENíK,Kender VILLEGAS,0,1,8,49,0,0,0,0,0,0,Called Strike 2.,Základní část
197998,2,0,Matouš BUBENíK,Kender VILLEGAS,0,2,39,49,0,0,0,0,0,0,Ball 1.,Základní část
197998,2,0,Matouš BUBENíK,Kender VILLEGAS,1,2,-13,53,0,0,0,0,0,0,BUBENíK Matouš strikes out looking. 1 out.,Základní část
197998,2,1,Filip KUBíčEK,Kender VILLEGAS,0,0,-4,58,0,0,0,0,0,0,Foul.,Základní část
197998,2,1,Filip KUBíčEK,Kender VILLEGAS,0,1,39,67,0,0,0,0,0,0,Ball 1.,Základní část
197998,2,1,Filip KUBíčEK,Kender VILLEGAS,1,1,6,22,0,0,113,0,0,0,KUBíčEK Filip grounds out 4-3. 2 out.,Základní část
197998,2,2,Petr ZýMA,Kender VILLEGAS,0,0,32,9,0,0,0,0,0,0,Ball 1.,Základní část
197998,2,2,Petr ZýMA,Kender VILLEGAS,1,0,-1,15,0,0,0,0,0,0,Called Strike 1.,Základní část
197998,2,2,Petr ZýMA,Kender VILLEGAS,1,1,-16,51,0,0,179,1,0,0,ZýMA Petr singles to left field.,Základní část
197998,2,2,Kryštof LUKAVSKý,Kender VILLEGAS,0,0,9,25,0,0,0,0,0,0,Swinging Strike 1.,Základní část
197998,2,2,Kryštof LUKAVSKý,Kender VILLEGAS,0,1,-20,33,0,0,0,0,0,0,Foul.,Základní část
197998,2,2,Kryštof LUKAVSKý,Kender VILLEGAS,0,2,18,24,0,0,113,0,0,0,LUKAVSKý Kryštof grounds out 4-3. 3 out.,Základní část
197998,2,0,Marek SLABý,Kender VILLEGAS,0,0,0,0,0,0,0,0,0,0,"End of the 2nd<br>0 runs, 1 lob",Základní část
197998,3,0,Marek SLABý,Kender VILLEGAS,0,0,-11,38,0,0,0,0,0,0,Foul.,Základní část
197998,3,0,Marek SLABý,Kender VILLEGAS,0,1,-4,28,0,0,0,0,0,0,Foul.,Základní část
197998,3,0,Marek SLABý,Kender VILLEGAS,0,2,33,53,0,0,0,0,0,0,Ball 1.,Základní část
197998,3,0,Marek SLABý,Kender VILLEGAS,1,2,34,58,0,0,0,0,0,0,Ball 2.,Základní část
197998,3,0,Marek SLABý,Kender VILLEGAS,2,2,16,51,0,0,0,0,0,0,SLABý Marek strikes out looking. 1 out.,Základní část
197998,3,1,Michal ANTOň,Kender VILLEGAS,0,0,-20,21,0,0,0,0,0,0,Called Strike 1.,Základní část
197998,3,1,Michal ANTOň,Kender VILLEGAS,0,1,31,63,0,0,0,0,0,0,Ball 1.,Základní část
197998,3,1,Michal ANTOň,Kender VILLEGAS,1,1,-15,16,0,0,0,0,0,0,Called Strike 2.,Základní část
197998,3,1,Michal ANTOň,Kender VILLEGAS,1,2,38,42,0,0,0,0,0,0,Ball 2.,Základní část
197998,3,1,Michal ANTOň,Kender VILLEGAS,2,2,-19,18,0,0,0,0,0,0,Foul.,Základní část
197998,3,1,Michal ANTOň,Kender VILLEGAS,2,2,-6,44,0,0,0,0,0,0,ANTOň Michal strikes out swinging. 2 out.,Základní část
197998,3,2,Koya UEMURA,Kender VILLEGAS,0,0,33,1,0,0,0,0,0,0,Ball 1.,Základní část
197998,3,2,Koya UEMURA,Kender VILLEGAS,1,0,-9,48,0,0,0,0,0,0,Called Strike 1.,Základní část
197998,3,2,Koya UEMURA,Kender VILLEGAS,1,1,31,46,0,0,0,0,0,0,Ball 2.,Základní část
197998,3,2,Koya UEMURA,Kender VILLEGAS,2,1,-20,47,0,0,226,0,0,0,UEMURA Koya flies out to left field.  F7. 3 out.,Základní část
197998,3,0,Jan MULAč,Kender VILLEGAS,0,0,0,0,0,0,0,0,0,0,"End of the 3rd<br>0 runs, 0 lob",Základní část
197998,4,0,Jan MULAč,Kender VILLEGAS,0,0,-11,33,0,0,0,0,0,0,Swinging Strike 1.,Základní část
197998,4,0,Jan MULAč,Kender VILLEGAS,0,1,-20,18,0,0,0,0,0,0,Foul.,Základní část
197998,4,0,Jan MULAč,Kender VILLEGAS,0,2,35,6,0,0,0,0,0,0,Ball 1.,Základní část
197998,4,0,Jan MULAč,Kender VILLEGAS,1,2,35,49,0,0,0,0,0,0,Ball 2.,Základní část
197998,4,0,Jan MULAč,Kender VILLEGAS,2,2,-7,40,0,0,0,0,0,0,Foul.,Základní část
197998,4,0,Jan MULAč,Kender VILLEGAS,2,2,-18,47,0,0,226,0,0,0,MULAč Jan flies out to left field.  L7. 1 out.,Základní část
197998,4,1,Ryker GALASKA,Kender VILLEGAS,0,0,38,64,0,0,0,0,0,0,Ball 1.,Základní část
197998,4,1,Ryker GALASKA,Kender VILLEGAS,1,0,34,17,0,0,0,0,0,0,Ball 2.,Základní část
197998,4,1,Ryker GALASKA,Kender VILLEGAS,2,0,5,16,0,0,0,0,0,0,Foul.,Základní část
197998,4,1,Ryker GALASKA,Kender VILLEGAS,2,1,-1,20,0,0,0,0,0,0,Called Strike 2.,Základní část
197998,4,1,Ryker GALASKA,Kender VILLEGAS,2,2,-9,30,0,0,0,0,0,0,GALASKA Ryker strikes out swinging. 2 out.,Základní část
197998,4,2,Matouš BUBENíK,Kender VILLEGAS,0,0,30,7,0,0,0,0,0,0,Ball 1.,Základní část
197998,4,2,Matouš BUBENíK,Kender VILLEGAS,1,0,30,13,0,0,0,0,0,0,Ball 2.,Základní část
197998,4,2,Matouš BUBENíK,Kender VILLEGAS,2,0,38,47,0,0,0,0,0,0,Ball 3.,Základní část
197998,4,2,Matouš BUBENíK,Kender VILLEGAS,3,0,-4,52,0,0,251,0,0,0,BUBENíK Matouš flies out to deep left center.  F7. 3 out.,Základní část
197998,4,0,Filip KUBíčEK,Kender VILLEGAS,0,0,0,0,0,0,0,0,0,0,"End of the 4th<br>0 runs, 0 lob",Základní část
197998,5,0,Filip KUBíčEK,Kender VILLEGAS,0,0,6,20,0,0,0,0,0,0,Foul.,Základní část
197998,5,0,Filip KUBíčEK,Kender VILLEGAS,0,1,31,54,0,0,0,0,0,0,Ball 1.,Základní část
197998,5,0,Filip KUBíčEK,Kender VILLEGAS,1,1,3,10,0,0,90,1,0,0,KUBíčEK Filip singles to second base.,Základní část
197998,5,0,Petr ZýMA,Kender VILLEGAS,0,0,10,29,0,0,83,0,0,0,ZýMA Petr hits into a double play.  GDP 463. KUBíčEK Filip  out at 2nd 46.  2 out.,Základní část
197998,5,2,Kryštof LUKAVSKý,Kender VILLEGAS,0,0,-4,64,0,0,221,1,0,0,LUKAVSKý Kryštof singles to center field.,Základní část
197998,5,2,Marek SLABý,Kender VILLEGAS,0,0,36,70,0,0,0,0,0,0,Ball 1. LUKAVSKý Kryštof to 2nd on stolen base.,Základní část
197998,5,2,Marek SLABý,Kender VILLEGAS,1,0,9,22,0,0,0,0,0,0,Foul.,Základní část
197998,5,2,Marek SLABý,Kender VILLEGAS,1,1,36,9,0,0,0,0,0,0,Ball 2.,Základní část
197998,5,2,Marek SLABý,Kender VILLEGAS,2,1,-13,46,0,0,0,0,0,0,Swinging Strike 2.,Základní část
197998,5,2,Marek SLABý,Kender VILLEGAS,2,2,10,55,0,0,226,0,0,0,SLABý Marek flies out to right field.  F9. 3 out.,Základní část
197998,5,0,Michal ANTOň,Kender VILLEGAS,0,0,0,0,0,0,0,0,0,0,"End of the 5th<br>0 runs, 1 lob",Základní část
197998,6,0,Michal ANTOň,Kender VILLEGAS,0,0,38,68,0,0,0,0,0,0,Ball 1.,Základní část
197998,6,0,Michal ANTOň,Kender VILLEGAS,1,0,0,54,0,0,0,0,0,0,Called Strike 1.,Základní část
197998,6,0,Michal ANTOň,Kender VILLEGAS,1,1,18,61,0,0,226,0,0,0,ANTOň Michal flies out to right field.  F9. 1 out.,Základní část
197998,6,1,Koya UEMURA,Kender VILLEGAS,0,0,-7,49,0,0,0,0,0,0,Called Strike 1.,Základní část
197998,6,1,Koya UEMURA,Kender VILLEGAS,0,1,16,15,0,0,57,0,0,0,UEMURA Koya grounds out 1-3. 2 out.,Základní část
197998,6,2,Jan MULAč,Kender VILLEGAS,0,0,0,42,0,0,0,0,0,0,Called Strike 1.,Základní část
197998,6,2,Jan MULAč,Kender VILLEGAS,0,1,-6,12,0,0,113,0,0,0,MULAč Jan grounds out 6-3. 3 out.,Základní část
197998,6,0,Ryker GALASKA,Kender VILLEGAS,0,0,0,0,0,0,0,0,0,0,"End of the 6th<br>0 runs, 0 lob",Základní část
197998,7,0,Ryker GALASKA,Kender VILLEGAS,0,0,34,18,0,0,0,0,0,0,Ball 1.,Základní část
197998,7,0,Ryker GALASKA,Kender VILLEGAS,1,0,39,1,0,0,0,0,0,0,Ball 2.,Základní část
197998,7,0,Ryker GALASKA,Kender VILLEGAS,2,0,39,41,0,0,0,0,0,0,Ball 3.,Základní část
197998,7,0,Ryker GALASKA,Kender VILLEGAS,3,0,36,7,0,0,0,0,1,0,GALASKA Ryker walks.,Základní část
197998,7,0,Matouš BUBENíK,Kender VILLEGAS,0,0,-4,41,0,0,0,0,0,0,Called Strike 1.,Základní část
197998,7,0,Matouš BUBENíK,Kender VILLEGAS,0,1,-16,28,0,0,0,0,0,0,Foul.,Základní část
197998,7,0,Matouš BUBENíK,Kender VILLEGAS,0,2,-6,12,0,0,0,0,0,0,BUBENíK Matouš strikes out swinging. 1 out.,Základní část
197998,7,1,Filip KUBíčEK,Kender VILLEGAS,0,0,34,70,0,0,0,0,0,0,Ball 1.,Základní část
197998,7,1,Filip KUBíčEK,Kender VILLEGAS,1,0,6,23,0,0,0,0,0,0,Foul.,Základní část
197998,7,1,Filip KUBíčEK,Kender VILLEGAS,1,1,0,0,0,0,0,0,0,0,Pickoff Attempt at 1st,Základní část
197998,7,1,Filip KUBíčEK,Kender VILLEGAS,1,1,19,17,0,0,0,0,0,0,Called Strike 2.,Základní část
197998,7,1,Filip KUBíčEK,Kender VILLEGAS,1,2,33,69,0,0,0,0,0,0,Ball 2.,Základní část
197998,7,1,Filip KUBíčEK,Kender VILLEGAS,2,2,32,50,0,0,0,0,0,0,Ball 3. GALASKA Ryker to 2nd on stolen base. GALASKA Ryker to 3rd on 2E4.,Základní část
197998,7,1,Filip KUBíčEK,Kender VILLEGAS,3,2,-15,31,0,0,0,0,0,0,Foul.,Základní část
197998,7,1,Filip KUBíčEK,Kender VILLEGAS,3,2,-5,13,0,0,0,0,0,0,KUBíčEK Filip strikes out swinging. 2 out.,Základní část
197998,7,2,Petr ZýMA,Kender VILLEGAS,0,0,6,40,0,0,0,0,0,0,Called Strike 1.,Základní část
197998,7,2,Petr ZýMA,Kender VILLEGAS,0,1,37,61,0,0,0,0,0,0,Ball 1.,Základní část
197998,7,2,Petr ZýMA,Kender VILLEGAS,1,1,-19,13,0,0,0,0,0,0,Swinging Strike 2.,Základní část
197998,7,2,Petr ZýMA,Kender VILLEGAS,1,2,34,3,0,0,0,0,0,0,Ball 2.,Základní část
197998,7,2,Petr ZýMA,Kender VILLEGAS,2,2,13,52,0,0,0,0,0,0,Foul.,Základní část
197998,7,2,Petr ZýMA,Kender VILLEGAS,2,2,9,26,0,0,0,0,0,0,ZýMA Petr strikes out swinging. 3 out.,Základní část
197998,7,0,Kryštof LUKAVSKý,Kender VILLEGAS,0,0,0,0,0,0,0,0,0,0,"End of the 7th<br>0 runs, 1 lob",Základní část
197998,8,0,Neznámý,Neznámý,0,0,0,0,0,0,0,0,0,0,Pitching Change: #95 VENTRUBA for #72 VILLEGAS,Základní část
197998,8,0,Kryštof LUKAVSKý,Vojtěch VENTRUBA,0,0,30,54,0,0,0,0,0,0,Ball 1.,Základní část
197998,8,0,Kryštof LUKAVSKý,Vojtěch VENTRUBA,1,0,-16,12,0,0,56,0,0,0,LUKAVSKý Kryštof grounds out 5-3. 1 out.,Základní část
197998,8,1,Marek SLABý,Vojtěch VENTRUBA,0,0,31,29,0,0,0,0,0,0,Ball 1.,Základní část
197998,8,1,Marek SLABý,Vojtěch VENTRUBA,1,0,10,27,0,0,76,0,0,0,SLABý Marek grounds out 4-3. 2 out.,Základní část
197998,8,2,Michal ANTOň,Vojtěch VENTRUBA,0,0,15,28,0,0,0,0,0,0,Called Strike 1.,Základní část
197998,8,2,Michal ANTOň,Vojtěch VENTRUBA,0,1,38,70,0,0,0,0,0,0,Ball 1.,Základní část
197998,8,2,Michal ANTOň,Vojtěch VENTRUBA,1,1,30,1,0,0,0,0,0,0,Ball 2.,Základní část
197998,8,2,Michal ANTOň,Vojtěch VENTRUBA,2,1,-7,61,0,0,0,0,0,0,Foul.,Základní část
197998,8,2,Michal ANTOň,Vojtěch VENTRUBA,2,2,32,60,0,0,0,0,0,0,Ball 3.,Základní část
197998,8,2,Michal ANTOň,Vojtěch VENTRUBA,3,2,-2,41,0,0,0,0,0,0,Foul.,Základní část
197998,8,2,Michal ANTOň,Vojtěch VENTRUBA,3,2,-11,20,0,0,0,0,0,0,ANTOň Michal strikes out swinging. 3 out.,Základní část
197998,8,0,Koya UEMURA,Vojtěch VENTRUBA,0,0,0,0,0,0,0,0,0,0,"End of the 8th<br>0 runs, 0 lob",Základní část
197998,9,0,Koya UEMURA,Vojtěch VENTRUBA,0,0,-1,31,0,0,0,0,0,0,Called Strike 1.,Základní část
197998,9,0,Koya UEMURA,Vojtěch VENTRUBA,0,1,-12,17,0,0,0,0,0,0,Called Strike 2.,Základní část
197998,9,0,Koya UEMURA,Vojtěch VENTRUBA,0,2,15,54,0,0,0,0,0,0,Foul.,Základní část
197998,9,0,Koya UEMURA,Vojtěch VENTRUBA,0,2,1,14,0,0,179,1,0,0,UEMURA Koya singles up the middle.,Základní část
197998,9,0,Neznámý,Neznámý,0,0,0,0,0,0,0,0,0,0,Pinch Runner: #0 TOšOVSKý for #70 UEMURA at 1st,Základní část
197998,9,0,Jan MULAč,Vojtěch VENTRUBA,0,0,17,46,0,0,38,0,0,0,MULAč Jan out on sacrifice hit 13. Bunt. TOšOVSKý Adam to 2nd. 1 out.,Základní část
197998,9,1,Ryker GALASKA,Vojtěch VENTRUBA,0,0,37,25,0,0,0,0,0,0,Ball 1.,Základní část
197998,9,1,Ryker GALASKA,Vojtěch VENTRUBA,1,0,0,0,0,0,0,0,0,0,Pickoff Attempt at 2nd,Základní část
197998,9,1,Ryker GALASKA,Vojtěch VENTRUBA,1,0,-13,61,0,0,0,0,0,0,Swinging Strike 1.,Základní část
197998,9,1,Ryker GALASKA,Vojtěch VENTRUBA,1,1,30,30,0,0,0,0,0,0,Ball 2.,Základní část
197998,9,1,Ryker GALASKA,Vojtěch VENTRUBA,2,1,39,8,0,0,0,0,0,0,Ball 3. TOšOVSKý Adam to 3rd on wild pitch.,Základní část
197998,9,1,Ryker GALASKA,Vojtěch VENTRUBA,3,1,-55,59,0,0,0,0,0,0,GALASKA Ryker Hit By Pitch.,Základní část
197998,9,1,Matouš BUBENíK,Vojtěch VENTRUBA,0,0,1,53,0,0,224,1,0,1,BUBENíK Matouš singles to center field. TOšOVSKý Adam scores. GALASKA Ryker to 2nd. GALASKA Ryker  out at 3rd 85.  2 out. 1 RBI.,Základní část
197998,9,2,Filip KUBíčEK,Vojtěch VENTRUBA,0,0,8,28,0,0,0,0,0,0,Called Strike 1. BUBENíK Matouš to 2nd on stolen base.,Základní část
197998,9,2,Filip KUBíčEK,Vojtěch VENTRUBA,0,1,9,49,0,0,0,0,0,0,Called Strike 2.,Základní část
197998,9,2,Filip KUBíčEK,Vojtěch VENTRUBA,0,2,16,19,0,0,0,0,0,0,Foul.,Základní část
197998,9,2,Filip KUBíčEK,Vojtěch VENTRUBA,0,2,16,58,0,0,226,0,0,0,KUBíčEK Filip flies out to right field.  F9. 3 out.,Základní část
197998,9,0,Petr ZýMA,Vojtěch VENTRUBA,0,0,0,0,0,0,0,0,0,0,"End of the 9th<br>1 runs, 1 lob",Základní část
197998,10,0,Filip KUBíčEK,Vojtěch VENTRUBA,0,0,0,0,0,0,0,0,0,0,-,Základní část
197998,10,0,Petr ZýMA,Vojtěch VENTRUBA,0,0,2,47,0,0,38,0,0,0,ZýMA Petr out on sacrifice hit 14. Bunt. KUBíčEK Filip to 3rd. 1 out.,Základní část
197998,10,1,Kryštof LUKAVSKý,Vojtěch VENTRUBA,0,0,-9,62,0,0,179,1,0,0,LUKAVSKý Kryštof singles to left field.,Základní část
197998,10,1,Marek SLABý,Vojtěch VENTRUBA,0,0,0,0,0,0,0,0,0,0,LUKAVSKý Kryštof to 2nd on stolen base.,Základní část
197998,10,1,Marek SLABý,Vojtěch VENTRUBA,0,0,0,0,0,0,0,0,1,0,SLABý Marek is intentionally walked.,Základní část
197998,10,1,Michal ANTOň,Vojtěch VENTRUBA,0,0,-20,20,0,0,0,0,0,0,Foul.,Základní část
197998,10,1,Michal ANTOň,Vojtěch VENTRUBA,0,1,32,9,0,0,0,0,0,0,Ball 1.,Základní část
197998,10,1,Michal ANTOň,Vojtěch VENTRUBA,1,1,0,61,0,0,226,0,0,1,ANTOň Michal flies out to center field.  Sacrifice Fly.  SF8. KUBíčEK Filip scores. 2 out. 1 RBI.,Základní část
197998,10,2,Michal ANTOň,Vojtěch VENTRUBA,1,1,0,0,0,0,0,0,0,0,GAME OVER<br>EAG wins 3-2<br>Win: ZAVADIL<br>Loss: VENTRUBA Vo,Základní část
198002,1,0,Michal ANTOň,Tomáš ONDRA,0,0,16,50,0,0,0,0,0,0,Called Strike 1.,Základní část
198002,1,0,Michal ANTOň,Tomáš ONDRA,0,1,31,51,0,0,0,0,0,0,Ball 1.,Základní část
198002,1,0,Michal ANTOň,Tomáš ONDRA,1,1,16,45,0,0,0,0,0,0,Called Strike 2.,Základní část
198002,1,0,Michal ANTOň,Tomáš ONDRA,1,2,-10,46,0,0,0,0,0,0,Foul.,Základní část
198002,1,0,Michal ANTOň,Tomáš ONDRA,1,2,14,42,0,0,0,0,0,0,ANTOň Michal strikes out looking. 1 out.,Základní část
198002,1,1,Koya UEMURA,Tomáš ONDRA,0,0,6,45,0,0,0,0,0,0,Foul.,Základní část
198002,1,1,Koya UEMURA,Tomáš ONDRA,0,1,35,62,0,0,0,0,0,0,Ball 1.,Základní část
198002,1,1,Koya UEMURA,Tomáš ONDRA,1,1,30,3,0,0,0,0,0,0,Ball 2.,Základní část
198002,1,1,Koya UEMURA,Tomáš ONDRA,2,1,2,27,0,0,0,0,0,0,Swinging Strike 2.,Základní část
198002,1,1,Koya UEMURA,Tomáš ONDRA,2,2,-7,14,0,0,70,0,0,0,UEMURA Koya reaches on fielding error. E5.,Základní část
198002,1,1,Jan MULAč,Tomáš ONDRA,0,0,-16,57,0,0,226,0,0,0,MULAč Jan flies out to center field.  F8. 2 out.,Základní část
198002,1,2,Ryker GALASKA,Tomáš ONDRA,0,0,34,60,0,0,0,0,0,0,Ball 1.,Základní část
198002,1,2,Ryker GALASKA,Tomáš ONDRA,1,0,1,37,0,0,0,0,0,0,Swinging Strike 1.,Základní část
198002,1,2,Ryker GALASKA,Tomáš ONDRA,1,1,-14,15,0,0,0,0,0,0,Foul.,Základní část
198002,1,2,Ryker GALASKA,Tomáš ONDRA,1,2,0,33,0,0,0,0,0,0,GALASKA Ryker strikes out swinging. 3 out.,Základní část
198002,1,0,Matouš BUBENíK,Tomáš ONDRA,0,0,0,0,0,0,0,0,0,0,"End of the 1st<br>0 runs, 1 lob",Základní část
198002,2,0,Matouš BUBENíK,Tomáš ONDRA,0,0,-14,19,0,0,113,0,0,0,BUBENíK Matouš reaches on throwing error. E6T. BUBENíK Matouš to 2nd.,Základní část
198002,2,0,Filip KUBíčEK,Tomáš ONDRA,0,0,-15,59,0,0,0,0,0,0,Called Strike 1.,Základní část
198002,2,0,Filip KUBíčEK,Tomáš ONDRA,0,1,-17,54,0,0,37,0,0,0,KUBíčEK Filip out on sacrifice hit 53. Bunt. BUBENíK Matouš to 3rd. 1 out.,Základní část
198002,2,1,Petr ZýMA,Tomáš ONDRA,0,0,-12,56,0,0,0,0,0,0,Foul.,Základní část
198002,2,1,Petr ZýMA,Tomáš ONDRA,0,1,31,29,0,0,0,0,0,0,Ball 1.,Základní část
198002,2,1,Petr ZýMA,Tomáš ONDRA,1,1,3,60,0,0,0,0,0,0,Foul.,Základní část
198002,2,1,Petr ZýMA,Tomáš ONDRA,1,2,8,37,0,0,0,0,0,0,Foul.,Základní část
198002,2,1,Petr ZýMA,Tomáš ONDRA,1,2,37,16,0,0,0,0,0,0,Ball 2.,Základní část
198002,2,1,Petr ZýMA,Tomáš ONDRA,2,2,5,60,0,0,0,0,0,0,Foul.,Základní část
198002,2,1,Petr ZýMA,Tomáš ONDRA,2,2,-1,59,0,0,0,0,0,0,Foul.,Základní část
198002,2,1,Petr ZýMA,Tomáš ONDRA,2,2,38,69,0,0,0,0,0,0,Ball 3.,Základní část
198002,2,1,Petr ZýMA,Tomáš ONDRA,3,2,14,23,0,0,0,0,0,0,ZýMA Petr strikes out swinging. 2 out.,Základní část
198002,2,2,Marek SLABý,Tomáš ONDRA,0,0,9,60,0,0,0,0,0,0,Called Strike 1.,Základní část
198002,2,2,Marek SLABý,Tomáš ONDRA,0,1,13,22,0,0,0,0,0,0,Called Strike 2.,Základní část
198002,2,2,Marek SLABý,Tomáš ONDRA,0,2,32,61,0,0,0,0,0,0,Ball 1.,Základní část
198002,2,2,Marek SLABý,Tomáš ONDRA,1,2,-3,42,0,0,0,0,0,0,SLABý Marek strikes out swinging. 3 out.,Základní část
198002,2,0,Aleš PRANDžEV,Tomáš ONDRA,0,0,0,0,0,0,0,0,0,0,"End of the 2nd<br>0 runs, 1 lob",Základní část
198002,3,0,Aleš PRANDžEV,Tomáš ONDRA,0,0,13,61,0,0,0,0,0,0,Called Strike 1.,Základní část
198002,3,0,Aleš PRANDžEV,Tomáš ONDRA,0,1,8,37,0,0,0,0,0,0,Swinging Strike 2.,Základní část
198002,3,0,Aleš PRANDžEV,Tomáš ONDRA,0,2,10,20,0,0,0,0,0,0,PRANDžEV Aleš strikes out looking. 1 out.,Základní část
198002,3,1,Michal ANTOň,Tomáš ONDRA,0,0,34,29,0,0,0,0,0,0,Ball 1.,Základní část
198002,3,1,Michal ANTOň,Tomáš ONDRA,1,0,18,15,0,0,179,1,0,0,ANTOň Michal singles through the right side.,Základní část
198002,3,1,Koya UEMURA,Tomáš ONDRA,0,0,-16,24,0,0,0,0,0,0,Called Strike 1.,Základní část
198002,3,1,Koya UEMURA,Tomáš ONDRA,0,1,19,40,0,0,0,0,0,0,Called Strike 2. ANTOň Michal to 2nd on stolen base.,Základní část
198002,3,1,Koya UEMURA,Tomáš ONDRA,0,2,38,24,0,0,0,0,0,0,Ball 1.,Základní část
198002,3,1,Koya UEMURA,Tomáš ONDRA,1,2,12,26,0,0,0,0,0,0,Foul.,Základní část
198002,3,1,Koya UEMURA,Tomáš ONDRA,1,2,39,48,0,0,0,0,0,0,Ball 2.,Základní část
198002,3,1,Koya UEMURA,Tomáš ONDRA,2,2,31,66,0,0,0,0,0,0,Ball 3.,Základní část
198002,3,1,Koya UEMURA,Tomáš ONDRA,3,2,-4,47,0,0,226,0,0,0,UEMURA Koya flies out to center field.  F8. 2 out.,Základní část
198002,3,2,Jan MULAč,Tomáš ONDRA,0,0,-6,15,0,0,235,1,0,1,MULAč Jan doubles down LF line. ANTOň Michal scores. 1 RBI.,Základní část
198002,3,2,Ryker GALASKA,Tomáš ONDRA,0,0,35,31,0,0,0,0,0,0,Ball 1.,Základní část
198002,3,2,Ryker GALASKA,Tomáš ONDRA,1,0,12,22,0,0,0,0,0,0,Foul.,Základní část
198002,3,2,Ryker GALASKA,Tomáš ONDRA,1,1,16,63,0,0,234,1,0,1,GALASKA Ryker singles to right center. MULAč Jan scores. 1 RBI.,Základní část
198002,3,2,Matouš BUBENíK,Tomáš ONDRA,0,0,37,1,0,0,0,0,0,0,Ball 1.,Základní část
198002,3,2,Matouš BUBENíK,Tomáš ONDRA,1,0,11,13,0,0,219,1,0,0,BUBENíK Matouš singles up the middle. GALASKA Ryker to 2nd. GALASKA Ryker  out at 3rd 25.  3 out.,Základní část
198002,3,0,Filip KUBíčEK,Tomáš ONDRA,0,0,0,0,0,0,0,0,0,0,"End of the 3rd<br>2 runs, 1 lob",Základní část
198002,4,0,Filip KUBíčEK,Tomáš ONDRA,0,0,30,3,0,0,0,0,0,0,Ball 1.,Základní část
198002,4,0,Filip KUBíčEK,Tomáš ONDRA,1,0,36,16,0,0,0,0,0,0,Ball 2.,Základní část
198002,4,0,Filip KUBíčEK,Tomáš ONDRA,2,0,5,39,0,0,0,0,0,0,Foul.,Základní část
198002,4,0,Filip KUBíčEK,Tomáš ONDRA,2,1,39,69,0,0,0,0,0,0,Ball 3.,Základní část
198002,4,0,Filip KUBíčEK,Tomáš ONDRA,3,1,11,45,0,0,235,1,0,0,KUBíčEK Filip doubles to right center.,Základní část
198002,4,0,Petr ZýMA,Tomáš ONDRA,0,0,-6,20,0,0,179,1,0,0,ZýMA Petr singles through the left side. KUBíčEK Filip to 3rd.,Základní část
198002,4,0,Marek SLABý,Tomáš ONDRA,0,0,35,53,0,0,0,0,0,0,Ball 1.,Základní část
198002,4,0,Marek SLABý,Tomáš ONDRA,1,0,-5,49,0,0,0,0,0,0,Foul.,Základní část
198002,4,0,Marek SLABý,Tomáš ONDRA,1,1,-9,49,0,0,226,0,0,1,SLABý Marek flies out to center field.  Sacrifice Fly.  SF8. KUBíčEK Filip scores. ZýMA Petr to 2nd on throw. 1 out. 1 RBI.,Základní část
198002,4,1,Aleš PRANDžEV,Tomáš ONDRA,0,0,-17,21,0,0,0,0,0,0,Foul.,Základní část
198002,4,1,Aleš PRANDžEV,Tomáš ONDRA,0,1,-5,53,0,0,219,1,0,1,PRANDžEV Aleš singles to left center. ZýMA Petr scores. 1 RBI.,Základní část
198002,4,1,Michal ANTOň,Tomáš ONDRA,0,0,32,38,0,0,0,0,0,0,Ball 1.,Základní část
198002,4,1,Michal ANTOň,Tomáš ONDRA,1,0,-1,49,0,0,226,0,0,0,ANTOň Michal flies out to center field.  F8. PRANDžEV Aleš  out at 1st 83.  Double Play. 3 out.,Základní část
198002,4,0,Koya UEMURA,Tomáš ONDRA,0,0,0,0,0,0,0,0,0,0,"End of the 4th<br>2 runs, 0 lob",Základní část
198002,5,0,Koya UEMURA,Tomáš ONDRA,0,0,-16,30,0,0,0,0,0,0,Called Strike 1.,Základní část
198002,5,0,Koya UEMURA,Tomáš ONDRA,0,1,-16,19,0,0,0,0,0,0,Foul.,Základní část
198002,5,0,Koya UEMURA,Tomáš ONDRA,0,2,8,57,0,0,179,1,0,0,UEMURA Koya singles to right center.,Základní část
198002,5,0,Jan MULAč,Tomáš ONDRA,0,0,6,59,0,0,0,0,0,0,Foul.,Základní část
198002,5,0,Jan MULAč,Tomáš ONDRA,0,1,13,45,0,0,179,1,0,0,MULAč Jan singles to left center. UEMURA Koya to 2nd.,Základní část
198002,5,0,Ryker GALASKA,Tomáš ONDRA,0,0,-15,32,0,0,0,0,0,0,Foul.,Základní část
198002,5,0,Ryker GALASKA,Tomáš ONDRA,0,1,6,32,0,0,0,0,0,0,Called Strike 2.,Základní část
198002,5,0,Ryker GALASKA,Tomáš ONDRA,0,2,31,38,0,0,0,0,0,0,Ball 1.,Základní část
198002,5,0,Ryker GALASKA,Tomáš ONDRA,1,2,19,44,0,0,0,0,0,0,Foul.,Základní část
198002,5,0,Ryker GALASKA,Tomáš ONDRA,1,2,11,15,0,0,0,0,0,0,Foul.,Základní část
198002,5,0,Ryker GALASKA,Tomáš ONDRA,1,2,36,36,0,0,0,0,0,0,Ball 2.,Základní část
198002,5,0,Ryker GALASKA,Tomáš ONDRA,2,2,16,30,0,0,0,0,0,0,Foul.,Základní část
198002,5,0,Ryker GALASKA,Tomáš ONDRA,2,2,7,53,0,0,0,0,0,0,Foul.,Základní část
198002,5,0,Ryker GALASKA,Tomáš ONDRA,2,2,-14,42,0,0,0,0,0,0,GALASKA Ryker strikes out swinging. 1 out.,Základní část
198002,5,1,Matouš BUBENíK,Tomáš ONDRA,0,0,37,42,0,0,0,0,0,0,Ball 1.,Základní část
198002,5,1,Matouš BUBENíK,Tomáš ONDRA,1,0,30,68,0,0,0,0,0,0,Ball 2.,Základní část
198002,5,1,Matouš BUBENíK,Tomáš ONDRA,2,0,37,51,0,0,0,0,0,0,Ball 3.,Základní část
198002,5,1,Matouš BUBENíK,Tomáš ONDRA,3,0,-15,41,0,0,0,0,0,0,Called Strike 1.,Základní část
198002,5,1,Matouš BUBENíK,Tomáš ONDRA,3,1,-8,23,0,0,65,0,0,0,BUBENíK Matouš hits into a double play.  GDP 53. MULAč Jan  out at 2nd 5.  3 out.,Základní část
198002,5,0,Filip KUBíčEK,Tomáš ONDRA,0,0,0,0,0,0,0,0,0,0,"End of the 5th<br>0 runs, 1 lob",Základní část
198002,6,0,Filip KUBíčEK,Tomáš ONDRA,0,0,-10,56,0,0,0,0,0,0,Called Strike 1.,Základní část
198002,6,0,Filip KUBíčEK,Tomáš ONDRA,0,1,-3,28,0,0,0,0,0,0,Swinging Strike 2.,Základní část
198002,6,0,Filip KUBíčEK,Tomáš ONDRA,0,2,4,48,0,0,204,1,0,0,KUBíčEK Filip singles to right field.,Základní část
198002,6,0,Petr ZýMA,Tomáš ONDRA,0,0,34,16,0,0,0,0,0,0,Ball 1. KUBíčEK Filip to 2nd on stolen base.,Základní část
198002,6,0,Petr ZýMA,Tomáš ONDRA,1,0,19,31,0,0,0,0,0,0,Foul.,Základní část
198002,6,0,Petr ZýMA,Tomáš ONDRA,1,1,-11,60,0,0,0,0,0,0,Called Strike 2.,Základní část
198002,6,0,Petr ZýMA,Tomáš ONDRA,1,2,3,62,0,0,34,0,0,0,ZýMA Petr flies out foul.  FF2. 1 out.,Základní část
198002,6,1,Marek SLABý,Tomáš ONDRA,0,0,6,32,0,0,0,0,0,0,Called Strike 1.,Základní část
198002,6,1,Marek SLABý,Tomáš ONDRA,0,1,10,20,0,0,94,0,0,0,SLABý Marek grounds out 3-1. KUBíčEK Filip to 3rd. 2 out.,Základní část
198002,6,2,Aleš PRANDžEV,Tomáš ONDRA,0,0,0,38,0,0,0,0,0,0,Swinging Strike 1.,Základní část
198002,6,2,Aleš PRANDžEV,Tomáš ONDRA,0,1,39,42,0,0,0,0,0,0,Ball 1.,Základní část
198002,6,2,Aleš PRANDžEV,Tomáš ONDRA,1,1,17,40,0,0,0,0,0,0,Called Strike 2.,Základní část
198002,6,2,Aleš PRANDžEV,Tomáš ONDRA,1,2,37,46,0,0,0,0,0,0,Ball 2.,Základní část
198002,6,2,Aleš PRANDžEV,Tomáš ONDRA,2,2,10,12,0,0,94,0,0,0,PRANDžEV Aleš grounds out 3U. 3 out.,Základní část
198002,6,0,Michal ANTOň,Tomáš ONDRA,0,0,0,0,0,0,0,0,0,0,"End of the 6th<br>0 runs, 1 lob",Základní část
198002,7,0,Milan PROKOP,Neznámý,0,0,0,0,0,0,0,0,0,0,Pitching Change: #14 ČAPKA for #57 ONDRA,Základní část
198002,7,0,Michal ANTOň,Filip ČAPKA,0,0,-11,24,0,0,0,0,0,0,Called Strike 1.,Základní část
198002,7,0,Michal ANTOň,Filip ČAPKA,0,1,31,6,0,0,0,0,0,0,Ball 1.,Základní část
198002,7,0,Michal ANTOň,Filip ČAPKA,1,1,31,13,0,0,0,0,0,0,Ball 2.,Základní část
198002,7,0,Michal ANTOň,Filip ČAPKA,2,1,4,18,0,0,0,0,0,0,Swinging Strike 2.,Základní část
198002,7,0,Michal ANTOň,Filip ČAPKA,2,2,36,66,0,0,0,0,0,0,Ball 3.,Základní část
198002,7,0,Michal ANTOň,Filip ČAPKA,3,2,31,53,0,0,0,0,1,0,ANTOň Michal walks.,Základní část
198002,7,0,Koya UEMURA,Filip ČAPKA,0,0,30,49,0,0,0,0,0,0,Ball 1.,Základní část
198002,7,0,Koya UEMURA,Filip ČAPKA,1,0,-11,21,0,0,220,1,0,0,UEMURA Koya singles through the left side. ANTOň Michal to 2nd.,Základní část
198002,7,0,Jan MULAč,Filip ČAPKA,0,0,-8,20,0,0,28,1,0,0,MULAč Jan singles to home plate area. Bunt. ANTOň Michal to 3rd. UEMURA Koya to 2nd.,Základní část
198002,7,0,Ryker GALASKA,Filip ČAPKA,0,0,32,9,0,0,0,0,0,0,Ball 1.,Základní část
198002,7,0,Ryker GALASKA,Filip ČAPKA,1,0,2,47,0,0,0,0,0,0,Called Strike 1.,Základní část
198002,7,0,Ryker GALASKA,Filip ČAPKA,1,1,-6,38,0,0,0,0,0,0,Swinging Strike 2.,Základní část
198002,7,0,Ryker GALASKA,Filip ČAPKA,1,2,-5,59,0,0,113,0,0,0,GALASKA Ryker flies out.  F6. 1 out.,Základní část
198002,7,1,Matouš BUBENíK,Filip ČAPKA,0,0,31,26,0,0,0,0,0,0,Ball 1.,Základní část
198002,7,1,Matouš BUBENíK,Filip ČAPKA,1,0,17,27,0,0,0,0,0,0,Swinging Strike 1.,Základní část
198002,7,1,Matouš BUBENíK,Filip ČAPKA,1,1,37,9,0,0,0,0,0,0,Ball 2.,Základní část
198002,7,1,Matouš BUBENíK,Filip ČAPKA,2,1,32,35,0,0,0,0,0,0,Ball 3.,Základní část
198002,7,1,Matouš BUBENíK,Filip ČAPKA,3,1,15,60,0,0,0,0,0,0,Foul.,Základní část
198002,7,1,Matouš BUBENíK,Filip ČAPKA,3,2,-4,27,0,0,113,0,0,0,BUBENíK Matouš hits into a double play.  GDP 643. MULAč Jan  out at 2nd 64.  3 out.,Základní část
198002,7,0,Filip KUBíčEK,Filip ČAPKA,0,0,0,0,0,0,0,0,0,0,"End of the 7th<br>0 runs, 2 lob",Základní část
198002,8,0,Filip KUBíčEK,Filip ČAPKA,0,0,-20,22,0,0,0,0,0,0,Called Strike 1.,Základní část
198002,8,0,Filip KUBíčEK,Filip ČAPKA,0,1,38,53,0,0,0,0,0,0,Ball 1.,Základní část
198002,8,0,Filip KUBíčEK,Filip ČAPKA,1,1,-2,23,0,0,113,0,0,0,KUBíčEK Filip grounds out 6-3. 1 out.,Základní část
198002,8,1,Petr ZýMA,Filip ČAPKA,0,0,37,11,0,0,0,0,0,0,Ball 1.,Základní část
198002,8,1,Petr ZýMA,Filip ČAPKA,1,0,-9,12,0,0,113,0,0,0,ZýMA Petr grounds out 6-3. 2 out.,Základní část
198002,8,2,Marek SLABý,Filip ČAPKA,0,0,1,27,0,0,0,0,0,0,Called Strike 1.,Základní část
198002,8,2,Marek SLABý,Filip ČAPKA,0,1,0,16,0,0,113,0,0,0,SLABý Marek grounds out 4-3. 3 out.,Základní část
198002,8,0,Aleš PRANDžEV,Filip ČAPKA,0,0,0,0,0,0,0,0,0,0,"End of the 8th<br>0 runs, 0 lob",Základní část
198002,9,0,Jakub HAJTMAR,Neznámý,0,0,0,0,0,0,0,0,0,0,Pinch Hitter: #84 HOJDA for #39 PRANDžEV,Základní část
198002,9,0,Jan HOJDA,Filip ČAPKA,0,0,-16,14,0,0,0,0,0,0,Called Strike 1.,Základní část
198002,9,0,Jan HOJDA,Filip ČAPKA,0,1,-1,38,0,0,0,0,0,0,Foul.,Základní část
198002,9,0,Jan HOJDA,Filip ČAPKA,0,2,-8,58,0,0,0,0,0,0,HOJDA Jan strikes out looking. 1 out.,Základní část
198002,9,1,Michal ANTOň,Filip ČAPKA,0,0,34,41,0,0,0,0,0,0,Ball 1.,Základní část
198002,9,1,Michal ANTOň,Filip ČAPKA,1,0,-13,17,0,0,0,0,0,0,Called Strike 1.,Základní část
198002,9,1,Michal ANTOň,Filip ČAPKA,1,1,-19,28,0,0,0,0,0,0,Swinging Strike 2.,Základní část
198002,9,1,Michal ANTOň,Filip ČAPKA,1,2,37,27,0,0,0,0,0,0,Ball 2.,Základní část
198002,9,1,Michal ANTOň,Filip ČAPKA,2,2,-2,15,0,0,0,0,0,0,Foul.,Základní část
198002,9,1,Michal ANTOň,Filip ČAPKA,2,2,37,42,0,0,0,0,0,0,Ball 3.,Základní část
198002,9,1,Michal ANTOň,Filip ČAPKA,3,2,5,57,0,0,0,0,0,0,ANTOň Michal strikes out swinging. 2 out.,Základní část
198002,9,2,Koya UEMURA,Filip ČAPKA,0,0,10,37,0,0,0,0,0,0,Called Strike 1.,Základní část
198002,9,2,Koya UEMURA,Filip ČAPKA,0,1,30,20,0,0,0,0,0,0,Ball 1.,Základní část
198002,9,2,Koya UEMURA,Filip ČAPKA,1,1,-2,47,0,0,235,1,0,0,UEMURA Koya doubles down left field line.,Základní část
198002,9,2,Jan MULAč,Filip ČAPKA,0,0,5,53,0,0,0,0,0,0,Foul.,Základní část
198002,9,2,Jan MULAč,Filip ČAPKA,0,1,-19,10,0,0,94,0,0,0,MULAč Jan grounds out 5-3. 3 out.,Základní část
198002,9,0,Ryker GALASKA,Filip ČAPKA,0,0,0,0,0,0,0,0,0,0,GAME OVER<br>DRA wins 5-4<br>Win: ONDRA<br>Loss: KOBERA,Základní část
198006,1,0,Michal ANTOň,Jan VAšOUREK,0,0,0,0,0,0,0,0,0,0,Play Ball,Základní část
198006,1,0,Michal ANTOň,Jan VAšOUREK,0,0,-14,28,0,0,0,0,0,0,Called Strike 1.,Základní část
198006,1,0,Michal ANTOň,Jan VAšOUREK,0,1,38,12,0,0,0,0,0,0,Ball 1.,Základní část
198006,1,0,Michal ANTOň,Jan VAšOUREK,1,1,-16,40,0,0,0,0,0,0,Foul.,Základní část
198006,1,0,Michal ANTOň,Jan VAšOUREK,1,2,-16,58,0,0,0,0,0,0,ANTOň Michal strikes out swinging. 1 out.,Základní část
198006,1,1,Koya UEMURA,Jan VAšOUREK,0,0,30,39,0,0,0,0,0,0,Ball 1.,Základní část
198006,1,1,Koya UEMURA,Jan VAšOUREK,1,0,0,54,0,0,0,0,0,0,Called Strike 1.,Základní část
198006,1,1,Koya UEMURA,Jan VAšOUREK,1,1,2,63,0,0,226,0,0,0,UEMURA Koya flies out to right field.  F9. 2 out.,Základní část
198006,1,2,Jan MULAč,Jan VAšOUREK,0,0,12,16,0,0,0,0,0,0,Foul.,Základní část
198006,1,2,Jan MULAč,Jan VAšOUREK,0,1,3,20,0,0,0,0,0,0,Foul.,Základní část
198006,1,2,Jan MULAč,Jan VAšOUREK,0,2,38,11,0,0,0,0,0,0,Ball 1.,Základní část
198006,1,2,Jan MULAč,Jan VAšOUREK,1,2,1,54,0,0,63,0,0,0,MULAč Jan flies out foul.  FP3. 3 out.,Základní část
198006,1,0,Filip KUBíčEK,Jan VAšOUREK,0,0,0,0,0,0,0,0,0,0,"Middle of the 1st<br>0 runs, 0 lob",Základní část
198006,2,0,Filip KUBíčEK,Jan VAšOUREK,0,0,10,22,0,0,0,0,0,0,Called Strike 1.,Základní část
198006,2,0,Filip KUBíčEK,Jan VAšOUREK,0,1,-7,52,0,0,0,0,0,0,Foul.,Základní část
198006,2,0,Filip KUBíčEK,Jan VAšOUREK,0,2,37,22,0,0,0,0,0,0,Ball 1.,Základní část
198006,2,0,Filip KUBíčEK,Jan VAšOUREK,1,2,-57,50,0,0,0,0,0,0,KUBíčEK Filip Hit By Pitch.,Základní část
198006,2,0,Kryštof LUKAVSKý,Jan VAšOUREK,0,0,10,15,0,0,0,0,0,0,Swinging Strike 1.,Základní část
198006,2,0,Kryštof LUKAVSKý,Jan VAšOUREK,0,1,-12,14,0,0,179,1,0,0,LUKAVSKý Kryštof singles through the left side. KUBíčEK Filip to 2nd.,Základní část
198006,2,0,Viktor HLUCHý,Jan VAšOUREK,0,0,35,29,0,0,0,0,0,0,Ball 1.,Základní část
198006,2,0,Viktor HLUCHý,Jan VAšOUREK,1,0,0,0,0,0,0,0,0,0,KUBíčEK Filip to 3rd on balk. LUKAVSKý Kryštof to 2nd on balk.,Základní část
198006,2,0,Viktor HLUCHý,Jan VAšOUREK,1,0,-8,50,0,0,205,0,0,1,HLUCHý Viktor flies out to center field.  Sacrifice Fly.  SF8. KUBíčEK Filip scores. 1 out. 1 RBI.,Základní část
198006,2,1,Petr ZýMA,Jan VAšOUREK,0,0,-6,30,0,0,0,0,0,0,Called Strike 1.,Základní část
198006,2,1,Petr ZýMA,Jan VAšOUREK,0,1,12,56,0,0,0,0,0,0,Swinging Strike 2.,Základní část
198006,2,1,Petr ZýMA,Jan VAšOUREK,0,2,0,0,0,0,0,0,0,0,Pickoff Attempt at 2nd,Základní část
198006,2,1,Petr ZýMA,Jan VAšOUREK,0,2,8,54,0,0,179,1,0,1,ZýMA Petr singles to right field. LUKAVSKý Kryštof scores. ZýMA Petr to 2nd on throw. 1 RBI.,Základní část
198006,2,1,Matouš BUBENíK,Jan VAšOUREK,0,0,-5,14,0,0,179,1,0,0,BUBENíK Matouš singles through the left side. ZýMA Petr to 3rd.,Základní část
198006,2,1,Marek SLABý,Jan VAšOUREK,0,0,0,0,0,0,0,0,0,0,Coaching Visit,Základní část
198006,2,1,Marek SLABý,Jan VAšOUREK,0,0,17,35,0,0,0,0,0,0,Foul.,Základní část
198006,2,1,Marek SLABý,Jan VAšOUREK,0,1,0,0,0,0,0,0,0,0,BUBENíK Matouš  out at 1st PO13.  2 out.,Základní část
198006,2,2,Marek SLABý,Jan VAšOUREK,0,1,4,23,0,0,94,0,0,0,SLABý Marek grounds out 3U. 3 out.,Základní část
198006,2,0,Michal ANTOň,Jan VAšOUREK,0,0,0,0,0,0,0,0,0,0,"Middle of the 2nd<br>2 runs, 1 lob",Základní část
198006,3,0,Michal ANTOň,Jan VAšOUREK,0,0,0,50,0,0,0,0,0,0,Called Strike 1.,Základní část
198006,3,0,Michal ANTOň,Jan VAšOUREK,0,1,31,9,0,0,0,0,0,0,Ball 1.,Základní část
198006,3,0,Michal ANTOň,Jan VAšOUREK,1,1,11,16,0,0,0,0,0,0,Foul.,Základní část
198006,3,0,Michal ANTOň,Jan VAšOUREK,1,2,33,64,0,0,0,0,0,0,Ball 2.,Základní část
198006,3,0,Michal ANTOň,Jan VAšOUREK,2,2,-9,23,0,0,0,0,0,0,ANTOň Michal strikes out swinging. 1 out.,Základní část
198006,3,1,Koya UEMURA,Jan VAšOUREK,0,0,31,61,0,0,0,0,0,0,Ball 1.,Základní část
198006,3,1,Koya UEMURA,Jan VAšOUREK,1,0,30,42,0,0,0,0,0,0,Ball 2.,Základní část
198006,3,1,Koya UEMURA,Jan VAšOUREK,2,0,-10,17,0,0,0,0,0,0,Called Strike 1.,Základní část
198006,3,1,Koya UEMURA,Jan VAšOUREK,2,1,-6,22,0,0,0,0,0,0,Called Strike 2.,Základní část
198006,3,1,Koya UEMURA,Jan VAšOUREK,2,2,19,44,0,0,0,0,0,0,UEMURA Koya strikes out looking. 2 out.,Základní část
198006,3,2,Jan MULAč,Jan VAšOUREK,0,0,-9,46,0,0,0,0,0,0,Called Strike 1.,Základní část
198006,3,2,Jan MULAč,Jan VAšOUREK,0,1,30,11,0,0,0,0,0,0,Ball 1.,Základní část
198006,3,2,Jan MULAč,Jan VAšOUREK,1,1,-19,62,0,0,257,0,0,0,MULAč Jan flies out to deep center field.  F8. 3 out.,Základní část
198006,3,0,Filip KUBíčEK,Jan VAšOUREK,0,0,0,0,0,0,0,0,0,0,"Middle of the 3rd<br>0 runs, 0 lob",Základní část
198006,4,0,Filip KUBíčEK,Jan VAšOUREK,0,0,38,42,0,0,0,0,0,0,Ball 1.,Základní část
198006,4,0,Filip KUBíčEK,Jan VAšOUREK,1,0,-51,49,0,0,0,0,0,0,KUBíčEK Filip Hit By Pitch.,Základní část
198006,4,0,Kryštof LUKAVSKý,Jan VAšOUREK,0,0,34,22,0,0,0,0,0,0,Ball 1. KUBíčEK Filip to 2nd on . KUBíčEK Filip  out at 2nd CS24.  1 out.,Základní část
198006,4,1,Kryštof LUKAVSKý,Jan VAšOUREK,1,0,11,20,0,0,0,0,0,0,Swinging Strike 1.,Základní část
198006,4,1,Kryštof LUKAVSKý,Jan VAšOUREK,1,1,14,60,0,0,195,0,0,0,LUKAVSKý Kryštof flies out down right field line.  F9. 2 out.,Základní část
198006,4,2,Viktor HLUCHý,Jan VAšOUREK,0,0,31,1,0,0,0,0,0,0,Ball 1.,Základní část
198006,4,2,Viktor HLUCHý,Jan VAšOUREK,1,0,-19,16,0,0,179,1,0,0,HLUCHý Viktor singles up the middle.,Základní část
198006,4,2,Petr ZýMA,Jan VAšOUREK,0,0,-15,35,0,0,0,0,0,0,Called Strike 1.,Základní část
198006,4,2,Petr ZýMA,Jan VAšOUREK,0,1,-54,21,0,0,0,0,0,0,ZýMA Petr Hit By Pitch. HLUCHý Viktor to 2nd.,Základní část
198006,4,2,Matouš BUBENíK,Jan VAšOUREK,0,0,0,0,0,0,0,0,0,0,Pickoff Attempt at 2nd,Základní část
198006,4,2,Matouš BUBENíK,Jan VAšOUREK,0,0,31,29,0,0,0,0,0,0,Ball 1.,Základní část
198006,4,2,Matouš BUBENíK,Jan VAšOUREK,1,0,38,13,0,0,0,0,0,0,Ball 2.,Základní část
198006,4,2,Matouš BUBENíK,Jan VAšOUREK,2,0,7,54,0,0,203,0,0,0,BUBENíK Matouš flies out to right field.  F9. 3 out.,Základní část
198006,4,0,Marek SLABý,Jan VAšOUREK,0,0,0,0,0,0,0,0,0,0,"Middle of the 4th<br>0 runs, 2 lob",Základní část
198006,5,0,Marek SLABý,Jan VAšOUREK,0,0,-12,36,0,0,0,0,0,0,Called Strike 1.,Základní část
198006,5,0,Marek SLABý,Jan VAšOUREK,0,1,6,55,0,0,0,0,0,0,Foul.,Základní část
198006,5,0,Marek SLABý,Jan VAšOUREK,0,2,-15,39,0,0,0,0,0,0,Foul.,Základní část
198006,5,0,Marek SLABý,Jan VAšOUREK,0,2,19,55,0,0,0,0,0,0,Foul.,Základní část
198006,5,0,Marek SLABý,Jan VAšOUREK,0,2,38,44,0,0,0,0,0,0,Ball 1.,Základní část
198006,5,0,Marek SLABý,Jan VAšOUREK,1,2,9,45,0,0,169,1,0,0,SLABý Marek doubles down right field line.,Základní část
198006,5,0,Michal ANTOň,Jan VAšOUREK,0,0,1,40,0,0,38,0,0,0,ANTOň Michal out on sacrifice hit 34. Bunt. SLABý Marek to 3rd. 1 out.,Základní část
198006,5,1,Koya UEMURA,Jan VAšOUREK,0,0,-14,40,0,0,0,0,0,0,Called Strike 1.,Základní část
198006,5,1,Koya UEMURA,Jan VAšOUREK,0,1,-5,48,0,0,0,0,0,0,Foul.,Základní část
198006,5,1,Koya UEMURA,Jan VAšOUREK,0,2,-7,24,0,0,0,0,0,0,Foul.,Základní část
198006,5,1,Koya UEMURA,Jan VAšOUREK,0,2,10,50,0,0,166,0,0,0,UEMURA Koya flies out to right field.  F9. 2 out.,Základní část
198006,5,2,Jan MULAč,Jan VAšOUREK,0,0,-13,47,0,0,94,0,0,0,MULAč Jan flies out foul.  FP5. 3 out.,Základní část
198006,5,0,Filip KUBíčEK,Jan VAšOUREK,0,0,0,0,0,0,0,0,0,0,"Middle of the 5th<br>0 runs, 1 lob",Základní část
198006,6,0,Filip KUBíčEK,Jan VAšOUREK,0,0,-14,26,0,0,0,0,0,0,Called Strike 1.,Základní část
198006,6,0,Filip KUBíčEK,Jan VAšOUREK,0,1,35,28,0,0,0,0,0,0,Ball 1.,Základní část
198006,6,0,Filip KUBíčEK,Jan VAšOUREK,1,1,-14,27,0,0,0,0,0,0,Called Strike 2.,Základní část
198006,6,0,Filip KUBíčEK,Jan VAšOUREK,1,2,16,53,0,0,0,0,0,0,KUBíčEK Filip strikes out swinging. 1 out.,Základní část
198006,6,1,Kryštof LUKAVSKý,Jan VAšOUREK,0,0,3,16,0,0,0,0,0,0,Swinging Strike 1.,Základní část
198006,6,1,Kryštof LUKAVSKý,Jan VAšOUREK,0,1,17,26,0,0,0,0,0,0,Called Strike 2.,Základní část
198006,6,1,Kryštof LUKAVSKý,Jan VAšOUREK,0,2,15,54,0,0,198,0,0,0,LUKAVSKý Kryštof flies out to right field.  F9. 2 out.,Základní část
198006,6,2,Viktor HLUCHý,Jan VAšOUREK,0,0,-6,12,0,0,0,0,0,0,Called Strike 1.,Základní část
198006,6,2,Viktor HLUCHý,Jan VAšOUREK,0,1,30,17,0,0,0,0,0,0,Ball 1.,Základní část
198006,6,2,Viktor HLUCHý,Jan VAšOUREK,1,1,-14,45,0,0,208,0,0,0,HLUCHý Viktor flies out to left field.  F7. 3 out.,Základní část
198006,6,0,Petr ZýMA,Jan VAšOUREK,0,0,0,0,0,0,0,0,0,0,"Middle of the 6th<br>0 runs, 0 lob",Základní část
198006,7,0,Petr ZýMA,Jan VAšOUREK,0,0,39,48,0,0,0,0,0,0,Ball 1.,Základní část
198006,7,0,Petr ZýMA,Jan VAšOUREK,1,0,39,42,0,0,0,0,0,0,Ball 2.,Základní část
198006,7,0,Petr ZýMA,Jan VAšOUREK,2,0,12,34,0,0,0,0,0,0,Called Strike 1.,Základní část
198006,7,0,Petr ZýMA,Jan VAšOUREK,2,1,-11,17,0,0,108,0,0,0,ZýMA Petr grounds out 5-3. 1 out.,Základní část
198006,7,1,Matouš BUBENíK,Jan VAšOUREK,0,0,-18,49,0,0,286,1,0,1,BUBENíK Matouš homers to deep left center. 1 RBI.,Základní část
198006,7,1,Marek SLABý,Jan VAšOUREK,0,0,3,16,0,0,0,0,0,0,Called Strike 1.,Základní část
198006,7,1,Marek SLABý,Jan VAšOUREK,0,1,32,8,0,0,0,0,0,0,Ball 1.,Základní část
198006,7,1,Marek SLABý,Jan VAšOUREK,1,1,34,9,0,0,0,0,0,0,Ball 2.,Základní část
198006,7,1,Marek SLABý,Jan VAšOUREK,2,1,-20,28,0,0,0,0,0,0,Called Strike 2.,Základní část
198006,7,1,Marek SLABý,Jan VAšOUREK,2,2,10,60,0,0,0,0,0,0,SLABý Marek strikes out swinging. 2 out.,Základní část
198006,7,2,Michal ANTOň,Jan VAšOUREK,0,0,-2,17,0,0,0,0,0,0,Called Strike 1.,Základní část
198006,7,2,Michal ANTOň,Jan VAšOUREK,0,1,31,16,0,0,0,0,0,0,Ball 1.,Základní část
198006,7,2,Michal ANTOň,Jan VAšOUREK,1,1,-13,64,0,0,219,0,0,0,ANTOň Michal flies out to center field.  F8. 3 out.,Základní část
198006,7,0,Koya UEMURA,Jan VAšOUREK,0,0,0,0,0,0,0,0,0,0,"Middle of the 7th<br>1 runs, 0 lob",Základní část
198006,8,0,Neznámý,Neznámý,0,0,0,0,0,0,0,0,0,0,Pitching Change: #95 VENTRUBA for #42 VAšOUREK,Základní část
198006,8,0,Koya UEMURA,Vojtěch VENTRUBA,0,0,31,67,0,0,0,0,0,0,Ball 1.,Základní část
198006,8,0,Koya UEMURA,Vojtěch VENTRUBA,1,0,31,61,0,0,0,0,0,0,Ball 2.,Základní část
198006,8,0,Koya UEMURA,Vojtěch VENTRUBA,2,0,30,18,0,0,0,0,0,0,Ball 3.,Základní část
198006,8,0,Koya UEMURA,Vojtěch VENTRUBA,3,0,35,68,0,0,0,0,1,0,UEMURA Koya walks.,Základní část
198006,8,0,Jan MULAč,Vojtěch VENTRUBA,0,0,36,37,0,0,0,0,0,0,Ball 1. UEMURA Koya to 2nd on passed ball.,Základní část
198006,8,0,Jan MULAč,Vojtěch VENTRUBA,1,0,1,59,0,0,0,0,0,0,Called Strike 1.,Základní část
198006,8,0,Jan MULAč,Vojtěch VENTRUBA,1,1,-6,22,0,0,0,0,0,0,Foul.,Základní část
198006,8,0,Jan MULAč,Vojtěch VENTRUBA,1,2,14,17,0,0,106,0,0,0,MULAč Jan grounds out 3U. UEMURA Koya to 3rd. 1 out.,Základní část
198006,8,1,Filip KUBíčEK,Vojtěch VENTRUBA,0,0,8,24,0,0,0,0,0,0,Foul.,Základní část
198006,8,1,Filip KUBíčEK,Vojtěch VENTRUBA,0,1,32,4,0,0,0,0,0,0,Ball 1.,Základní část
198006,8,1,Filip KUBíčEK,Vojtěch VENTRUBA,1,1,-9,15,0,0,179,1,0,1,KUBíčEK Filip singles through the left side. UEMURA Koya scores. 1 RBI.,Základní část
198006,8,1,Kryštof LUKAVSKý,Vojtěch VENTRUBA,0,0,-6,47,0,0,0,0,0,0,Called Strike 1.,Základní část
198006,8,1,Kryštof LUKAVSKý,Vojtěch VENTRUBA,0,1,0,0,0,0,0,0,0,0,Pickoff Attempt at 1st,Základní část
198006,8,1,Kryštof LUKAVSKý,Vojtěch VENTRUBA,0,1,-7,21,0,0,0,0,0,0,Swinging Strike 2.,Základní část
198006,8,1,Kryštof LUKAVSKý,Vojtěch VENTRUBA,0,2,-12,53,0,0,0,0,0,0,LUKAVSKý Kryštof strikes out swinging. 2 out.,Základní část
198006,8,2,Viktor HLUCHý,Vojtěch VENTRUBA,0,0,10,12,0,0,0,0,0,0,Swinging Strike 1.,Základní část
198006,8,2,Viktor HLUCHý,Vojtěch VENTRUBA,0,1,0,0,0,0,0,0,0,0,Pickoff Attempt at 1st,Základní část
198006,8,2,Viktor HLUCHý,Vojtěch VENTRUBA,0,1,-6,63,0,0,201,0,0,0,HLUCHý Viktor flies out to left field.  F7. 3 out.,Základní část
198006,8,0,Petr ZýMA,Vojtěch VENTRUBA,0,0,0,0,0,0,0,0,0,0,"Middle of the 8th<br>1 runs, 1 lob",Základní část
198006,9,0,Petr ZýMA,Vojtěch VENTRUBA,0,0,-5,56,0,0,0,0,0,0,Called Strike 1.,Základní část
198006,9,0,Petr ZýMA,Vojtěch VENTRUBA,0,1,12,62,0,0,174,1,0,0,ZýMA Petr doubles down right field line.,Základní část
198006,9,0,Matouš BUBENíK,Vojtěch VENTRUBA,0,0,-2,16,0,0,179,1,0,1,BUBENíK Matouš singles up the middle. ZýMA Petr scores. 1 RBI.,Základní část
198006,9,0,Marek SLABý,Vojtěch VENTRUBA,0,0,-11,42,0,0,0,0,0,0,Foul.,Základní část
198006,9,0,Marek SLABý,Vojtěch VENTRUBA,0,1,36,68,0,0,0,0,0,0,Ball 1.,Základní část
198006,9,0,Marek SLABý,Vojtěch VENTRUBA,1,1,-16,60,0,0,0,0,0,0,Foul.,Základní část
198006,9,0,Marek SLABý,Vojtěch VENTRUBA,1,2,18,59,0,0,179,1,0,0,SLABý Marek singles to right field. BUBENíK Matouš to 2nd.,Základní část
198006,9,0,Michal ANTOň,Vojtěch VENTRUBA,0,0,-2,20,0,0,0,0,0,0,Called Strike 1.,Základní část
198006,9,0,Michal ANTOň,Vojtěch VENTRUBA,0,1,10,38,0,0,38,0,0,0,ANTOň Michal out on sacrifice hit 14. Bunt. BUBENíK Matouš to 3rd. SLABý Marek to 2nd. 1 out.,Základní část
198006,9,1,Koya UEMURA,Vojtěch VENTRUBA,0,0,0,0,0,0,0,0,1,0,UEMURA Koya is intentionally walked.,Základní část
198006,9,1,Jan MULAč,Vojtěch VENTRUBA,0,0,-17,17,0,0,0,0,0,0,Called Strike 1.,Základní část
198006,9,1,Jan MULAč,Vojtěch VENTRUBA,0,1,-6,37,0,0,0,0,0,0,Foul.,Základní část
198006,9,1,Jan MULAč,Vojtěch VENTRUBA,0,2,-14,26,0,0,0,0,0,0,Foul.,Základní část
198006,9,1,Jan MULAč,Vojtěch VENTRUBA,0,2,9,50,0,0,97,0,0,0,MULAč Jan flies out.  Infield Fly.  P4. 2 out.,Základní část
198006,9,2,Filip KUBíčEK,Vojtěch VENTRUBA,0,0,34,49,0,0,0,0,0,0,Ball 1.,Základní část
198006,9,2,Filip KUBíčEK,Vojtěch VENTRUBA,1,0,33,51,0,0,0,0,0,0,Ball 2.,Základní část
198006,9,2,Filip KUBíčEK,Vojtěch VENTRUBA,2,0,14,56,0,0,0,0,0,0,Swinging Strike 1.,Základní část
198006,9,2,Filip KUBíčEK,Vojtěch VENTRUBA,2,1,-3,52,0,0,301,1,0,4,KUBíčEK Filip homers to deep left field. BUBENíK Matouš scores. SLABý Marek scores. UEMURA Koya scores. 4 RBI.,Základní část
198006,9,0,Neznámý,Neznámý,0,0,0,0,0,0,0,0,0,0,Pitching Change: #3 VENTRUBA for #95 VENTRUBA,Základní část
198006,9,2,Kryštof LUKAVSKý,Vít VENTRUBA,0,0,-1,22,0,0,113,0,0,0,LUKAVSKý Kryštof grounds out 6-3. 3 out.,Základní část
198006,9,0,Viktor HLUCHý,Vít VENTRUBA,0,0,0,0,0,0,0,0,0,0,"Middle of the 9th<br>5 runs, 0 lob",Základní část
197974,1,0,Michal ANTOň,Jan KOZEL,0,0,0,0,0,0,0,0,0,0,Play Ball,Základní část
197974,1,0,Michal ANTOň,Jan KOZEL,0,0,-9,19,0,0,91,0,0,0,ANTOň Michal grounds out 6-3. 1 out.,Základní část
197974,1,1,Koya UEMURA,Jan KOZEL,0,0,3,34,0,0,0,0,0,0,Called Strike 1.,Základní část
197974,1,1,Koya UEMURA,Jan KOZEL,0,1,-1,53,0,0,0,0,0,0,Called Strike 2.,Základní část
197974,1,1,Koya UEMURA,Jan KOZEL,0,2,5,60,0,0,226,0,0,0,UEMURA Koya flies out to center field.  L8. 2 out.,Základní část
197974,1,2,Jan MULAč,Jan KOZEL,0,0,16,43,0,0,0,0,0,0,Foul.,Základní část
197974,1,2,Jan MULAč,Jan KOZEL,0,1,-17,29,0,0,179,1,0,0,MULAč Jan singles up the middle.,Základní část
197974,1,2,Ryker GALASKA,Jan KOZEL,0,0,-8,29,0,0,179,1,0,0,GALASKA Ryker singles up the middle. MULAč Jan to 2nd.,Základní část
197974,1,2,Filip KUBíčEK,Jan KOZEL,0,0,-6,22,0,0,0,0,0,0,Called Strike 1.,Základní část
197974,1,2,Filip KUBíčEK,Jan KOZEL,0,1,17,21,0,0,0,0,0,0,Called Strike 2.,Základní část
197974,1,2,Filip KUBíčEK,Jan KOZEL,0,2,1,53,0,0,0,0,0,0,Foul.,Základní část
197974,1,2,Filip KUBíčEK,Jan KOZEL,0,2,2,26,0,0,0,0,0,0,Foul.,Základní část
197974,1,2,Filip KUBíčEK,Jan KOZEL,0,2,37,24,0,0,0,0,0,0,Ball 1.,Základní část
197974,1,2,Filip KUBíčEK,Jan KOZEL,1,2,38,53,0,0,0,0,0,0,Ball 2.,Základní část
197974,1,2,Filip KUBíčEK,Jan KOZEL,2,2,-13,54,0,0,0,0,0,0,KUBíčEK Filip strikes out swinging. 3 out.,Základní část
197974,1,0,Petr ZýMA,Jan KOZEL,0,0,0,0,0,0,0,0,0,0,"Middle of the 1st<br>0 runs, 2 lob",Základní část
197974,2,0,Petr ZýMA,Jan KOZEL,0,0,9,53,0,0,0,0,0,0,Called Strike 1.,Základní část
197974,2,0,Petr ZýMA,Jan KOZEL,0,1,33,8,0,0,0,0,0,0,Ball 1.,Základní část
197974,2,0,Petr ZýMA,Jan KOZEL,1,1,38,48,0,0,0,0,0,0,Ball 2.,Základní část
197974,2,0,Petr ZýMA,Jan KOZEL,2,1,-14,16,0,0,0,0,0,0,Foul.,Základní část
197974,2,0,Petr ZýMA,Jan KOZEL,2,2,16,25,0,0,113,0,0,0,ZýMA Petr grounds out 4-3. 1 out.,Základní část
197974,2,1,Filip ŠINDLER,Jan KOZEL,0,0,7,13,0,0,235,1,0,0,ŠINDLER Filip doubles down RF line.,Základní část
197974,2,1,Marek SLABý,Jan KOZEL,0,0,-1,14,0,0,0,0,0,0,Called Strike 1.,Základní část
197974,2,1,Marek SLABý,Jan KOZEL,0,1,33,32,0,0,0,0,0,0,Ball 1.,Základní část
197974,2,1,Marek SLABý,Jan KOZEL,1,1,16,45,0,0,0,0,0,0,Called Strike 2.,Základní část
197974,2,1,Marek SLABý,Jan KOZEL,1,2,32,37,0,0,0,0,0,0,Ball 2.,Základní část
197974,2,1,Marek SLABý,Jan KOZEL,2,2,39,36,0,0,0,0,0,0,Ball 3.,Základní část
197974,2,1,Marek SLABý,Jan KOZEL,3,2,39,62,0,0,0,0,1,0,SLABý Marek walks.,Základní část
197974,2,1,Aleš PRANDžEV,Jan KOZEL,0,0,38,43,0,0,0,0,0,0,Ball 1.,Základní část
197974,2,1,Aleš PRANDžEV,Jan KOZEL,1,0,11,26,0,0,0,0,0,0,Called Strike 1.,Základní část
197974,2,1,Aleš PRANDžEV,Jan KOZEL,1,1,37,70,0,0,0,0,0,0,Ball 2.,Základní část
197974,2,1,Aleš PRANDžEV,Jan KOZEL,2,1,30,40,0,0,0,0,0,0,Ball 3.,Základní část
197974,2,1,Aleš PRANDžEV,Jan KOZEL,3,1,36,20,0,0,0,0,1,0,PRANDžEV Aleš walks. ŠINDLER Filip to 3rd. SLABý Marek to 2nd.,Základní část
197974,2,1,Michal ANTOň,Jan KOZEL,0,0,4,39,0,0,0,0,0,0,Called Strike 1.,Základní část
197974,2,1,Michal ANTOň,Jan KOZEL,0,1,-18,61,0,0,0,0,0,0,Called Strike 2.,Základní část
197974,2,1,Michal ANTOň,Jan KOZEL,0,2,33,3,0,0,0,0,0,0,Ball 1.,Základní část
197974,2,1,Michal ANTOň,Jan KOZEL,1,2,36,11,0,0,0,0,0,0,Ball 2.,Základní část
197974,2,1,Michal ANTOň,Jan KOZEL,2,2,30,3,0,0,0,0,0,0,Ball 3.,Základní část
197974,2,1,Michal ANTOň,Jan KOZEL,3,2,9,28,0,0,94,0,0,0,ANTOň Michal reaches on fielders choice. ŠINDLER Filip  out at home 32.  SLABý Marek to 3rd. PRANDžEV Aleš to 2nd. 2 out.,Základní část
197974,2,2,Koya UEMURA,Jan KOZEL,0,0,34,43,0,0,0,0,0,0,Ball 1.,Základní část
197974,2,2,Koya UEMURA,Jan KOZEL,1,0,3,53,0,0,226,0,0,0,UEMURA Koya flies out to right field.  F9. 3 out.,Základní část
197974,2,0,Jan MULAč,Jan KOZEL,0,0,0,0,0,0,0,0,0,0,"Middle of the 2nd<br>0 runs, 3 lob",Základní část
197974,3,0,Jan MULAč,Jan KOZEL,0,0,-15,12,0,0,67,1,0,0,MULAč Jan singles to third base.,Základní část
197974,3,0,Ryker GALASKA,Jan KOZEL,0,0,38,19,0,0,0,0,0,0,Ball 1.,Základní část
197974,3,0,Ryker GALASKA,Jan KOZEL,1,0,3,55,0,0,287,1,0,2,GALASKA Ryker homers to deep right field. MULAč Jan scores. 2 RBI.,Základní část
197974,3,0,Filip KUBíčEK,Jan KOZEL,0,0,-6,57,0,0,0,0,0,0,Called Strike 1.,Základní část
197974,3,0,Filip KUBíčEK,Jan KOZEL,0,1,8,30,0,0,0,0,0,0,Swinging Strike 2.,Základní část
197974,3,0,Filip KUBíčEK,Jan KOZEL,0,2,35,69,0,0,0,0,0,0,Ball 1.,Základní část
197974,3,0,Filip KUBíčEK,Jan KOZEL,1,2,-3,23,0,0,0,0,0,0,KUBíčEK Filip strikes out swinging KS23. 1 out.,Základní část
197974,3,1,Petr ZýMA,Jan KOZEL,0,0,6,36,0,0,0,0,0,0,Called Strike 1.,Základní část
197974,3,1,Petr ZýMA,Jan KOZEL,0,1,-11,48,0,0,0,0,0,0,Swinging Strike 2.,Základní část
197974,3,1,Petr ZýMA,Jan KOZEL,0,2,10,47,0,0,179,1,0,0,ZýMA Petr singles to right field.,Základní část
197974,3,1,Filip ŠINDLER,Jan KOZEL,0,0,33,30,0,0,0,0,0,0,Ball 1. ZýMA Petr  out at 1st 13.  2 out.,Základní část
197974,3,2,Filip ŠINDLER,Jan KOZEL,1,0,0,47,0,0,57,0,0,0,ŠINDLER Filip flies out foul.  FF3. 3 out.,Základní část
197974,3,0,Marek SLABý,Jan KOZEL,0,0,0,0,0,0,0,0,0,0,"Middle of the 3rd<br>2 runs, 0 lob",Základní část
197974,4,0,Marek SLABý,Jan KOZEL,0,0,-10,17,0,0,0,0,0,0,Called Strike 1.,Základní část
197974,4,0,Marek SLABý,Jan KOZEL,0,1,-5,41,0,0,0,0,0,0,Called Strike 2.,Základní část
197974,4,0,Marek SLABý,Jan KOZEL,0,2,32,48,0,0,0,0,0,0,Ball 1.,Základní část
197974,4,0,Marek SLABý,Jan KOZEL,1,2,32,27,0,0,0,0,0,0,Ball 2.,Základní část
197974,4,0,Marek SLABý,Jan KOZEL,2,2,30,51,0,0,0,0,0,0,Ball 3.,Základní část
197974,4,0,Marek SLABý,Jan KOZEL,3,2,10,44,0,0,0,0,0,0,SLABý Marek strikes out looking. 1 out.,Základní část
197974,4,1,Aleš PRANDžEV,Jan KOZEL,0,0,-11,59,0,0,179,1,0,0,PRANDžEV Aleš singles to left field.,Základní část
197974,4,1,Michal ANTOň,Jan KOZEL,0,0,8,23,0,0,0,0,0,0,Called Strike 1.,Základní část
197974,4,1,Michal ANTOň,Jan KOZEL,0,1,-5,15,0,0,179,1,0,0,ANTOň Michal singles up the middle. PRANDžEV Aleš to 2nd.,Základní část
197974,4,1,Koya UEMURA,Jan KOZEL,0,0,-6,45,0,0,0,0,0,0,Called Strike 1.,Základní část
197974,4,1,Koya UEMURA,Jan KOZEL,0,1,6,39,0,0,0,0,0,0,Called Strike 2.,Základní část
197974,4,1,Koya UEMURA,Jan KOZEL,0,2,3,18,0,0,0,0,0,0,UEMURA Koya strikes out swinging. 2 out.,Základní část
197974,4,2,Jan MULAč,Jan KOZEL,0,0,15,25,0,0,0,0,0,0,Foul.,Základní část
197974,4,2,Jan MULAč,Jan KOZEL,0,1,-19,29,0,0,94,0,0,0,MULAč Jan reaches on fielders choice. ANTOň Michal  out at 2nd 54.  3 out.,Základní část
197974,4,0,Ryker GALASKA,Jan KOZEL,0,0,0,0,0,0,0,0,0,0,"Middle of the 4th<br>0 runs, 2 lob",Základní část
197974,5,0,Ryker GALASKA,Jan KOZEL,0,0,4,48,0,0,146,0,0,0,GALASKA Ryker flies out.  F6. 1 out.,Základní část
197974,5,1,Filip KUBíčEK,Jan KOZEL,0,0,-15,12,0,0,0,0,0,0,Called Strike 1.,Základní část
197974,5,1,Filip KUBíčEK,Jan KOZEL,0,1,36,53,0,0,0,0,0,0,Ball 1.,Základní část
197974,5,1,Filip KUBíčEK,Jan KOZEL,1,1,30,5,0,0,0,0,0,0,Ball 2.,Základní část
197974,5,1,Filip KUBíčEK,Jan KOZEL,2,1,-11,14,0,0,0,0,0,0,Foul.,Základní část
197974,5,1,Filip KUBíčEK,Jan KOZEL,2,2,33,54,0,0,0,0,0,0,Ball 3.,Základní část
197974,5,1,Filip KUBíčEK,Jan KOZEL,3,2,-20,11,0,0,113,0,0,0,KUBíčEK Filip grounds out 6-3. 2 out.,Základní část
197974,5,2,Petr ZýMA,Jan KOZEL,0,0,-20,18,0,0,94,0,0,0,ZýMA Petr grounds out 5-3. 3 out.,Základní část
197974,5,0,Filip ŠINDLER,Jan KOZEL,0,0,0,0,0,0,0,0,0,0,"Middle of the 5th<br>0 runs, 0 lob",Základní část
197974,6,0,Filip ŠINDLER,Jan KOZEL,0,0,-13,50,0,0,0,0,0,0,Foul.,Základní část
197974,6,0,Filip ŠINDLER,Jan KOZEL,0,1,-12,39,0,0,0,0,0,0,Called Strike 2.,Základní část
197974,6,0,Filip ŠINDLER,Jan KOZEL,0,2,16,25,0,0,179,1,0,0,ŠINDLER Filip singles through the right side.,Základní část
197974,6,0,Marek SLABý,Jan KOZEL,0,0,38,29,0,0,0,0,0,0,Ball 1.,Základní část
197974,6,0,Marek SLABý,Jan KOZEL,1,0,0,31,0,0,0,0,0,0,Called Strike 1.,Základní část
197974,6,0,Marek SLABý,Jan KOZEL,1,1,9,59,0,0,0,0,0,0,Called Strike 2.,Základní část
197974,6,0,Marek SLABý,Jan KOZEL,1,2,38,1,0,0,0,0,0,0,Ball 2.,Základní část
197974,6,0,Marek SLABý,Jan KOZEL,2,2,4,50,0,0,226,0,0,0,SLABý Marek flies out to center field.  F8. 1 out.,Základní část
197974,6,1,Aleš PRANDžEV,Jan KOZEL,0,0,0,0,0,0,0,0,0,0,Pickoff Attempt at 1st,Základní část
197974,6,1,Aleš PRANDžEV,Jan KOZEL,0,0,-20,54,0,0,0,0,0,0,Called Strike 1.,Základní část
197974,6,1,Aleš PRANDžEV,Jan KOZEL,0,1,-4,58,0,0,0,0,0,0,Called Strike 2. ŠINDLER Filip to 2nd on . ŠINDLER Filip  out at 2nd CS26.  2 out.,Základní část
197974,6,2,Aleš PRANDžEV,Jan KOZEL,0,2,14,55,0,0,0,0,0,0,PRANDžEV Aleš strikes out looking. 3 out.,Základní část
197974,6,0,Michal ANTOň,Jan KOZEL,0,0,0,0,0,0,0,0,0,0,"Middle of the 6th<br>0 runs, 0 lob",Základní část
197974,7,0,Michal ANTOň,Jan KOZEL,0,0,1,53,0,0,0,0,0,0,Foul.,Základní část
197974,7,0,Michal ANTOň,Jan KOZEL,0,1,33,52,0,0,0,0,0,0,Ball 1.,Základní část
197974,7,0,Michal ANTOň,Jan KOZEL,1,1,38,22,0,0,0,0,0,0,Ball 2.,Základní část
197974,7,0,Michal ANTOň,Jan KOZEL,2,1,11,57,0,0,209,1,0,0,ANTOň Michal singles to right center.,Základní část
197974,7,0,Koya UEMURA,Jan KOZEL,0,0,38,13,0,0,0,0,0,0,Ball 1. ANTOň Michal to 2nd on passed ball.,Základní část
197974,7,0,Koya UEMURA,Jan KOZEL,1,0,31,3,0,0,0,0,0,0,Ball 2.,Základní část
197974,7,0,Koya UEMURA,Jan KOZEL,2,0,19,30,0,0,0,0,0,0,Foul.,Základní část
197974,7,0,Koya UEMURA,Jan KOZEL,2,1,-5,17,0,0,129,1,0,0,UEMURA Koya singles to shortstop. ANTOň Michal to 3rd.,Základní část
197974,7,0,Neznámý,Neznámý,0,0,0,0,0,0,0,0,0,0,Pitching Change: #9 NOVOTNý for #54 KOZEL,Základní část
197974,7,0,Jan MULAč,Matyáš NOVOTNý,0,0,31,12,0,0,0,0,0,0,Ball 1.,Základní část
197974,7,0,Jan MULAč,Matyáš NOVOTNý,1,0,30,53,0,0,0,0,0,0,Ball 2. ANTOň Michal scores on wild pitch. UEMURA Koya to 2nd on wild pitch.,Základní část
197974,7,0,Jan MULAč,Matyáš NOVOTNý,2,0,18,51,0,0,0,0,0,0,Called Strike 1.,Základní část
197974,7,0,Jan MULAč,Matyáš NOVOTNý,2,1,-19,32,0,0,0,0,0,0,Swinging Strike 2.,Základní část
197974,7,0,Jan MULAč,Matyáš NOVOTNý,2,2,-16,52,0,0,0,0,0,0,MULAč Jan strikes out swinging. 1 out.,Základní část
197974,7,1,Ryker GALASKA,Matyáš NOVOTNý,0,0,-16,45,0,0,0,0,0,0,Called Strike 1.,Základní část
197974,7,1,Ryker GALASKA,Matyáš NOVOTNý,0,1,-5,22,0,0,113,0,0,0,GALASKA Ryker grounds out 6-3. UEMURA Koya to 3rd. 2 out.,Základní část
197974,7,2,Filip KUBíčEK,Matyáš NOVOTNý,0,0,32,13,0,0,0,0,0,0,Ball 1.,Základní část
197974,7,2,Filip KUBíčEK,Matyáš NOVOTNý,1,0,34,6,0,0,0,0,0,0,Ball 2.,Základní část
197974,7,2,Filip KUBíčEK,Matyáš NOVOTNý,2,0,3,40,0,0,0,0,0,0,Called Strike 1.,Základní část
197974,7,2,Filip KUBíčEK,Matyáš NOVOTNý,2,1,10,31,0,0,0,0,0,0,Foul.,Základní část
197974,7,2,Filip KUBíčEK,Matyáš NOVOTNý,2,2,2,60,0,0,47,0,0,0,KUBíčEK Filip reaches on dropped fly error. E3. UEMURA Koya scores.,Základní část
197974,7,2,Petr ZýMA,Matyáš NOVOTNý,0,0,33,53,0,0,0,0,0,0,Ball 1.,Základní část
197974,7,2,Petr ZýMA,Matyáš NOVOTNý,1,0,0,0,0,0,0,0,0,0,Pickoff Attempt at 1st,Základní část
197974,7,2,Petr ZýMA,Matyáš NOVOTNý,1,0,-20,18,0,0,0,0,0,0,Swinging Strike 1. KUBíčEK Filip to 2nd on stolen base.,Základní část
197974,7,2,Petr ZýMA,Matyáš NOVOTNý,1,1,38,55,0,0,0,0,0,0,Ball 2.,Základní část
197974,7,2,Petr ZýMA,Matyáš NOVOTNý,2,1,10,14,0,0,0,0,0,0,Called Strike 2.,Základní část
197974,7,2,Petr ZýMA,Matyáš NOVOTNý,2,2,11,34,0,0,0,0,0,0,Foul.,Základní část
197974,7,2,Petr ZýMA,Matyáš NOVOTNý,2,2,-6,12,0,0,0,0,0,0,Foul.,Základní část
197974,7,2,Petr ZýMA,Matyáš NOVOTNý,2,2,-5,23,0,0,113,0,0,0,ZýMA Petr grounds out 6-3. 3 out.,Základní část
197974,7,0,Filip ŠINDLER,Matyáš NOVOTNý,0,0,0,0,0,0,0,0,0,0,"Middle of the 7th<br>2 runs, 1 lob",Základní část
197974,8,0,Filip ŠINDLER,Matyáš NOVOTNý,0,0,2,42,0,0,0,0,0,0,Foul.,Základní část
197974,8,0,Filip ŠINDLER,Matyáš NOVOTNý,0,1,-1,61,0,0,0,0,0,0,Called Strike 2.,Základní část
197974,8,0,Filip ŠINDLER,Matyáš NOVOTNý,0,2,0,13,0,0,113,0,0,0,ŠINDLER Filip grounds out 4-3. 1 out.,Základní část
197974,8,1,Marek SLABý,Matyáš NOVOTNý,0,0,36,30,0,0,0,0,0,0,Ball 1.,Základní část
197974,8,1,Marek SLABý,Matyáš NOVOTNý,1,0,32,8,0,0,0,0,0,0,Ball 2.,Základní část
197974,8,1,Marek SLABý,Matyáš NOVOTNý,2,0,-9,25,0,0,0,0,0,0,Foul.,Základní část
197974,8,1,Marek SLABý,Matyáš NOVOTNý,2,1,-11,52,0,0,0,0,0,0,Called Strike 2.,Základní část
197974,8,1,Marek SLABý,Matyáš NOVOTNý,2,2,-12,33,0,0,0,0,0,0,Foul.,Základní část
197974,8,1,Marek SLABý,Matyáš NOVOTNý,2,2,34,69,0,0,0,0,0,0,Ball 3.,Základní část
197974,8,1,Marek SLABý,Matyáš NOVOTNý,3,2,38,41,0,0,0,0,1,0,SLABý Marek walks.,Základní část
197974,8,0,Neznámý,Neznámý,0,0,0,0,0,0,0,0,0,0,Pinch Hitter: #1 BUBENíK for #39 PRANDžEV,Základní část
197974,8,1,Matouš BUBENíK,Matyáš NOVOTNý,0,0,-6,20,0,0,179,1,0,0,BUBENíK Matouš singles up the middle. SLABý Marek to 2nd.,Základní část
197974,8,1,Michal ANTOň,Matyáš NOVOTNý,0,0,31,22,0,0,0,0,0,0,Ball 1.,Základní část
197974,8,1,Michal ANTOň,Matyáš NOVOTNý,1,0,14,12,0,0,0,0,0,0,Called Strike 1.,Základní část
197974,8,1,Michal ANTOň,Matyáš NOVOTNý,1,1,-51,46,0,0,0,0,0,0,ANTOň Michal Hit By Pitch. SLABý Marek to 3rd. BUBENíK Matouš to 2nd.,Základní část
197974,8,1,Koya UEMURA,Matyáš NOVOTNý,0,0,0,0,0,0,0,0,0,0,Coaching Visit,Základní část
197974,8,1,Koya UEMURA,Matyáš NOVOTNý,0,0,-13,56,0,0,0,0,0,0,Swinging Strike 1.,Základní část
197974,8,1,Koya UEMURA,Matyáš NOVOTNý,0,1,12,61,0,0,287,1,0,4,UEMURA Koya homers to deep right center. SLABý Marek scores. BUBENíK Matouš scores. ANTOň Michal scores. 4 RBI.,Základní část
197974,8,1,Jan MULAč,Matyáš NOVOTNý,0,0,33,49,0,0,0,0,0,0,Ball 1.,Základní část
197974,8,1,Jan MULAč,Matyáš NOVOTNý,1,0,12,27,0,0,0,0,0,0,Called Strike 1.,Základní část
197974,8,1,Jan MULAč,Matyáš NOVOTNý,1,1,-6,34,0,0,0,0,0,0,Swinging Strike 2.,Základní část
197974,8,1,Jan MULAč,Matyáš NOVOTNý,1,2,-15,18,0,0,0,0,0,0,MULAč Jan strikes out looking. 2 out.,Základní část
197974,8,2,Ryker GALASKA,Matyáš NOVOTNý,0,0,1,49,0,0,0,0,0,0,Called Strike 1.,Základní část
197974,8,2,Ryker GALASKA,Matyáš NOVOTNý,0,1,33,28,0,0,0,0,0,0,Ball 1.,Základní část
197974,8,2,Ryker GALASKA,Matyáš NOVOTNý,1,1,-3,21,0,0,0,0,0,0,Foul.,Základní část
197974,8,2,Ryker GALASKA,Matyáš NOVOTNý,1,2,-6,49,0,0,226,0,0,0,GALASKA Ryker flies out to left field.  F7. 3 out.,Základní část
197974,8,0,Filip KUBíčEK,Matyáš NOVOTNý,0,0,0,0,0,0,0,0,0,0,"Middle of the 8th<br>4 runs, 0 lob",Základní část
197974,9,0,Neznámý,Neznámý,0,0,0,0,0,0,0,0,0,0,Pitching Change: #99 ŠíN for #9 NOVOTNý,Základní část
197974,9,0,Filip KUBíčEK,Alexandr ŠíN,0,0,8,40,0,0,0,0,0,0,Called Strike 1.,Základní část
197974,9,0,Filip KUBíčEK,Alexandr ŠíN,0,1,-6,37,0,0,0,0,0,0,Swinging Strike 2.,Základní část
197974,9,0,Filip KUBíčEK,Alexandr ŠíN,0,2,-17,19,0,0,0,0,0,0,KUBíčEK Filip strikes out swinging. 1 out.,Základní část
197974,9,1,Petr ZýMA,Alexandr ŠíN,0,0,39,31,0,0,0,0,0,0,Ball 1.,Základní část
197974,9,1,Petr ZýMA,Alexandr ŠíN,1,0,-11,47,0,0,0,0,0,0,Swinging Strike 1.,Základní část
197974,9,1,Petr ZýMA,Alexandr ŠíN,1,1,-18,50,0,0,0,0,0,0,Swinging Strike 2.,Základní část
197974,9,1,Petr ZýMA,Alexandr ŠíN,1,2,15,54,0,0,0,0,0,0,ZýMA Petr strikes out swinging. 2 out.,Základní část
197974,9,2,Filip ŠINDLER,Alexandr ŠíN,0,0,36,11,0,0,0,0,0,0,Ball 1.,Základní část
197974,9,2,Filip ŠINDLER,Alexandr ŠíN,1,0,0,46,0,0,0,0,0,0,Swinging Strike 1.,Základní část
197974,9,2,Filip ŠINDLER,Alexandr ŠíN,1,1,18,41,0,0,0,0,0,0,Foul.,Základní část
197974,9,2,Filip ŠINDLER,Alexandr ŠíN,1,2,-4,60,0,0,0,0,0,0,ŠINDLER Filip strikes out looking. 3 out.,Základní část
197974,9,0,Marek SLABý,Alexandr ŠíN,0,0,0,0,0,0,0,0,0,0,"Middle of the 9th<br>0 runs, 0 lob",Základní část
197978,1,0,Michal ANTOň,Matyáš PJONTEK,0,0,0,0,0,0,0,0,0,0,Play Ball,Základní část
197978,1,0,Michal ANTOň,Matyáš PJONTEK,0,0,33,64,0,0,0,0,0,0,Ball 1.,Základní část
197978,1,0,Michal ANTOň,Matyáš PJONTEK,1,0,35,53,0,0,0,0,0,0,Ball 2.,Základní část
197978,1,0,Michal ANTOň,Matyáš PJONTEK,2,0,6,37,0,0,0,0,0,0,Called Strike 1.,Základní část
197978,1,0,Michal ANTOň,Matyáš PJONTEK,2,1,-56,37,0,0,0,0,0,0,ANTOň Michal Hit By Pitch.,Základní část
197978,1,0,Koya UEMURA,Matyáš PJONTEK,0,0,34,22,0,0,0,0,0,0,Ball 1.,Základní část
197978,1,0,Koya UEMURA,Matyáš PJONTEK,1,0,4,19,0,0,0,0,0,0,Called Strike 1.,Základní část
197978,1,0,Koya UEMURA,Matyáš PJONTEK,1,1,39,34,0,0,0,0,0,0,Ball 2.,Základní část
197978,1,0,Koya UEMURA,Matyáš PJONTEK,2,1,37,11,0,0,0,0,0,0,Ball 3. ANTOň Michal to 2nd on wild pitch.,Základní část
197978,1,0,Koya UEMURA,Matyáš PJONTEK,3,1,39,51,0,0,0,0,1,0,UEMURA Koya walks.,Základní část
197978,1,0,Jan MULAč,Matyáš PJONTEK,0,0,38,49,0,0,0,0,0,0,Ball 1.,Základní část
197978,1,0,Jan MULAč,Matyáš PJONTEK,1,0,4,53,0,0,179,1,0,0,MULAč Jan singles to right field. ANTOň Michal to 3rd. UEMURA Koya to 2nd.,Základní část
197978,1,0,Ryker GALASKA,Matyáš PJONTEK,0,0,2,24,0,0,113,0,0,0,GALASKA Ryker hits into a double play.  GDP 463. ANTOň Michal scores. UEMURA Koya to 3rd. MULAč Jan  out at 2nd 46.  2 out.,Základní část
197978,1,2,Filip KUBíčEK,Matyáš PJONTEK,0,0,33,30,0,0,0,0,0,0,Ball 1.,Základní část
197978,1,2,Filip KUBíčEK,Matyáš PJONTEK,1,0,30,13,0,0,0,0,0,0,Ball 2.,Základní část
197978,1,2,Filip KUBíčEK,Matyáš PJONTEK,2,0,-3,53,0,0,179,1,0,1,KUBíčEK Filip singles to left field. UEMURA Koya scores. 1 RBI.,Základní část
197978,1,2,Petr ZýMA,Matyáš PJONTEK,0,0,2,43,0,0,0,0,0,0,Called Strike 1. KUBíčEK Filip to 2nd on stolen base.,Základní část
197978,1,2,Petr ZýMA,Matyáš PJONTEK,0,1,4,12,0,0,94,0,0,0,ZýMA Petr grounds out 3-1. 3 out.,Základní část
197978,1,0,Matouš BUBENíK,Matyáš PJONTEK,0,0,0,0,0,0,0,0,0,0,"Middle of the 1st<br>2 runs, 1 lob",Základní část
197978,2,0,Matouš BUBENíK,Matyáš PJONTEK,0,0,35,31,0,0,0,0,0,0,Ball 1.,Základní část
197978,2,0,Matouš BUBENíK,Matyáš PJONTEK,1,0,2,53,0,0,0,0,0,0,Called Strike 1.,Základní část
197978,2,0,Matouš BUBENíK,Matyáš PJONTEK,1,1,31,61,0,0,0,0,0,0,Ball 2.,Základní část
197978,2,0,Matouš BUBENíK,Matyáš PJONTEK,2,1,-54,47,0,0,0,0,0,0,BUBENíK Matouš Hit By Pitch.,Základní část
197978,2,0,Marek SLABý,Matyáš PJONTEK,0,0,35,22,0,0,0,0,0,0,Ball 1.,Základní část
197978,2,0,Marek SLABý,Matyáš PJONTEK,1,0,30,21,0,0,0,0,0,0,Ball 2.,Základní část
197978,2,0,Marek SLABý,Matyáš PJONTEK,2,0,-16,39,0,0,0,0,0,0,Called Strike 1.,Základní část
197978,2,0,Marek SLABý,Matyáš PJONTEK,2,1,11,23,0,0,0,0,0,0,Called Strike 2.,Základní část
197978,2,0,Marek SLABý,Matyáš PJONTEK,2,2,-2,45,0,0,0,0,0,0,Foul.,Základní část
197978,2,0,Marek SLABý,Matyáš PJONTEK,2,2,11,39,0,0,0,0,0,0,SLABý Marek strikes out swinging. 1 out.,Základní část
197978,2,1,Aleš PRANDžEV,Matyáš PJONTEK,0,0,32,20,0,0,0,0,0,0,Ball 1.,Základní část
197978,2,1,Aleš PRANDžEV,Matyáš PJONTEK,1,0,-15,35,0,0,0,0,0,0,Called Strike 1.,Základní část
197978,2,1,Aleš PRANDžEV,Matyáš PJONTEK,1,1,7,36,0,0,0,0,0,0,Swinging Strike 2.,Základní část
197978,2,1,Aleš PRANDžEV,Matyáš PJONTEK,1,2,36,58,0,0,0,0,0,0,Ball 2.,Základní část
197978,2,1,Aleš PRANDžEV,Matyáš PJONTEK,2,2,33,19,0,0,0,0,0,0,Ball 3.,Základní část
197978,2,1,Aleš PRANDžEV,Matyáš PJONTEK,3,2,-2,48,0,0,0,0,0,0,PRANDžEV Aleš strikes out looking. 2 out.,Základní část
197978,2,2,Michal ANTOň,Matyáš PJONTEK,0,0,32,52,0,0,0,0,0,0,Ball 1.,Základní část
197978,2,2,Michal ANTOň,Matyáš PJONTEK,1,0,-7,28,0,0,0,0,0,0,Called Strike 1.,Základní část
197978,2,2,Michal ANTOň,Matyáš PJONTEK,1,1,30,8,0,0,0,0,0,0,Ball 2.,Základní část
197978,2,2,Michal ANTOň,Matyáš PJONTEK,2,1,30,24,0,0,0,0,0,0,Ball 3.,Základní část
197978,2,2,Michal ANTOň,Matyáš PJONTEK,3,1,-1,13,0,0,0,0,0,0,Called Strike 2.,Základní část
197978,2,2,Michal ANTOň,Matyáš PJONTEK,3,2,5,10,0,0,113,0,0,0,ANTOň Michal reaches on fielders choice. BUBENíK Matouš  out at 2nd 4.  3 out.,Základní část
197978,2,0,Koya UEMURA,Matyáš PJONTEK,0,0,0,0,0,0,0,0,0,0,"Middle of the 2nd<br>0 runs, 1 lob",Základní část
197978,3,0,Koya UEMURA,Matyáš PJONTEK,0,0,39,8,0,0,0,0,0,0,Ball 1.,Základní část
197978,3,0,Koya UEMURA,Matyáš PJONTEK,1,0,37,43,0,0,0,0,0,0,Ball 2.,Základní část
197978,3,0,Koya UEMURA,Matyáš PJONTEK,2,0,-19,49,0,0,0,0,0,0,Called Strike 1.,Základní část
197978,3,0,Koya UEMURA,Matyáš PJONTEK,2,1,2,42,0,0,0,0,0,0,Called Strike 2.,Základní část
197978,3,0,Koya UEMURA,Matyáš PJONTEK,2,2,33,19,0,0,0,0,0,0,Ball 3.,Základní část
197978,3,0,Koya UEMURA,Matyáš PJONTEK,3,2,7,53,0,0,0,0,0,0,UEMURA Koya strikes out swinging. 1 out.,Základní část
197978,3,1,Jan MULAč,Matyáš PJONTEK,0,0,35,61,0,0,0,0,0,0,Ball 1.,Základní část
197978,3,1,Jan MULAč,Matyáš PJONTEK,1,0,-15,29,0,0,0,0,0,0,Foul.,Základní část
197978,3,1,Jan MULAč,Matyáš PJONTEK,1,1,4,50,0,0,94,0,0,0,MULAč Jan flies out.  L3. 2 out.,Základní část
197978,3,2,Ryker GALASKA,Matyáš PJONTEK,0,0,38,53,0,0,0,0,0,0,Ball 1.,Základní část
197978,3,2,Ryker GALASKA,Matyáš PJONTEK,1,0,-9,25,0,0,0,0,0,0,Swinging Strike 1.,Základní část
197978,3,2,Ryker GALASKA,Matyáš PJONTEK,1,1,38,61,0,0,0,0,0,0,Ball 2.,Základní část
197978,3,2,Ryker GALASKA,Matyáš PJONTEK,2,1,-19,29,0,0,0,0,0,0,Foul.,Základní část
197978,3,2,Ryker GALASKA,Matyáš PJONTEK,2,2,36,70,0,0,0,0,0,0,Ball 3.,Základní část
197978,3,2,Ryker GALASKA,Matyáš PJONTEK,3,2,-52,23,0,0,0,0,0,0,GALASKA Ryker Hit By Pitch.,Základní část
197978,3,2,Filip KUBíčEK,Matyáš PJONTEK,0,0,-15,30,0,0,0,0,0,0,Called Strike 1.,Základní část
197978,3,2,Filip KUBíčEK,Matyáš PJONTEK,0,1,31,37,0,0,0,0,0,0,Ball 1.,Základní část
197978,3,2,Filip KUBíčEK,Matyáš PJONTEK,1,1,-12,10,0,0,94,0,0,0,KUBíčEK Filip reaches on fielders choice. GALASKA Ryker  out at 2nd 56.  3 out.,Základní část
197978,3,0,Petr ZýMA,Matyáš PJONTEK,0,0,0,0,0,0,0,0,0,0,"Middle of the 3rd<br>0 runs, 1 lob",Základní část
197978,4,0,Petr ZýMA,Matyáš PJONTEK,0,0,36,37,0,0,0,0,0,0,Ball 1.,Základní část
197978,4,0,Petr ZýMA,Matyáš PJONTEK,1,0,-16,50,0,0,0,0,0,0,Called Strike 1.,Základní část
197978,4,0,Petr ZýMA,Matyáš PJONTEK,1,1,35,45,0,0,0,0,0,0,Ball 2.,Základní část
197978,4,0,Petr ZýMA,Matyáš PJONTEK,2,1,35,4,0,0,0,0,0,0,Ball 3.,Základní část
197978,4,0,Petr ZýMA,Matyáš PJONTEK,3,1,36,1,0,0,0,0,1,0,ZýMA Petr walks.,Základní část
197978,4,0,Matouš BUBENíK,Matyáš PJONTEK,0,0,-13,58,0,0,0,0,0,0,Called Strike 1.,Základní část
197978,4,0,Matouš BUBENíK,Matyáš PJONTEK,0,1,2,26,0,0,0,0,0,0,Foul.,Základní část
197978,4,0,Matouš BUBENíK,Matyáš PJONTEK,0,2,-15,29,0,0,0,0,0,0,Foul.,Základní část
197978,4,0,Matouš BUBENíK,Matyáš PJONTEK,0,2,34,47,0,0,0,0,0,0,Ball 1.,Základní část
197978,4,0,Matouš BUBENíK,Matyáš PJONTEK,1,2,33,10,0,0,0,0,0,0,Ball 2.,Základní část
197978,4,0,Matouš BUBENíK,Matyáš PJONTEK,2,2,33,36,0,0,0,0,0,0,Ball 3.,Základní část
197978,4,0,Matouš BUBENíK,Matyáš PJONTEK,3,2,1,54,0,0,200,0,0,0,BUBENíK Matouš flies out to right center.  F8. 1 out.,Základní část
197978,4,1,Marek SLABý,Matyáš PJONTEK,0,0,37,17,0,0,0,0,0,0,Ball 1.,Základní část
197978,4,1,Marek SLABý,Matyáš PJONTEK,1,0,-11,28,0,0,0,0,0,0,Called Strike 1.,Základní část
197978,4,1,Marek SLABý,Matyáš PJONTEK,1,1,37,57,0,0,0,0,0,0,Ball 2.,Základní část
197978,4,1,Marek SLABý,Matyáš PJONTEK,2,1,35,11,0,0,0,0,0,0,Ball 3.,Základní část
197978,4,1,Marek SLABý,Matyáš PJONTEK,3,1,37,66,0,0,0,0,1,0,SLABý Marek walks. ZýMA Petr to 2nd.,Základní část
197978,4,1,Aleš PRANDžEV,Matyáš PJONTEK,0,0,0,0,0,0,0,0,0,0,Coaching Visit,Základní část
197978,4,1,Aleš PRANDžEV,Matyáš PJONTEK,0,0,30,61,0,0,0,0,0,0,Ball 1.,Základní část
197978,4,1,Aleš PRANDžEV,Matyáš PJONTEK,1,0,35,44,0,0,0,0,0,0,Ball 2.,Základní část
197978,4,1,Aleš PRANDžEV,Matyáš PJONTEK,2,0,36,67,0,0,0,0,0,0,Ball 3.,Základní část
197978,4,1,Aleš PRANDžEV,Matyáš PJONTEK,3,0,-18,47,0,0,0,0,0,0,Called Strike 1.,Základní část
197978,4,1,Aleš PRANDžEV,Matyáš PJONTEK,3,1,16,50,0,0,226,0,0,0,PRANDžEV Aleš flies out to right field.  F9. 2 out.,Základní část
197978,4,2,Michal ANTOň,Matyáš PJONTEK,0,0,33,34,0,0,0,0,0,0,Ball 1.,Základní část
197978,4,2,Michal ANTOň,Matyáš PJONTEK,1,0,12,19,0,0,0,0,0,0,Foul.,Základní část
197978,4,2,Michal ANTOň,Matyáš PJONTEK,1,1,38,66,0,0,0,0,0,0,Ball 2.,Základní část
197978,4,2,Michal ANTOň,Matyáš PJONTEK,2,1,30,41,0,0,0,0,0,0,Ball 3.,Základní část
197978,4,2,Michal ANTOň,Matyáš PJONTEK,3,1,-15,18,0,0,94,0,0,0,ANTOň Michal grounds out 5-3. 3 out.,Základní část
197978,4,0,Koya UEMURA,Matyáš PJONTEK,0,0,0,0,0,0,0,0,0,0,"Middle of the 4th<br>0 runs, 2 lob",Základní část
197978,5,0,Koya UEMURA,Matyáš PJONTEK,0,0,39,61,0,0,0,0,0,0,Ball 1.,Základní část
197978,5,0,Koya UEMURA,Matyáš PJONTEK,1,0,17,23,0,0,0,0,0,0,Called Strike 1.,Základní část
197978,5,0,Koya UEMURA,Matyáš PJONTEK,1,1,1,15,0,0,0,0,0,0,Called Strike 2.,Základní část
197978,5,0,Koya UEMURA,Matyáš PJONTEK,1,2,34,31,0,0,0,0,0,0,Ball 2.,Základní část
197978,5,0,Koya UEMURA,Matyáš PJONTEK,2,2,30,57,0,0,0,0,0,0,Ball 3.,Základní část
197978,5,0,Koya UEMURA,Matyáš PJONTEK,3,2,37,48,0,0,0,0,1,0,UEMURA Koya walks.,Základní část
197978,5,0,Jan MULAč,Matyáš PJONTEK,0,0,2,34,0,0,0,0,0,0,Foul.,Základní část
197978,5,0,Jan MULAč,Matyáš PJONTEK,0,1,32,9,0,0,0,0,0,0,Ball 1.,Základní část
197978,5,0,Jan MULAč,Matyáš PJONTEK,1,1,-8,10,0,0,179,1,0,0,MULAč Jan singles through the left side. UEMURA Koya to 2nd.,Základní část
197978,5,0,Ryker GALASKA,Matyáš PJONTEK,0,0,0,0,0,0,0,0,0,0,Coaching Visit,Základní část
197978,5,0,Ryker GALASKA,Matyáš PJONTEK,0,0,38,69,0,0,0,0,0,0,Ball 1.,Základní část
197978,5,0,Ryker GALASKA,Matyáš PJONTEK,1,0,16,55,0,0,0,0,0,0,Called Strike 1.,Základní část
197978,5,0,Ryker GALASKA,Matyáš PJONTEK,1,1,34,34,0,0,0,0,0,0,Ball 2.,Základní část
197978,5,0,Ryker GALASKA,Matyáš PJONTEK,2,1,-17,61,0,0,179,1,0,0,GALASKA Ryker singles to left field. UEMURA Koya to 3rd. MULAč Jan to 2nd.,Základní část
197978,5,0,Neznámý,Neznámý,0,0,0,0,0,0,0,0,0,0,Pitching Change: #42 BOKAJ for #52 PJONTEK,Základní část
197978,5,0,Filip KUBíčEK,Boris BOKAJ,0,0,36,19,0,0,0,0,0,0,Ball 1.,Základní část
197978,5,0,Filip KUBíčEK,Boris BOKAJ,1,0,-15,28,0,0,0,0,0,0,Called Strike 1.,Základní část
197978,5,0,Filip KUBíčEK,Boris BOKAJ,1,1,-12,60,0,0,226,0,0,1,KUBíčEK Filip flies out to left field.  Sacrifice Fly.  SF7. UEMURA Koya scores. 1 out. 1 RBI.,Základní část
197978,5,1,Petr ZýMA,Boris BOKAJ,0,0,13,28,0,0,0,0,0,0,Swinging Strike 1.,Základní část
197978,5,1,Petr ZýMA,Boris BOKAJ,0,1,-5,60,0,0,0,0,0,0,Called Strike 2.,Základní část
197978,5,1,Petr ZýMA,Boris BOKAJ,0,2,-55,24,0,0,0,0,0,0,ZýMA Petr Hit By Pitch. MULAč Jan to 3rd. GALASKA Ryker to 2nd.,Základní část
197978,5,1,Matouš BUBENíK,Boris BOKAJ,0,0,9,45,0,0,0,0,0,0,Called Strike 1.,Základní část
197978,5,1,Matouš BUBENíK,Boris BOKAJ,0,1,13,14,0,0,0,0,0,0,Foul.,Základní část
197978,5,1,Matouš BUBENíK,Boris BOKAJ,0,2,1,57,0,0,179,1,0,2,BUBENíK Matouš singles to right field. MULAč Jan scores. GALASKA Ryker scores. ZýMA Petr to 3rd. ZýMA Petr scores on E9. BUBENíK Matouš out at 2nd 9364.  2 out. 2 RBI.,Základní část
197978,5,2,Marek SLABý,Boris BOKAJ,0,0,35,24,0,0,0,0,0,0,Ball 1.,Základní část
197978,5,2,Marek SLABý,Boris BOKAJ,1,0,37,40,0,0,0,0,0,0,Ball 2.,Základní část
197978,5,2,Marek SLABý,Boris BOKAJ,2,0,-16,49,0,0,0,0,0,0,Called Strike 1.,Základní část
197978,5,2,Marek SLABý,Boris BOKAJ,2,1,17,58,0,0,0,0,0,0,Called Strike 2.,Základní část
197978,5,2,Marek SLABý,Boris BOKAJ,2,2,34,14,0,0,0,0,0,0,Ball 3.,Základní část
197978,5,2,Marek SLABý,Boris BOKAJ,3,2,30,16,0,0,0,0,1,0,SLABý Marek walks.,Základní část
197978,5,2,Aleš PRANDžEV,Boris BOKAJ,0,0,1,56,0,0,0,0,0,0,Called Strike 1.,Základní část
197978,5,2,Aleš PRANDžEV,Boris BOKAJ,0,1,38,4,0,0,0,0,0,0,Ball 1. SLABý Marek to 2nd on stolen base.,Základní část
197978,5,2,Aleš PRANDžEV,Boris BOKAJ,1,1,0,47,0,0,69,0,0,0,PRANDžEV Aleš flies out.  P3. 3 out.,Základní část
197978,5,0,Michal ANTOň,Boris BOKAJ,0,0,0,0,0,0,0,0,0,0,"Middle of the 5th<br>4 runs, 1 lob",Základní část
197978,6,0,Michal ANTOň,Boris BOKAJ,0,0,35,20,0,0,0,0,0,0,Ball 1.,Základní část
197978,6,0,Michal ANTOň,Boris BOKAJ,1,0,35,17,0,0,0,0,0,0,Ball 2.,Základní část
197978,6,0,Michal ANTOň,Boris BOKAJ,2,0,34,47,0,0,0,0,0,0,Ball 3.,Základní část
197978,6,0,Michal ANTOň,Boris BOKAJ,3,0,15,45,0,0,0,0,0,0,Called Strike 1.,Základní část
197978,6,0,Michal ANTOň,Boris BOKAJ,3,1,-8,48,0,0,0,0,0,0,Called Strike 2.,Základní část
197978,6,0,Michal ANTOň,Boris BOKAJ,3,2,39,9,0,0,0,0,1,0,ANTOň Michal walks.,Základní část
197978,6,0,Koya UEMURA,Boris BOKAJ,0,0,36,48,0,0,0,0,0,0,Ball 1.,Základní část
197978,6,0,Koya UEMURA,Boris BOKAJ,1,0,9,15,0,0,0,0,0,0,Called Strike 1.,Základní část
197978,6,0,Koya UEMURA,Boris BOKAJ,1,1,-18,26,0,0,0,0,0,0,Swinging Strike 2.,Základní část
197978,6,0,Koya UEMURA,Boris BOKAJ,1,2,32,52,0,0,0,0,0,0,Ball 2.,Základní část
197978,6,0,Koya UEMURA,Boris BOKAJ,2,2,11,17,0,0,113,0,0,0,UEMURA Koya reaches on fielding error. E4. ANTOň Michal to 2nd.,Základní část
197978,6,0,Jan MULAč,Boris BOKAJ,0,0,6,46,0,0,38,0,0,0,MULAč Jan out on sacrifice hit 13. Bunt. ANTOň Michal to 3rd. UEMURA Koya to 2nd. 1 out.,Základní část
197978,6,1,Ryker GALASKA,Boris BOKAJ,0,0,14,43,0,0,0,0,0,0,Foul.,Základní část
197978,6,1,Ryker GALASKA,Boris BOKAJ,0,1,39,52,0,0,0,0,0,0,Ball 1.,Základní část
197978,6,1,Ryker GALASKA,Boris BOKAJ,1,1,-5,57,0,0,0,0,0,0,Foul.,Základní část
197978,6,1,Ryker GALASKA,Boris BOKAJ,1,2,34,61,0,0,0,0,0,0,Ball 2.,Základní část
197978,6,1,Ryker GALASKA,Boris BOKAJ,2,2,-20,27,0,0,0,0,0,0,Foul.,Základní část
197978,6,1,Ryker GALASKA,Boris BOKAJ,2,2,1,48,0,0,284,1,0,3,GALASKA Ryker homers to deep right field. ANTOň Michal scores. UEMURA Koya scores. 3 RBI.,Základní část
197978,6,1,Filip KUBíčEK,Boris BOKAJ,0,0,10,38,0,0,0,0,0,0,Foul.,Základní část
197978,6,1,Filip KUBíčEK,Boris BOKAJ,0,1,17,37,0,0,0,0,0,0,Swinging Strike 2.,Základní část
197978,6,1,Filip KUBíčEK,Boris BOKAJ,0,2,-11,51,0,0,0,0,0,0,Foul.,Základní část
197978,6,1,Filip KUBíčEK,Boris BOKAJ,0,2,38,64,0,0,0,0,0,0,Ball 1.,Základní část
197978,6,1,Filip KUBíčEK,Boris BOKAJ,1,2,-19,16,0,0,179,1,0,0,KUBíčEK Filip singles up the middle.,Základní část
197978,6,1,Petr ZýMA,Boris BOKAJ,0,0,37,47,0,0,0,0,0,0,Ball 1.,Základní část
197978,6,1,Petr ZýMA,Boris BOKAJ,1,0,-6,20,0,0,0,0,0,0,Foul.,Základní část
197978,6,1,Petr ZýMA,Boris BOKAJ,1,1,-12,26,0,0,179,1,0,0,ZýMA Petr singles through the left side. KUBíčEK Filip to 2nd.,Základní část
197978,6,1,Matouš BUBENíK,Boris BOKAJ,0,0,-9,56,0,0,94,0,0,0,BUBENíK Matouš flies out.  P5. 2 out.,Základní část
197978,6,2,Marek SLABý,Boris BOKAJ,0,0,30,50,0,0,0,0,0,0,Ball 1.,Základní část
197978,6,2,Marek SLABý,Boris BOKAJ,1,0,2,16,0,0,113,0,0,0,SLABý Marek grounds out 4-3. 3 out.,Základní část
197978,6,0,Aleš PRANDžEV,Boris BOKAJ,0,0,0,0,0,0,0,0,0,0,"Middle of the 6th<br>3 runs, 2 lob",Základní část
197978,7,0,Aleš PRANDžEV,Boris BOKAJ,0,0,-15,53,0,0,94,0,0,0,PRANDžEV Aleš flies out.  P5. 1 out.,Základní část
197978,7,1,Michal ANTOň,Boris BOKAJ,0,0,-8,57,0,0,0,0,0,0,Called Strike 1.,Základní část
197978,7,1,Michal ANTOň,Boris BOKAJ,0,1,9,28,0,0,0,0,0,0,Called Strike 2.,Základní část
197978,7,1,Michal ANTOň,Boris BOKAJ,0,2,-14,20,0,0,0,0,0,0,Foul.,Základní část
197978,7,1,Michal ANTOň,Boris BOKAJ,0,2,17,63,0,0,226,0,0,0,ANTOň Michal flies out to right field.  F9. 2 out.,Základní část
197978,7,2,Koya UEMURA,Boris BOKAJ,0,0,-2,57,0,0,0,0,0,0,Called Strike 1.,Základní část
197978,7,2,Koya UEMURA,Boris BOKAJ,0,1,30,69,0,0,0,0,0,0,Ball 1.,Základní část
197978,7,2,Koya UEMURA,Boris BOKAJ,1,1,-17,16,0,0,0,0,0,0,Called Strike 2.,Základní část
197978,7,2,Koya UEMURA,Boris BOKAJ,1,2,-15,29,0,0,94,0,0,0,UEMURA Koya grounds out 5-3. 3 out.,Základní část
197978,7,0,Jan MULAč,Boris BOKAJ,0,0,0,0,0,0,0,0,0,0,"Middle of the 7th<br>0 runs, 0 lob",Základní část
197978,8,0,Neznámý,Neznámý,0,0,0,0,0,0,0,0,0,0,Pitching Change: #68 ROBENEK for #42 BOKAJ,Základní část
197978,8,0,Jan MULAč,Vít ROBENEK,0,0,-19,16,0,0,0,0,0,0,Called Strike 1.,Základní část
197978,8,0,Jan MULAč,Vít ROBENEK,0,1,-4,48,0,0,0,0,0,0,Foul.,Základní část
197978,8,0,Jan MULAč,Vít ROBENEK,0,2,37,51,0,0,0,0,0,0,Ball 1.,Základní část
197978,8,0,Jan MULAč,Vít ROBENEK,1,2,37,4,0,0,0,0,0,0,Ball 2.,Základní část
197978,8,0,Jan MULAč,Vít ROBENEK,2,2,-12,56,0,0,94,0,0,0,MULAč Jan flies out.  L5. 1 out.,Základní část
197978,8,1,Ryker GALASKA,Vít ROBENEK,0,0,32,1,0,0,0,0,0,0,Ball 1.,Základní část
197978,8,1,Ryker GALASKA,Vít ROBENEK,1,0,32,70,0,0,0,0,0,0,Ball 2.,Základní část
197978,8,1,Ryker GALASKA,Vít ROBENEK,2,0,31,48,0,0,0,0,0,0,Ball 3.,Základní část
197978,8,1,Ryker GALASKA,Vít ROBENEK,3,0,-3,59,0,0,0,0,0,0,Called Strike 1.,Základní část
197978,8,1,Ryker GALASKA,Vít ROBENEK,3,1,5,46,0,0,310,1,0,1,GALASKA Ryker homers to deep right field. 1 RBI.,Základní část
197978,8,1,Filip KUBíčEK,Vít ROBENEK,0,0,33,3,0,0,0,0,0,0,Ball 1.,Základní část
197978,8,1,Filip KUBíčEK,Vít ROBENEK,1,0,39,32,0,0,0,0,0,0,Ball 2.,Základní část
197978,8,1,Filip KUBíčEK,Vít ROBENEK,2,0,34,68,0,0,0,0,0,0,Ball 3.,Základní část
197978,8,1,Filip KUBíčEK,Vít ROBENEK,3,0,9,26,0,0,0,0,0,0,Called Strike 1.,Základní část
197978,8,1,Filip KUBíčEK,Vít ROBENEK,3,1,-16,16,0,0,75,1,0,0,KUBíčEK Filip singles to third base.,Základní část
197978,8,1,Petr ZýMA,Vít ROBENEK,0,0,36,1,0,0,0,0,0,0,Ball 1.,Základní část
197978,8,1,Petr ZýMA,Vít ROBENEK,1,0,-5,16,0,0,0,0,0,0,Foul.,Základní část
197978,8,1,Petr ZýMA,Vít ROBENEK,1,1,36,48,0,0,0,0,0,0,Ball 2. KUBíčEK Filip to 2nd on stolen base.,Základní část
197978,8,1,Petr ZýMA,Vít ROBENEK,2,1,36,69,0,0,0,0,0,0,Ball 3.,Základní část
197978,8,1,Petr ZýMA,Vít ROBENEK,3,1,32,29,0,0,0,0,1,0,ZýMA Petr walks.,Základní část
197978,8,1,Matouš BUBENíK,Vít ROBENEK,0,0,0,58,0,0,215,1,0,0,BUBENíK Matouš singles to right center. KUBíčEK Filip to 3rd. ZýMA Petr to 2nd.,Základní část
197978,8,1,Marek SLABý,Vít ROBENEK,0,0,11,28,0,0,113,0,0,1,SLABý Marek reaches on fielders choice. KUBíčEK Filip scores. ZýMA Petr to 3rd. BUBENíK Matouš  out at 2nd 46.  2 out. 1 RBI.,Základní část
197978,8,2,Aleš PRANDžEV,Vít ROBENEK,0,0,33,6,0,0,0,0,0,0,Ball 1. ZýMA Petr scores on wild pitch. SLABý Marek to 2nd on wild pitch.,Základní část
197978,8,2,Aleš PRANDžEV,Vít ROBENEK,1,0,-1,13,0,0,94,0,0,0,PRANDžEV Aleš grounds out 5-3. 3 out.,Základní část
197978,8,0,Michal ANTOň,Vít ROBENEK,0,0,0,0,0,0,0,0,0,0,"Middle of the 8th<br>3 runs, 1 lob",Základní část
197978,9,0,Michal ANTOň,Vít ROBENEK,0,0,-10,18,0,0,0,0,0,0,Called Strike 1.,Základní část
197978,9,0,Michal ANTOň,Vít ROBENEK,0,1,31,8,0,0,0,0,0,0,Ball 1.,Základní část
197978,9,0,Michal ANTOň,Vít ROBENEK,1,1,-53,25,0,0,0,0,0,0,ANTOň Michal Hit By Pitch.,Základní část
197978,9,0,Koya UEMURA,Vít ROBENEK,0,0,35,62,0,0,0,0,0,0,Ball 1.,Základní část
197978,9,0,Koya UEMURA,Vít ROBENEK,1,0,0,0,0,0,0,0,0,0,Pickoff Attempt at 1st,Základní část
197978,9,0,Koya UEMURA,Vít ROBENEK,1,0,19,24,0,0,0,0,0,0,Called Strike 1.,Základní část
197978,9,0,Koya UEMURA,Vít ROBENEK,1,1,35,37,0,0,0,0,0,0,Ball 2. ANTOň Michal to 2nd on stolen base.,Základní část
197978,9,0,Koya UEMURA,Vít ROBENEK,2,1,0,0,0,0,0,0,0,0,ANTOň Michal to 3rd on balk.,Základní část
197978,9,0,Koya UEMURA,Vít ROBENEK,2,1,17,60,0,0,310,1,0,2,UEMURA Koya homers to deep right field. ANTOň Michal scores. 2 RBI.,Základní část
197978,9,0,Jan MULAč,Vít ROBENEK,0,0,-18,62,0,0,-28,0,0,0,MULAč Jan flies out.  P2. 1 out.,Základní část
197978,9,1,Ryker GALASKA,Vít ROBENEK,0,0,19,62,0,0,226,0,0,0,GALASKA Ryker flies out to right field.  F8. 2 out.,Základní část
197978,9,2,Filip KUBíčEK,Vít ROBENEK,0,0,37,11,0,0,0,0,0,0,Ball 1.,Základní část
197978,9,2,Filip KUBíčEK,Vít ROBENEK,1,0,32,30,0,0,0,0,0,0,Ball 2.,Základní část
197978,9,2,Filip KUBíčEK,Vít ROBENEK,2,0,-5,18,0,0,0,0,0,0,Foul.,Základní část
197978,9,2,Filip KUBíčEK,Vít ROBENEK,2,1,7,28,0,0,0,0,0,0,Foul.,Základní část
197978,9,2,Filip KUBíčEK,Vít ROBENEK,2,2,38,39,0,0,0,0,0,0,Ball 3.,Základní část
197978,9,2,Filip KUBíčEK,Vít ROBENEK,3,2,0,57,0,0,310,1,0,1,KUBíčEK Filip homers to deep right center. 1 RBI.,Základní část
197978,9,2,Petr ZýMA,Vít ROBENEK,0,0,32,22,0,0,0,0,0,0,Ball 1.,Základní část
197978,9,2,Petr ZýMA,Vít ROBENEK,1,0,-8,43,0,0,0,0,0,0,Swinging Strike 1.,Základní část
197978,9,2,Petr ZýMA,Vít ROBENEK,1,1,-3,20,0,0,0,0,0,0,Swinging Strike 2.,Základní část
197978,9,2,Petr ZýMA,Vít ROBENEK,1,2,-4,53,0,0,0,0,0,0,Foul.,Základní část
197978,9,2,Petr ZýMA,Vít ROBENEK,1,2,-13,39,0,0,0,0,0,0,Foul.,Základní část
197978,9,2,Petr ZýMA,Vít ROBENEK,1,2,-13,15,0,0,82,1,0,0,ZýMA Petr singles to shortstop.,Základní část
197978,9,2,Matouš BUBENíK,Vít ROBENEK,0,0,31,70,0,0,0,0,0,0,Ball 1.,Základní část
197978,9,2,Matouš BUBENíK,Vít ROBENEK,1,0,39,20,0,0,0,0,0,0,Ball 2.,Základní část
197978,9,2,Matouš BUBENíK,Vít ROBENEK,2,0,37,64,0,0,0,0,0,0,Ball 3.,Základní část
197978,9,2,Matouš BUBENíK,Vít ROBENEK,3,0,38,28,0,0,0,0,1,0,BUBENíK Matouš walks. ZýMA Petr to 2nd.,Základní část
197978,9,2,Marek SLABý,Vít ROBENEK,0,0,15,58,0,0,0,0,0,0,Called Strike 1.,Základní část
197978,9,2,Marek SLABý,Vít ROBENEK,0,1,6,41,0,0,0,0,0,0,Called Strike 2.,Základní část
197978,9,2,Marek SLABý,Vít ROBENEK,0,2,8,57,0,0,0,0,0,0,SLABý Marek strikes out swinging. 3 out.,Základní část
197978,9,0,Aleš PRANDžEV,Vít ROBENEK,0,0,0,0,0,0,0,0,0,0,"Middle of the 9th<br>3 runs, 2 lob",Základní část
197982,1,0,Michal ANTOň,Šimon VšETEčKA,0,0,0,0,0,0,0,0,0,0,Play Ball,Základní část
197982,1,0,Michal ANTOň,Šimon VšETEčKA,0,0,-8,19,0,0,0,0,0,0,Called Strike 1.,Základní část
197982,1,0,Michal ANTOň,Šimon VšETEčKA,0,1,-12,23,0,0,0,0,0,0,Called Strike 2.,Základní část
197982,1,0,Michal ANTOň,Šimon VšETEčKA,0,2,36,55,0,0,0,0,0,0,Ball 1.,Základní část
197982,1,0,Michal ANTOň,Šimon VšETEčKA,1,2,-11,12,0,0,179,1,0,0,ANTOň Michal singles through the left side.,Základní část
197982,1,0,Ryker GALASKA,Šimon VšETEčKA,0,0,36,23,0,0,0,0,0,0,Ball 1.,Základní část
197982,1,0,Ryker GALASKA,Šimon VšETEčKA,1,0,11,15,0,0,0,0,0,0,Called Strike 1.,Základní část
197982,1,0,Ryker GALASKA,Šimon VšETEčKA,1,1,-20,55,0,0,235,1,0,0,GALASKA Ryker doubles to center field. ANTOň Michal to 3rd.,Základní část
197982,1,0,Jan MULAč,Šimon VšETEčKA,0,0,31,41,0,0,0,0,0,0,Ball 1.,Základní část
197982,1,0,Jan MULAč,Šimon VšETEčKA,1,0,-10,55,0,0,0,0,0,0,Swinging Strike 1.,Základní část
197982,1,0,Jan MULAč,Šimon VšETEčKA,1,1,-3,23,0,0,0,0,0,0,Called Strike 2.,Základní část
197982,1,0,Jan MULAč,Šimon VšETEčKA,1,2,35,42,0,0,0,0,0,0,Ball 2.,Základní část
197982,1,0,Jan MULAč,Šimon VšETEčKA,2,2,-8,15,0,0,179,1,0,2,MULAč Jan singles up the middle. ANTOň Michal scores. GALASKA Ryker scores. MULAč Jan to 2nd on throw. 2 RBI.,Základní část
197982,1,0,Filip KUBíčEK,Šimon VšETEčKA,0,0,38,40,0,0,0,0,0,0,Ball 1.,Základní část
197982,1,0,Filip KUBíčEK,Šimon VšETEčKA,1,0,39,9,0,0,0,0,0,0,Ball 2.,Základní část
197982,1,0,Filip KUBíčEK,Šimon VšETEčKA,2,0,38,29,0,0,0,0,0,0,Ball 3.,Základní část
197982,1,0,Filip KUBíčEK,Šimon VšETEčKA,3,0,9,49,0,0,0,0,0,0,Foul.,Základní část
197982,1,0,Filip KUBíčEK,Šimon VšETEčKA,3,1,-5,41,0,0,0,0,0,0,Foul.,Základní část
197982,1,0,Filip KUBíčEK,Šimon VšETEčKA,3,2,-17,29,0,0,0,0,0,0,Foul.,Základní část
197982,1,0,Filip KUBíčEK,Šimon VšETEčKA,3,2,30,59,0,0,0,0,1,0,KUBíčEK Filip walks.,Základní část
197982,1,0,Petr ZýMA,Šimon VšETEčKA,0,0,37,22,0,0,0,0,0,0,Ball 1. MULAč Jan to 3rd on stolen base. KUBíčEK Filip to 2nd on stolen base.,Základní část
197982,1,0,Petr ZýMA,Šimon VšETEčKA,1,0,7,25,0,0,0,0,0,0,Foul.,Základní část
197982,1,0,Petr ZýMA,Šimon VšETEčKA,1,1,7,32,0,0,0,0,0,0,Foul.,Základní část
197982,1,0,Petr ZýMA,Šimon VšETEčKA,1,2,9,16,0,0,113,0,0,1,ZýMA Petr grounds out 4-3. MULAč Jan scores. KUBíčEK Filip to 3rd. 1 out. 1 RBI.,Základní část
197982,1,1,Matouš BUBENíK,Šimon VšETEčKA,0,0,0,49,0,0,0,0,0,0,Called Strike 1.,Základní část
197982,1,1,Matouš BUBENíK,Šimon VšETEčKA,0,1,4,20,0,0,0,0,0,0,Swinging Strike 2.,Základní část
197982,1,1,Matouš BUBENíK,Šimon VšETEčKA,0,2,6,10,0,0,113,0,0,1,BUBENíK Matouš grounds out 4-3. KUBíčEK Filip scores. 2 out. 1 RBI.,Základní část
197982,1,2,Marek SLABý,Šimon VšETEčKA,0,0,35,34,0,0,0,0,0,0,Ball 1.,Základní část
197982,1,2,Marek SLABý,Šimon VšETEčKA,1,0,0,55,0,0,179,1,0,0,SLABý Marek singles to right field.,Základní část
197982,1,2,Adam TOšOVSKý,Šimon VšETEčKA,0,0,0,0,0,0,0,0,0,0,Pickoff Attempt at 1st,Základní část
197982,1,2,Adam TOšOVSKý,Šimon VšETEčKA,0,0,39,67,0,0,0,0,0,0,Ball 1.,Základní část
197982,1,2,Adam TOšOVSKý,Šimon VšETEčKA,1,0,-7,42,0,0,0,0,0,0,Called Strike 1.,Základní část
197982,1,2,Adam TOšOVSKý,Šimon VšETEčKA,1,1,14,52,0,0,167,0,0,0,TOšOVSKý Adam flies out to right field.  F9. 3 out.,Základní část
197982,1,0,Aleš PRANDžEV,Šimon VšETEčKA,0,0,0,0,0,0,0,0,0,0,"Middle of the 1st<br>4 runs, 1 lob",Základní část
197982,2,0,Aleš PRANDžEV,Šimon VšETEčKA,0,0,5,32,0,0,0,0,0,0,Called Strike 1.,Základní část
197982,2,0,Aleš PRANDžEV,Šimon VšETEčKA,0,1,30,40,0,0,0,0,0,0,Ball 1.,Základní část
197982,2,0,Aleš PRANDžEV,Šimon VšETEčKA,1,1,10,31,0,0,0,0,0,0,Called Strike 2.,Základní část
197982,2,0,Aleš PRANDžEV,Šimon VšETEčKA,1,2,9,18,0,0,113,0,0,0,PRANDžEV Aleš reaches on throwing error. E4T.,Základní část
197982,2,0,Michal ANTOň,Šimon VšETEčKA,0,0,18,59,0,0,0,0,0,0,Called Strike 1.,Základní část
197982,2,0,Michal ANTOň,Šimon VšETEčKA,0,1,18,18,0,0,113,0,0,0,ANTOň Michal reaches on fielders choice. PRANDžEV Aleš  out at 2nd 4.  1 out.,Základní část
197982,2,1,Ryker GALASKA,Šimon VšETEčKA,0,0,32,10,0,0,0,0,0,0,Ball 1.,Základní část
197982,2,1,Ryker GALASKA,Šimon VšETEčKA,1,0,14,64,0,0,226,0,0,0,GALASKA Ryker flies out to center field.  F8. 2 out.,Základní část
197982,2,2,Jan MULAč,Šimon VšETEčKA,0,0,-9,33,0,0,0,0,0,0,Called Strike 1.,Základní část
197982,2,2,Jan MULAč,Šimon VšETEčKA,0,1,7,49,0,0,179,1,0,0,MULAč Jan singles to right field. ANTOň Michal to 3rd.,Základní část
197982,2,2,Filip KUBíčEK,Šimon VšETEčKA,0,0,-3,18,0,0,179,1,0,1,KUBíčEK Filip singles through the left side. ANTOň Michal scores. MULAč Jan to 2nd. 1 RBI.,Základní část
197982,2,2,Petr ZýMA,Šimon VšETEčKA,0,0,32,29,0,0,0,0,0,0,Ball 1. MULAč Jan to 3rd on stolen base. KUBíčEK Filip to 2nd on stolen base.,Základní část
197982,2,2,Petr ZýMA,Šimon VšETEčKA,1,0,38,51,0,0,0,0,0,0,Ball 2.,Základní část
197982,2,2,Petr ZýMA,Šimon VšETEčKA,2,0,14,15,0,0,0,0,0,0,Called Strike 1.,Základní část
197982,2,2,Petr ZýMA,Šimon VšETEčKA,2,1,17,20,0,0,0,0,0,0,Foul.,Základní část
197982,2,2,Petr ZýMA,Šimon VšETEčKA,2,2,36,62,0,0,0,0,0,0,Ball 3.,Základní část
197982,2,2,Petr ZýMA,Šimon VšETEčKA,3,2,18,25,0,0,113,0,0,0,ZýMA Petr grounds out 4-3. 3 out.,Základní část
197982,2,0,Matouš BUBENíK,Šimon VšETEčKA,0,0,0,0,0,0,0,0,0,0,"Middle of the 2nd<br>1 runs, 2 lob",Základní část
197982,3,0,Matouš BUBENíK,Šimon VšETEčKA,0,0,6,52,0,0,0,0,0,0,Called Strike 1.,Základní část
197982,3,0,Matouš BUBENíK,Šimon VšETEčKA,0,1,-16,17,0,0,55,1,0,0,BUBENíK Matouš singles to pitcher.,Základní část
197982,3,0,Marek SLABý,Šimon VšETEčKA,0,0,18,14,0,0,0,0,0,0,Foul.,Základní část
197982,3,0,Marek SLABý,Šimon VšETEčKA,0,1,-16,27,0,0,57,0,0,0,SLABý Marek reaches on fielders choice. BUBENíK Matouš to 2nd on E1T.,Základní část
197982,3,0,Adam TOšOVSKý,Šimon VšETEčKA,0,0,36,9,0,0,0,0,0,0,Ball 1.,Základní část
197982,3,0,Adam TOšOVSKý,Šimon VšETEčKA,1,0,10,47,0,0,0,0,0,0,Called Strike 1.,Základní část
197982,3,0,Adam TOšOVSKý,Šimon VšETEčKA,1,1,-2,24,0,0,0,0,0,0,Foul.,Základní část
197982,3,0,Adam TOšOVSKý,Šimon VšETEčKA,1,2,-20,27,0,0,0,0,0,0,TOšOVSKý Adam strikes out swinging. 1 out.,Základní část
197982,3,1,Aleš PRANDžEV,Šimon VšETEčKA,0,0,19,54,0,0,179,1,0,0,PRANDžEV Aleš singles to center field. BUBENíK Matouš to 3rd. SLABý Marek to 2nd.,Základní část
197982,3,1,Michal ANTOň,Šimon VšETEčKA,0,0,15,19,0,0,0,0,0,0,Foul.,Základní část
197982,3,1,Michal ANTOň,Šimon VšETEčKA,0,1,12,48,0,0,0,0,0,0,Foul.,Základní část
197982,3,1,Michal ANTOň,Šimon VšETEčKA,0,2,34,24,0,0,0,0,0,0,Ball 1.,Základní část
197982,3,1,Michal ANTOň,Šimon VšETEčKA,1,2,15,41,0,0,0,0,0,0,Foul.,Základní část
197982,3,1,Michal ANTOň,Šimon VšETEčKA,1,2,-10,41,0,0,0,0,0,0,Foul.,Základní část
197982,3,1,Michal ANTOň,Šimon VšETEčKA,1,2,36,29,0,0,0,0,0,0,Ball 2.,Základní část
197982,3,1,Michal ANTOň,Šimon VšETEčKA,2,2,36,39,0,0,0,0,0,0,Ball 3.,Základní část
197982,3,1,Michal ANTOň,Šimon VšETEčKA,3,2,35,22,0,0,0,0,1,1,ANTOň Michal walks. BUBENíK Matouš scores. SLABý Marek to 3rd. PRANDžEV Aleš to 2nd. 1 RBI.,Základní část
197982,3,1,Ryker GALASKA,Šimon VšETEčKA,0,0,9,57,0,0,179,1,0,1,GALASKA Ryker singles to center field. SLABý Marek scores. PRANDžEV Aleš to 3rd. PRANDžEV Aleš  out at home 862.  ANTOň Michal to 2nd. 2 out. 1 RBI.,Základní část
197982,3,2,Jan MULAč,Šimon VšETEčKA,0,0,11,55,0,0,179,1,0,1,MULAč Jan singles to left center. ANTOň Michal scores. GALASKA Ryker to 3rd. 1 RBI.,Základní část
197982,3,2,Filip KUBíčEK,Šimon VšETEčKA,0,0,34,68,0,0,0,0,0,0,Ball 1. GALASKA Ryker scores on wild pitch. MULAč Jan to 3rd on wild pitch.,Základní část
197982,3,2,Filip KUBíčEK,Šimon VšETEčKA,1,0,-11,50,0,0,179,1,0,1,KUBíčEK Filip singles to center field. MULAč Jan scores. 1 RBI.,Základní část
197982,3,2,Petr ZýMA,Šimon VšETEčKA,0,0,17,61,0,0,226,0,0,0,ZýMA Petr flies out to right field.  F9. 3 out.,Základní část
197982,3,0,Matouš BUBENíK,Šimon VšETEčKA,0,0,0,0,0,0,0,0,0,0,"Middle of the 3rd<br>5 runs, 1 lob",Základní část
197982,4,0,Matouš BUBENíK,Šimon VšETEčKA,0,0,-12,25,0,0,179,1,0,0,BUBENíK Matouš singles through the left side.,Základní část
197982,4,0,Marek SLABý,Šimon VšETEčKA,0,0,32,24,0,0,0,0,0,0,Ball 1.,Základní část
197982,4,0,Marek SLABý,Šimon VšETEčKA,1,0,36,58,0,0,0,0,0,0,Ball 2.,Základní část
197982,4,0,Marek SLABý,Šimon VšETEčKA,2,0,-3,33,0,0,0,0,0,0,Foul.,Základní část
197982,4,0,Marek SLABý,Šimon VšETEčKA,2,1,16,20,0,0,179,1,0,0,SLABý Marek singles through the right side. BUBENíK Matouš to 2nd.,Základní část
197982,4,0,Adam TOšOVSKý,Šimon VšETEčKA,0,0,-8,48,0,0,0,0,0,0,Called Strike 1.,Základní část
197982,4,0,Adam TOšOVSKý,Šimon VšETEčKA,0,1,12,28,0,0,0,0,0,0,Swinging Strike 2.,Základní část
197982,4,0,Adam TOšOVSKý,Šimon VšETEčKA,0,2,33,64,0,0,0,0,0,0,Ball 1.,Základní část
197982,4,0,Adam TOšOVSKý,Šimon VšETEčKA,1,2,-19,20,0,0,179,1,0,0,TOšOVSKý Adam singles through the left side. BUBENíK Matouš to 3rd. SLABý Marek to 2nd.,Základní část
197982,4,0,Aleš PRANDžEV,Šimon VšETEčKA,0,0,-18,35,0,0,0,0,0,0,Called Strike 1.,Základní část
197982,4,0,Aleš PRANDžEV,Šimon VšETEčKA,0,1,13,41,0,0,0,0,0,0,Called Strike 2.,Základní část
197982,4,0,Aleš PRANDžEV,Šimon VšETEčKA,0,2,33,63,0,0,0,0,0,0,Ball 1.,Základní část
197982,4,0,Aleš PRANDžEV,Šimon VšETEčKA,1,2,-3,21,0,0,0,0,0,0,PRANDžEV Aleš strikes out swinging. 1 out.,Základní část
197982,4,1,Michal ANTOň,Šimon VšETEčKA,0,0,35,10,0,0,0,0,0,0,Ball 1.,Základní část
197982,4,1,Michal ANTOň,Šimon VšETEčKA,1,0,-3,12,0,0,113,0,0,1,ANTOň Michal reaches on fielders choice. BUBENíK Matouš scores. SLABý Marek to 3rd. TOšOVSKý Adam  out at 2nd 64.  2 out. 1 RBI.,Základní část
197982,4,2,Ryker GALASKA,Šimon VšETEčKA,0,0,-8,47,0,0,178,0,0,0,GALASKA Ryker flies out to left field.  F7. 3 out.,Základní část
197982,4,0,Jan MULAč,Šimon VšETEčKA,0,0,0,0,0,0,0,0,0,0,"Middle of the 4th<br>1 runs, 2 lob",Základní část
197982,5,0,Neznámý,Neznámý,0,0,0,0,0,0,0,0,0,0,Pitching Change: #99 ŠíN for #64 VšETEčKA,Základní část
197982,5,0,Jan MULAč,Alexandr ŠíN,0,0,33,12,0,0,0,0,0,0,Ball 1.,Základní část
197982,5,0,Jan MULAč,Alexandr ŠíN,1,0,39,12,0,0,0,0,0,0,Ball 2.,Základní část
197982,5,0,Jan MULAč,Alexandr ŠíN,2,0,39,23,0,0,0,0,0,0,Ball 3.,Základní část
197982,5,0,Jan MULAč,Alexandr ŠíN,3,0,34,64,0,0,0,0,1,0,MULAč Jan walks.,Základní část
197982,5,0,Filip KUBíčEK,Alexandr ŠíN,0,0,-3,55,0,0,0,0,0,0,Called Strike 1.,Základní část
197982,5,0,Filip KUBíčEK,Alexandr ŠíN,0,1,35,5,0,0,0,0,0,0,Ball 1.,Základní část
197982,5,0,Filip KUBíčEK,Alexandr ŠíN,1,1,35,59,0,0,0,0,0,0,Ball 2.,Základní část
197982,5,0,Filip KUBíčEK,Alexandr ŠíN,2,1,16,59,0,0,310,1,0,2,KUBíčEK Filip homers to deep right center. MULAč Jan scores. 2 RBI.,Základní část
197982,5,0,Petr ZýMA,Alexandr ŠíN,0,0,36,47,0,0,0,0,0,0,Ball 1.,Základní část
197982,5,0,Petr ZýMA,Alexandr ŠíN,1,0,39,34,0,0,0,0,0,0,Ball 2.,Základní část
197982,5,0,Petr ZýMA,Alexandr ŠíN,2,0,-11,45,0,0,226,0,0,0,ZýMA Petr flies out to left field.  F7. 1 out.,Základní část
197982,5,1,Matouš BUBENíK,Alexandr ŠíN,0,0,39,28,0,0,0,0,0,0,Ball 1.,Základní část
197982,5,1,Matouš BUBENíK,Alexandr ŠíN,1,0,14,55,0,0,0,0,0,0,Foul.,Základní část
197982,5,1,Matouš BUBENíK,Alexandr ŠíN,1,1,30,36,0,0,0,0,0,0,Ball 2.,Základní část
197982,5,1,Matouš BUBENíK,Alexandr ŠíN,2,1,9,46,0,0,0,0,0,0,Swinging Strike 2.,Základní část
197982,5,1,Matouš BUBENíK,Alexandr ŠíN,2,2,1,40,0,0,0,0,0,0,Foul.,Základní část
197982,5,1,Matouš BUBENíK,Alexandr ŠíN,2,2,-52,46,0,0,0,0,0,0,BUBENíK Matouš Hit By Pitch.,Základní část
197982,5,1,Marek SLABý,Alexandr ŠíN,0,0,10,29,0,0,0,0,0,0,Called Strike 1.,Základní část
197982,5,1,Marek SLABý,Alexandr ŠíN,0,1,-19,25,0,0,0,0,0,0,Called Strike 2.,Základní část
197982,5,1,Marek SLABý,Alexandr ŠíN,0,2,13,51,0,0,227,1,0,0,SLABý Marek singles to right field. BUBENíK Matouš to 2nd.,Základní část
197982,5,1,Adam TOšOVSKý,Alexandr ŠíN,0,0,17,29,0,0,0,0,0,0,Called Strike 1.,Základní část
197982,5,1,Adam TOšOVSKý,Alexandr ŠíN,0,1,30,27,0,0,0,0,0,0,Ball 1.,Základní část
197982,5,1,Adam TOšOVSKý,Alexandr ŠíN,1,1,9,49,0,0,0,0,0,0,Foul.,Základní část
197982,5,1,Adam TOšOVSKý,Alexandr ŠíN,1,2,14,20,0,0,0,0,0,0,Foul.,Základní část
197982,5,1,Adam TOšOVSKý,Alexandr ŠíN,1,2,34,52,0,0,0,0,0,0,Ball 2.,Základní část
197982,5,1,Adam TOšOVSKý,Alexandr ŠíN,2,2,-9,53,0,0,0,0,0,0,Foul.,Základní část
197982,5,1,Adam TOšOVSKý,Alexandr ŠíN,2,2,34,56,0,0,0,0,0,0,Ball 3.,Základní část
197982,5,1,Adam TOšOVSKý,Alexandr ŠíN,3,2,-19,42,0,0,0,0,0,0,TOšOVSKý Adam strikes out swinging. 2 out.,Základní část
197982,5,2,Aleš PRANDžEV,Alexandr ŠíN,0,0,18,51,0,0,226,0,0,0,PRANDžEV Aleš flies out to right field.  F9. 3 out.,Základní část
197982,5,0,Michal ANTOň,Alexandr ŠíN,0,0,0,0,0,0,0,0,0,0,"Middle of the 5th<br>2 runs, 2 lob",Základní část
197982,6,0,Neznámý,Neznámý,0,0,0,0,0,0,0,0,0,0,Defensive Substitution: #0 ROBENEK for #12 STANěK at 1B,Základní část
197982,6,0,Neznámý,Neznámý,0,0,0,0,0,0,0,0,0,0,Pitching Change: #11 SMITH for #99 ŠíN,Základní část
197982,6,0,Michal ANTOň,Brandon SMITH,0,0,7,49,0,0,0,0,0,0,Called Strike 1.,Základní část
197982,6,0,Michal ANTOň,Brandon SMITH,0,1,18,49,0,0,0,0,0,0,Called Strike 2.,Základní část
197982,6,0,Michal ANTOň,Brandon SMITH,0,2,-6,28,0,0,113,0,0,0,ANTOň Michal grounds out 6-3. 1 out.,Základní část
197982,6,1,Ryker GALASKA,Brandon SMITH,0,0,33,70,0,0,0,0,0,0,Ball 1.,Základní část
197982,6,1,Ryker GALASKA,Brandon SMITH,1,0,32,50,0,0,0,0,0,0,Ball 2.,Základní část
197982,6,1,Ryker GALASKA,Brandon SMITH,2,0,31,1,0,0,0,0,0,0,Ball 3.,Základní část
197982,6,1,Ryker GALASKA,Brandon SMITH,3,0,0,15,0,0,0,0,0,0,Foul.,Základní část
197982,6,1,Ryker GALASKA,Brandon SMITH,3,1,-16,33,0,0,0,0,0,0,Foul.,Základní část
197982,6,1,Ryker GALASKA,Brandon SMITH,3,2,16,25,0,0,113,0,0,0,GALASKA Ryker reaches on fielding error. E4.,Základní část
197982,6,1,Jan MULAč,Brandon SMITH,0,0,-15,27,0,0,0,0,0,0,Foul.,Základní část
197982,6,1,Jan MULAč,Brandon SMITH,0,1,4,22,0,0,0,0,0,0,Foul.,Základní část
197982,6,1,Jan MULAč,Brandon SMITH,0,2,33,3,0,0,0,0,0,0,Ball 1.,Základní část
197982,6,1,Jan MULAč,Brandon SMITH,1,2,37,23,0,0,0,0,0,0,Ball 2.,Základní část
197982,6,1,Jan MULAč,Brandon SMITH,2,2,8,45,0,0,0,0,0,0,Foul.,Základní část
197982,6,1,Jan MULAč,Brandon SMITH,2,2,12,60,0,0,0,0,0,0,Foul.,Základní část
197982,6,1,Jan MULAč,Brandon SMITH,2,2,-18,22,0,0,94,0,0,0,MULAč Jan reaches on fielders choice. GALASKA Ryker  out at 2nd 54.  2 out.,Základní část
197982,6,2,Filip KUBíčEK,Brandon SMITH,0,0,-11,42,0,0,0,0,0,0,Called Strike 1.,Základní část
197982,6,2,Filip KUBíčEK,Brandon SMITH,0,1,-15,51,0,0,0,0,0,0,Foul.,Základní část
197982,6,2,Filip KUBíčEK,Brandon SMITH,0,2,37,12,0,0,0,0,0,0,Ball 1. MULAč Jan to 2nd on wild pitch.,Základní část
197982,6,2,Filip KUBíčEK,Brandon SMITH,1,2,2,29,0,0,0,0,0,0,KUBíčEK Filip strikes out swinging. 3 out.,Základní část
197982,6,0,Petr ZýMA,Brandon SMITH,0,0,0,0,0,0,0,0,0,0,"Middle of the 6th<br>0 runs, 1 lob",Základní část
197982,7,0,Petr ZýMA,Brandon SMITH,0,0,10,53,0,0,0,0,0,0,Called Strike 1.,Základní část
197982,7,0,Petr ZýMA,Brandon SMITH,0,1,-17,31,0,0,0,0,0,0,Foul.,Základní část
197982,7,0,Petr ZýMA,Brandon SMITH,0,2,31,21,0,0,0,0,0,0,Ball 1.,Základní část
197982,7,0,Petr ZýMA,Brandon SMITH,1,2,11,34,0,0,0,0,0,0,ZýMA Petr strikes out looking. 1 out.,Základní část
197982,7,1,Matouš BUBENíK,Brandon SMITH,0,0,-19,47,0,0,0,0,0,0,Foul.,Základní část
197982,7,1,Matouš BUBENíK,Brandon SMITH,0,1,10,24,0,0,0,0,0,0,Foul.,Základní část
197982,7,1,Matouš BUBENíK,Brandon SMITH,0,2,-3,23,0,0,113,0,0,0,BUBENíK Matouš grounds out 6-3. 2 out.,Základní část
197982,7,2,Marek SLABý,Brandon SMITH,0,0,6,39,0,0,0,0,0,0,Swinging Strike 1.,Základní část
197982,7,2,Marek SLABý,Brandon SMITH,0,1,32,4,0,0,0,0,0,0,Ball 1.,Základní část
197982,7,2,Marek SLABý,Brandon SMITH,1,1,-1,46,0,0,179,1,0,0,SLABý Marek singles to center field.,Základní část
197982,7,2,Adam TOšOVSKý,Brandon SMITH,0,0,8,42,0,0,0,0,0,0,Called Strike 1.,Základní část
197982,7,2,Adam TOšOVSKý,Brandon SMITH,0,1,33,25,0,0,0,0,0,0,Ball 1.,Základní část
197982,7,2,Adam TOšOVSKý,Brandon SMITH,1,1,-12,48,0,0,0,0,0,0,Called Strike 2.,Základní část
197982,7,2,Adam TOšOVSKý,Brandon SMITH,1,2,-12,26,0,0,0,0,0,0,TOšOVSKý Adam strikes out swinging. 3 out.,Základní část
197982,7,0,Aleš PRANDžEV,Brandon SMITH,0,0,0,0,0,0,0,0,0,0,"Middle of the 7th<br>0 runs, 1 lob",Základní část
198010,1,0,Michal ANTOň,Matthew MALCONIAN,0,0,36,8,0,0,0,0,0,0,Ball 1.,Základní část
198010,1,0,Michal ANTOň,Matthew MALCONIAN,1,0,39,34,0,0,0,0,0,0,Ball 2.,Základní část
198010,1,0,Michal ANTOň,Matthew MALCONIAN,2,0,4,60,0,0,0,0,0,0,Called Strike 1.,Základní část
198010,1,0,Michal ANTOň,Matthew MALCONIAN,2,1,10,55,0,0,0,0,0,0,Called Strike 2.,Základní část
198010,1,0,Michal ANTOň,Matthew MALCONIAN,2,2,39,70,0,0,0,0,0,0,Ball 3.,Základní část
198010,1,0,Michal ANTOň,Matthew MALCONIAN,3,2,-15,53,0,0,0,0,0,0,Foul.,Základní část
198010,1,0,Michal ANTOň,Matthew MALCONIAN,3,2,34,4,0,0,0,0,1,0,ANTOň Michal walks.,Základní část
198010,1,0,Jan MULAč,Matthew MALCONIAN,0,0,-2,36,0,0,0,0,0,0,Called Strike 1.,Základní část
198010,1,0,Jan MULAč,Matthew MALCONIAN,0,1,37,32,0,0,0,0,0,0,Ball 1.,Základní část
198010,1,0,Jan MULAč,Matthew MALCONIAN,1,1,0,0,0,0,0,0,0,0,Pickoff Attempt at 1st,Základní část
198010,1,0,Jan MULAč,Matthew MALCONIAN,1,1,32,6,0,0,0,0,0,0,Ball 2.,Základní část
198010,1,0,Jan MULAč,Matthew MALCONIAN,2,1,33,39,0,0,0,0,0,0,Ball 3.,Základní část
198010,1,0,Jan MULAč,Matthew MALCONIAN,3,1,-17,54,0,0,0,0,0,0,Foul.,Základní část
198010,1,0,Jan MULAč,Matthew MALCONIAN,3,2,0,0,0,0,0,0,0,0,Pickoff Attempt at 1st,Základní část
198010,1,0,Jan MULAč,Matthew MALCONIAN,3,2,13,60,0,0,252,1,0,0,MULAč Jan doubles to deep right field. ANTOň Michal to 3rd.,Základní část
198010,1,0,Koya UEMURA,Matthew MALCONIAN,0,0,39,61,0,0,0,0,0,0,Ball 1.,Základní část
198010,1,0,Koya UEMURA,Matthew MALCONIAN,1,0,-4,19,0,0,94,0,0,0,UEMURA Koya grounds out 5-3. 1 out.,Základní část
198010,1,1,Filip KUBíčEK,Matthew MALCONIAN,0,0,17,50,0,0,0,0,0,0,Called Strike 1.,Základní část
198010,1,1,Filip KUBíčEK,Matthew MALCONIAN,0,1,31,26,0,0,0,0,0,0,Ball 1.,Základní část
198010,1,1,Filip KUBíčEK,Matthew MALCONIAN,1,1,13,37,0,0,0,0,0,0,Swinging Strike 2.,Základní část
198010,1,1,Filip KUBíčEK,Matthew MALCONIAN,1,2,17,28,0,0,0,0,0,0,KUBíčEK Filip strikes out looking. 2 out.,Základní část
198010,1,2,Petr ZýMA,Matthew MALCONIAN,0,0,32,64,0,0,0,0,0,0,Ball 1.,Základní část
198010,1,2,Petr ZýMA,Matthew MALCONIAN,1,0,-13,54,0,0,0,0,0,0,Called Strike 1.,Základní část
198010,1,2,Petr ZýMA,Matthew MALCONIAN,1,1,-14,14,0,0,0,0,0,0,Swinging Strike 2.,Základní část
198010,1,2,Petr ZýMA,Matthew MALCONIAN,1,2,-9,36,0,0,0,0,0,0,ZýMA Petr strikes out swinging. 3 out.,Základní část
198010,1,0,Viktor HLUCHý,Matthew MALCONIAN,0,0,0,0,0,0,0,0,0,0,"End of the 1st<br>0 runs, 2 lob",Základní část
198010,2,0,Viktor HLUCHý,Matthew MALCONIAN,0,0,32,44,0,0,0,0,0,0,Ball 1.,Základní část
198010,2,0,Viktor HLUCHý,Matthew MALCONIAN,1,0,-3,53,0,0,0,0,0,0,Swinging Strike 1.,Základní část
198010,2,0,Viktor HLUCHý,Matthew MALCONIAN,1,1,38,4,0,0,0,0,0,0,Ball 2.,Základní část
198010,2,0,Viktor HLUCHý,Matthew MALCONIAN,2,1,13,30,0,0,0,0,0,0,Foul.,Základní část
198010,2,0,Viktor HLUCHý,Matthew MALCONIAN,2,2,39,66,0,0,0,0,0,0,Ball 3.,Základní část
198010,2,0,Viktor HLUCHý,Matthew MALCONIAN,3,2,36,55,0,0,0,0,1,0,HLUCHý Viktor walks.,Základní část
198010,2,0,Matouš BUBENíK,Matthew MALCONIAN,0,0,-7,36,0,0,0,0,0,0,Called Strike 1.,Základní část
198010,2,0,Matouš BUBENíK,Matthew MALCONIAN,0,1,-2,21,0,0,179,1,0,0,BUBENíK Matouš singles through the left side. HLUCHý Viktor to 2nd.,Základní část
198010,2,0,Marek SLABý,Matthew MALCONIAN,0,0,-11,52,0,0,42,0,0,0,SLABý Marek out on sacrifice hit 14. Bunt. HLUCHý Viktor to 3rd. BUBENíK Matouš to 2nd. 1 out.,Základní část
198010,2,1,Aleš PRANDžEV,Matthew MALCONIAN,0,0,30,57,0,0,0,0,0,0,Ball 1.,Základní část
198010,2,1,Aleš PRANDžEV,Matthew MALCONIAN,1,0,-10,41,0,0,0,0,0,0,Swinging Strike 1.,Základní část
198010,2,1,Aleš PRANDžEV,Matthew MALCONIAN,1,1,-4,61,0,0,0,0,0,0,Foul.,Základní část
198010,2,1,Aleš PRANDžEV,Matthew MALCONIAN,1,2,-11,23,0,0,0,0,0,0,PRANDžEV Aleš strikes out looking. 2 out.,Základní část
198010,2,2,Michal ANTOň,Matthew MALCONIAN,0,0,-5,21,0,0,0,0,0,0,Called Strike 1.,Základní část
198010,2,2,Michal ANTOň,Matthew MALCONIAN,0,1,-18,41,0,0,0,0,0,0,Foul.,Základní část
198010,2,2,Michal ANTOň,Matthew MALCONIAN,0,2,30,11,0,0,0,0,0,0,Ball 1.,Základní část
198010,2,2,Michal ANTOň,Matthew MALCONIAN,1,2,-5,16,0,0,88,1,0,1,ANTOň Michal singles to second base. HLUCHý Viktor scores. BUBENíK Matouš to 3rd. BUBENíK Matouš scores on E4T. ANTOň Michal to 2nd on E4T. 1 RBI.,Základní část
198010,2,2,Jan MULAč,Matthew MALCONIAN,0,0,-14,19,0,0,0,0,0,0,Foul.,Základní část
198010,2,2,Jan MULAč,Matthew MALCONIAN,0,1,5,36,0,0,0,0,0,0,Called Strike 2.,Základní část
198010,2,2,Jan MULAč,Matthew MALCONIAN,0,2,33,47,0,0,0,0,0,0,Ball 1.,Základní část
198010,2,2,Jan MULAč,Matthew MALCONIAN,1,2,12,60,0,0,251,1,0,1,MULAč Jan doubles to deep center field. ANTOň Michal scores. 1 RBI.,Základní část
198010,2,2,Koya UEMURA,Matthew MALCONIAN,0,0,17,41,0,0,0,0,0,0,Called Strike 1.,Základní část
198010,2,2,Koya UEMURA,Matthew MALCONIAN,0,1,-18,30,0,0,0,0,0,0,Called Strike 2.,Základní část
198010,2,2,Koya UEMURA,Matthew MALCONIAN,0,2,37,52,0,0,0,0,0,0,Ball 1.,Základní část
198010,2,2,Koya UEMURA,Matthew MALCONIAN,1,2,-17,11,0,0,235,1,0,1,UEMURA Koya doubles down LF line. MULAč Jan scores. 1 RBI.,Základní část
198010,2,2,Filip KUBíčEK,Matthew MALCONIAN,0,0,0,0,0,0,0,0,0,0,Coaching Visit,Základní část
198010,2,2,Filip KUBíčEK,Matthew MALCONIAN,0,0,6,35,0,0,0,0,0,0,Called Strike 1.,Základní část
198010,2,2,Filip KUBíčEK,Matthew MALCONIAN,0,1,1,28,0,0,235,1,0,1,KUBíčEK Filip doubles down RF line. UEMURA Koya scores. 1 RBI.,Základní část
198010,2,2,Petr ZýMA,Matthew MALCONIAN,0,0,10,55,0,0,0,0,0,0,Called Strike 1.,Základní část
198010,2,2,Petr ZýMA,Matthew MALCONIAN,0,1,-3,38,0,0,0,0,0,0,Foul.,Základní část
198010,2,2,Petr ZýMA,Matthew MALCONIAN,0,2,34,66,0,0,0,0,0,0,Ball 1.,Základní část
198010,2,2,Petr ZýMA,Matthew MALCONIAN,1,2,39,28,0,0,0,0,0,0,Ball 2.,Základní část
198010,2,2,Petr ZýMA,Matthew MALCONIAN,2,2,0,57,0,0,179,1,0,1,ZýMA Petr singles to center field. KUBíčEK Filip scores. 1 RBI.,Základní část
198010,2,2,Viktor HLUCHý,Matthew MALCONIAN,0,0,34,10,0,0,0,0,0,0,Ball 1.,Základní část
198010,2,2,Viktor HLUCHý,Matthew MALCONIAN,1,0,-17,54,0,0,0,0,0,0,Foul.,Základní část
198010,2,2,Viktor HLUCHý,Matthew MALCONIAN,1,1,34,16,0,0,0,0,0,0,Ball 2.,Základní část
198010,2,2,Viktor HLUCHý,Matthew MALCONIAN,2,1,37,64,0,0,0,0,0,0,Ball 3.,Základní část
198010,2,2,Viktor HLUCHý,Matthew MALCONIAN,3,1,0,0,0,0,0,0,0,0,Catcher Pickoff Attempt at 1st,Základní část
198010,2,2,Viktor HLUCHý,Matthew MALCONIAN,3,1,-17,53,0,0,0,0,0,0,Swinging Strike 2.,Základní část
198010,2,2,Viktor HLUCHý,Matthew MALCONIAN,3,2,15,24,0,0,0,0,0,0,HLUCHý Viktor strikes out swinging. 3 out.,Základní část
198010,2,0,Matouš BUBENíK,Matthew MALCONIAN,0,0,0,0,0,0,0,0,0,0,"End of the 2nd<br>6 runs, 1 lob",Základní část
198010,3,0,Matouš BUBENíK,Matthew MALCONIAN,0,0,-20,59,0,0,0,0,0,0,Foul.,Základní část
198010,3,0,Matouš BUBENíK,Matthew MALCONIAN,0,1,33,10,0,0,0,0,0,0,Ball 1.,Základní část
198010,3,0,Matouš BUBENíK,Matthew MALCONIAN,1,1,31,60,0,0,0,0,0,0,Ball 2.,Základní část
198010,3,0,Matouš BUBENíK,Matthew MALCONIAN,2,1,6,47,0,0,0,0,0,0,Called Strike 2.,Základní část
198010,3,0,Matouš BUBENíK,Matthew MALCONIAN,2,2,15,51,0,0,226,0,0,0,BUBENíK Matouš flies out to right field.  L9. 1 out.,Základní část
198010,3,1,Marek SLABý,Matthew MALCONIAN,0,0,3,28,0,0,0,0,0,0,Called Strike 1.,Základní část
198010,3,1,Marek SLABý,Matthew MALCONIAN,0,1,15,46,0,0,235,1,0,0,SLABý Marek doubles to right field.,Základní část
198010,3,1,Aleš PRANDžEV,Matthew MALCONIAN,0,0,1,20,0,0,0,0,0,0,Foul.,Základní část
198010,3,1,Aleš PRANDžEV,Matthew MALCONIAN,0,1,-9,35,0,0,0,0,0,0,Swinging Strike 2.,Základní část
198010,3,1,Aleš PRANDžEV,Matthew MALCONIAN,0,2,33,35,0,0,0,0,0,0,Ball 1.,Základní část
198010,3,1,Aleš PRANDžEV,Matthew MALCONIAN,1,2,3,19,0,0,0,0,0,0,PRANDžEV Aleš strikes out swinging. 2 out.,Základní část
198010,3,2,Michal ANTOň,Matthew MALCONIAN,0,0,-5,33,0,0,0,0,0,0,Swinging Strike 1.,Základní část
198010,3,2,Michal ANTOň,Matthew MALCONIAN,0,1,-4,62,0,0,226,0,0,0,ANTOň Michal flies out to center field.  F8. 3 out.,Základní část
198010,3,0,Jan MULAč,Matthew MALCONIAN,0,0,0,0,0,0,0,0,0,0,"End of the 3rd<br>0 runs, 1 lob",Základní část
198010,4,0,Jan MULAč,Matthew MALCONIAN,0,0,0,14,0,0,0,0,0,0,Called Strike 1.,Základní část
198010,4,0,Jan MULAč,Matthew MALCONIAN,0,1,1,52,0,0,202,0,0,0,MULAč Jan flies out to right center.  F9. 1 out.,Základní část
198010,4,1,Koya UEMURA,Matthew MALCONIAN,0,0,-2,30,0,0,0,0,0,0,Called Strike 1.,Základní část
198010,4,1,Koya UEMURA,Matthew MALCONIAN,0,1,37,69,0,0,0,0,0,0,Ball 1.,Základní část
198010,4,1,Koya UEMURA,Matthew MALCONIAN,1,1,35,23,0,0,0,0,0,0,Ball 2.,Základní část
198010,4,1,Koya UEMURA,Matthew MALCONIAN,2,1,39,55,0,0,0,0,0,0,Ball 3.,Základní část
198010,4,1,Koya UEMURA,Matthew MALCONIAN,3,1,30,15,0,0,0,0,1,0,UEMURA Koya walks.,Základní část
198010,4,1,Filip KUBíčEK,Matthew MALCONIAN,0,0,13,56,0,0,46,0,0,0,KUBíčEK Filip flies out foul.  FP3. 2 out.,Základní část
198010,4,2,Petr ZýMA,Matthew MALCONIAN,0,0,37,13,0,0,0,0,0,0,Ball 1. UEMURA Koya to 2nd on wild pitch.,Základní část
198010,4,2,Petr ZýMA,Matthew MALCONIAN,1,0,19,49,0,0,0,0,0,0,Foul.,Základní část
198010,4,2,Petr ZýMA,Matthew MALCONIAN,1,1,32,33,0,0,0,0,0,0,Ball 2.,Základní část
198010,4,2,Petr ZýMA,Matthew MALCONIAN,2,1,10,56,0,0,0,0,0,0,Foul.,Základní část
198010,4,2,Petr ZýMA,Matthew MALCONIAN,2,2,-8,57,0,0,0,0,0,0,ZýMA Petr strikes out swinging. 3 out.,Základní část
198010,4,0,Viktor HLUCHý,Matthew MALCONIAN,0,0,0,0,0,0,0,0,0,0,"End of the 4th<br>0 runs, 1 lob",Základní část
198010,5,0,Neznámý,Neznámý,0,0,0,0,0,0,0,0,0,0,Pitching Change: #45 SOBOTKA for #8 MALCONIAN,Základní část
198010,5,0,Viktor HLUCHý,Daniel SOBOTKA,0,0,31,45,0,0,0,0,0,0,Ball 1.,Základní část
198010,5,0,Viktor HLUCHý,Daniel SOBOTKA,1,0,39,11,0,0,0,0,0,0,Ball 2.,Základní část
198010,5,0,Viktor HLUCHý,Daniel SOBOTKA,2,0,38,34,0,0,0,0,0,0,Ball 3.,Základní část
198010,5,0,Viktor HLUCHý,Daniel SOBOTKA,3,0,37,36,0,0,0,0,1,0,HLUCHý Viktor walks.,Základní část
198010,5,0,Matouš BUBENíK,Daniel SOBOTKA,0,0,-18,19,0,0,0,0,0,0,Called Strike 1.,Základní část
198010,5,0,Matouš BUBENíK,Daniel SOBOTKA,0,1,0,0,0,0,0,0,0,0,Pickoff Attempt at 1st,Základní část
198010,5,0,Matouš BUBENíK,Daniel SOBOTKA,0,1,39,36,0,0,0,0,0,0,Ball 1.,Základní část
198010,5,0,Matouš BUBENíK,Daniel SOBOTKA,1,1,-14,58,0,0,-15,0,0,0,BUBENíK Matouš flies out.  P2. 1 out.,Základní část
198010,5,1,Marek SLABý,Daniel SOBOTKA,0,0,0,0,0,0,0,0,0,0,Pickoff Attempt at 1st,Základní část
198010,5,1,Marek SLABý,Daniel SOBOTKA,0,0,36,51,0,0,0,0,0,0,Ball 1.,Základní část
198010,5,1,Marek SLABý,Daniel SOBOTKA,1,0,14,60,0,0,0,0,0,0,Called Strike 1. HLUCHý Viktor to 2nd on stolen base.,Základní část
198010,5,1,Marek SLABý,Daniel SOBOTKA,1,1,5,13,0,0,0,0,0,0,Swinging Strike 2.,Základní část
198010,5,1,Marek SLABý,Daniel SOBOTKA,1,2,37,69,0,0,0,0,0,0,Ball 2.,Základní část
198010,5,1,Marek SLABý,Daniel SOBOTKA,2,2,38,1,0,0,0,0,0,0,Ball 3.,Základní část
198010,5,1,Marek SLABý,Daniel SOBOTKA,3,2,35,59,0,0,0,0,1,0,SLABý Marek walks.,Základní část
198010,5,1,Aleš PRANDžEV,Daniel SOBOTKA,0,0,35,69,0,0,0,0,0,0,Ball 1. HLUCHý Viktor to 3rd on stolen base. SLABý Marek to 2nd on stolen base.,Základní část
198010,5,1,Aleš PRANDžEV,Daniel SOBOTKA,1,0,5,56,0,0,73,0,0,0,PRANDžEV Aleš flies out foul.  FP3. 2 out.,Základní část
198010,5,2,Michal ANTOň,Daniel SOBOTKA,0,0,1,48,0,0,0,0,0,0,Called Strike 1.,Základní část
198010,5,2,Michal ANTOň,Daniel SOBOTKA,0,1,16,43,0,0,0,0,0,0,Called Strike 2.,Základní část
198010,5,2,Michal ANTOň,Daniel SOBOTKA,0,2,32,52,0,0,0,0,0,0,Ball 1.,Základní část
198010,5,2,Michal ANTOň,Daniel SOBOTKA,1,2,8,27,0,0,0,0,0,0,Foul.,Základní část
198010,5,2,Michal ANTOň,Daniel SOBOTKA,1,2,34,10,0,0,0,0,0,0,Ball 2. HLUCHý Viktor scores on wild pitch. SLABý Marek to 3rd on wild pitch.,Základní část
198010,5,2,Michal ANTOň,Daniel SOBOTKA,2,2,-14,21,0,0,57,0,0,0,ANTOň Michal grounds out 1-3. 3 out.,Základní část
198010,5,0,Jan MULAč,Daniel SOBOTKA,0,0,0,0,0,0,0,0,0,0,"End of the 5th<br>1 runs, 1 lob",Základní část
198010,6,0,Jan MULAč,Daniel SOBOTKA,0,0,-20,35,0,0,0,0,0,0,Called Strike 1.,Základní část
198010,6,0,Jan MULAč,Daniel SOBOTKA,0,1,-19,26,0,0,0,0,0,0,Foul.,Základní část
198010,6,0,Jan MULAč,Daniel SOBOTKA,0,2,-4,56,0,0,194,1,0,0,MULAč Jan triples to left field.,Základní část
198010,6,0,Koya UEMURA,Daniel SOBOTKA,0,0,13,42,0,0,0,0,0,0,Called Strike 1.,Základní část
198010,6,0,Koya UEMURA,Daniel SOBOTKA,0,1,-15,26,0,0,0,0,0,0,Foul.,Základní část
198010,6,0,Koya UEMURA,Daniel SOBOTKA,0,2,39,38,0,0,0,0,0,0,Ball 1.,Základní část
198010,6,0,Koya UEMURA,Daniel SOBOTKA,1,2,32,54,0,0,0,0,0,0,Ball 2.,Základní část
198010,6,0,Koya UEMURA,Daniel SOBOTKA,2,2,-13,48,0,0,206,1,0,1,UEMURA Koya singles to center field. MULAč Jan scores. 1 RBI.,Základní část
198010,6,0,Filip KUBíčEK,Daniel SOBOTKA,0,0,31,9,0,0,0,0,0,0,Ball 1.,Základní část
198010,6,0,Filip KUBíčEK,Daniel SOBOTKA,1,0,3,28,0,0,0,0,0,0,Foul.,Základní část
198010,6,0,Filip KUBíčEK,Daniel SOBOTKA,1,1,36,66,0,0,0,0,0,0,Ball 2.,Základní část
198010,6,0,Filip KUBíčEK,Daniel SOBOTKA,2,1,-3,47,0,0,0,0,0,0,Swinging Strike 2.,Základní část
198010,6,0,Filip KUBíčEK,Daniel SOBOTKA,2,2,36,3,0,0,0,0,0,0,Ball 3.,Základní část
198010,6,0,Filip KUBíčEK,Daniel SOBOTKA,3,2,37,33,0,0,0,0,1,0,KUBíčEK Filip walks. UEMURA Koya to 2nd.,Základní část
198010,6,0,Petr ZýMA,Daniel SOBOTKA,0,0,0,0,0,0,0,0,0,0,Coaching Visit,Základní část
198010,6,0,Petr ZýMA,Daniel SOBOTKA,0,0,0,0,0,0,0,0,0,0,Pickoff Attempt at 2nd,Základní část
198010,6,0,Petr ZýMA,Daniel SOBOTKA,0,0,35,21,0,0,0,0,0,0,Ball 1.,Základní část
198010,6,0,Petr ZýMA,Daniel SOBOTKA,1,0,36,28,0,0,0,0,0,0,Ball 2.,Základní část
198010,6,0,Petr ZýMA,Daniel SOBOTKA,2,0,38,22,0,0,0,0,0,0,Ball 3.,Základní část
198010,6,0,Petr ZýMA,Daniel SOBOTKA,3,0,33,48,0,0,0,0,1,0,ZýMA Petr walks. UEMURA Koya to 3rd. KUBíčEK Filip to 2nd.,Základní část
198010,6,0,Viktor HLUCHý,Daniel SOBOTKA,0,0,-19,30,0,0,0,0,0,0,Called Strike 1.,Základní část
198010,6,0,Viktor HLUCHý,Daniel SOBOTKA,0,1,32,44,0,0,0,0,0,0,Ball 1.,Základní část
198010,6,0,Viktor HLUCHý,Daniel SOBOTKA,1,1,-6,54,0,0,220,1,0,2,HLUCHý Viktor singles to center field. UEMURA Koya scores. KUBíčEK Filip scores. ZýMA Petr to 3rd. 2 RBI.,Základní část
198010,6,0,Matouš BUBENíK,Daniel SOBOTKA,0,0,34,35,0,0,0,0,0,0,Ball 1.,Základní část
198010,6,0,Matouš BUBENíK,Daniel SOBOTKA,1,0,-3,52,0,0,0,0,0,0,Foul.,Základní část
198010,6,0,Matouš BUBENíK,Daniel SOBOTKA,1,1,-4,13,0,0,113,0,0,0,BUBENíK Matouš hits into a double play.  GDP 63. ZýMA Petr scores. HLUCHý Viktor  out at 2nd 6.  2 out.,Základní část
198010,6,2,Marek SLABý,Daniel SOBOTKA,0,0,36,53,0,0,0,0,0,0,Ball 1.,Základní část
198010,6,2,Marek SLABý,Daniel SOBOTKA,1,0,-56,57,0,0,0,0,0,0,SLABý Marek Hit By Pitch.,Základní část
198010,6,2,Aleš PRANDžEV,Daniel SOBOTKA,0,0,-5,39,0,0,0,0,0,0,Foul.,Základní část
198010,6,2,Aleš PRANDžEV,Daniel SOBOTKA,0,1,-6,24,0,0,113,0,0,0,PRANDžEV Aleš grounds out 6-3. 3 out.,Základní část
198010,6,0,Michal ANTOň,Daniel SOBOTKA,0,0,0,0,0,0,0,0,0,0,"End of the 6th<br>4 runs, 1 lob",Základní část
198010,7,0,Michal ANTOň,Daniel SOBOTKA,0,0,0,0,0,0,0,0,0,0,GAME OVER<br>EAG wins 11-1<br>Win: UEMURA<br>Loss: MALCONIAN,Základní část
198014,1,0,Michal ANTOň,Viktor BERáNEK,0,0,0,0,0,0,0,0,0,0,Play Ball,Základní část
198014,1,0,Michal ANTOň,Viktor BERáNEK,0,0,-18,36,0,0,0,0,0,0,Foul.,Základní část
198014,1,0,Michal ANTOň,Viktor BERáNEK,0,1,-19,56,0,0,0,0,0,0,Foul.,Základní část
198014,1,0,Michal ANTOň,Viktor BERáNEK,0,2,32,22,0,0,0,0,0,0,Ball 1.,Základní část
198014,1,0,Michal ANTOň,Viktor BERáNEK,1,2,37,16,0,0,0,0,0,0,Ball 2.,Základní část
198014,1,0,Michal ANTOň,Viktor BERáNEK,2,2,37,17,0,0,0,0,0,0,Ball 3.,Základní část
198014,1,0,Michal ANTOň,Viktor BERáNEK,3,2,16,12,0,0,113,0,0,0,ANTOň Michal grounds out 4-3. 1 out.,Základní část
198014,1,1,Jan MULAč,Viktor BERáNEK,0,0,38,7,0,0,0,0,0,0,Ball 1.,Základní část
198014,1,1,Jan MULAč,Viktor BERáNEK,1,0,-3,31,0,0,0,0,0,0,Foul.,Základní část
198014,1,1,Jan MULAč,Viktor BERáNEK,1,1,-5,13,0,0,113,0,0,0,MULAč Jan grounds out 6-3. 2 out.,Základní část
198014,1,2,Koya UEMURA,Viktor BERáNEK,0,0,4,40,0,0,0,0,0,0,Called Strike 1.,Základní část
198014,1,2,Koya UEMURA,Viktor BERáNEK,0,1,-10,36,0,0,0,0,0,0,Called Strike 2.,Základní část
198014,1,2,Koya UEMURA,Viktor BERáNEK,0,2,31,63,0,0,0,0,0,0,Ball 1.,Základní část
198014,1,2,Koya UEMURA,Viktor BERáNEK,1,2,-10,27,0,0,0,0,0,0,Foul.,Základní část
198014,1,2,Koya UEMURA,Viktor BERáNEK,1,2,35,58,0,0,0,0,0,0,Ball 2.,Základní část
198014,1,2,Koya UEMURA,Viktor BERáNEK,2,2,-11,39,0,0,0,0,0,0,UEMURA Koya strikes out swinging. 3 out.,Základní část
198014,1,0,Filip KUBíčEK,Viktor BERáNEK,0,0,0,0,0,0,0,0,0,0,"Middle of the 1st<br>0 runs, 0 lob",Základní část
198014,2,0,Filip KUBíčEK,Viktor BERáNEK,0,0,-15,27,0,0,0,0,0,0,Called Strike 1.,Základní část
198014,2,0,Filip KUBíčEK,Viktor BERáNEK,0,1,16,54,0,0,113,0,0,0,KUBíčEK Filip flies out.  F4. 1 out.,Základní část
198014,2,1,Petr ZýMA,Viktor BERáNEK,0,0,-12,22,0,0,0,0,0,0,Called Strike 1.,Základní část
198014,2,1,Petr ZýMA,Viktor BERáNEK,0,1,13,11,0,0,31,0,0,0,ZýMA Petr grounds out 1-3. 2 out.,Základní část
198014,2,2,Viktor HLUCHý,Viktor BERáNEK,0,0,38,61,0,0,0,0,0,0,Ball 1.,Základní část
198014,2,2,Viktor HLUCHý,Viktor BERáNEK,1,0,35,34,0,0,0,0,0,0,Ball 2.,Základní část
198014,2,2,Viktor HLUCHý,Viktor BERáNEK,2,0,-18,28,0,0,0,0,0,0,Called Strike 1.,Základní část
198014,2,2,Viktor HLUCHý,Viktor BERáNEK,2,1,-3,16,0,0,0,0,0,0,Called Strike 2.,Základní část
198014,2,2,Viktor HLUCHý,Viktor BERáNEK,2,2,38,69,0,0,0,0,0,0,Ball 3.,Základní část
198014,2,2,Viktor HLUCHý,Viktor BERáNEK,3,2,-9,25,0,0,0,0,0,0,Foul.,Základní část
198014,2,2,Viktor HLUCHý,Viktor BERáNEK,3,2,10,31,0,0,0,0,0,0,Foul.,Základní část
198014,2,2,Viktor HLUCHý,Viktor BERáNEK,3,2,39,65,0,0,0,0,1,0,HLUCHý Viktor walks.,Základní část
198014,2,2,Matouš BUBENíK,Viktor BERáNEK,0,0,-1,25,0,0,0,0,0,0,Foul.,Základní část
198014,2,2,Matouš BUBENíK,Viktor BERáNEK,0,1,11,26,0,0,0,0,0,0,Called Strike 2.,Základní část
198014,2,2,Matouš BUBENíK,Viktor BERáNEK,0,2,1,11,0,0,82,0,0,0,BUBENíK Matouš grounds out 4-3. 3 out.,Základní část
198014,2,0,Marek SLABý,Viktor BERáNEK,0,0,0,0,0,0,0,0,0,0,"Middle of the 2nd<br>0 runs, 1 lob",Základní část
198014,3,0,Marek SLABý,Viktor BERáNEK,0,0,18,45,0,0,0,0,0,0,Called Strike 1.,Základní část
198014,3,0,Marek SLABý,Viktor BERáNEK,0,1,-10,27,0,0,0,0,0,0,Foul.,Základní část
198014,3,0,Marek SLABý,Viktor BERáNEK,0,2,19,37,0,0,0,0,0,0,Foul.,Základní část
198014,3,0,Marek SLABý,Viktor BERáNEK,0,2,-8,58,0,0,0,0,0,0,SLABý Marek strikes out looking. 1 out.,Základní část
198014,3,1,Matyáš SMOLA,Viktor BERáNEK,0,0,35,9,0,0,0,0,0,0,Ball 1.,Základní část
198014,3,1,Matyáš SMOLA,Viktor BERáNEK,1,0,33,25,0,0,0,0,0,0,Ball 2.,Základní část
198014,3,1,Matyáš SMOLA,Viktor BERáNEK,2,0,5,49,0,0,0,0,0,0,Called Strike 1.,Základní část
198014,3,1,Matyáš SMOLA,Viktor BERáNEK,2,1,19,29,0,0,108,0,0,0,SMOLA Matyáš grounds out 4-3. 2 out.,Základní část
198014,3,2,Michal ANTOň,Viktor BERáNEK,0,0,8,43,0,0,0,0,0,0,Called Strike 1.,Základní část
198014,3,2,Michal ANTOň,Viktor BERáNEK,0,1,38,26,0,0,0,0,0,0,Ball 1.,Základní část
198014,3,2,Michal ANTOň,Viktor BERáNEK,1,1,-18,38,0,0,0,0,0,0,Called Strike 2.,Základní část
198014,3,2,Michal ANTOň,Viktor BERáNEK,1,2,37,25,0,0,0,0,0,0,Ball 2.,Základní část
198014,3,2,Michal ANTOň,Viktor BERáNEK,2,2,35,9,0,0,0,0,0,0,Ball 3.,Základní část
198014,3,2,Michal ANTOň,Viktor BERáNEK,3,2,36,66,0,0,0,0,1,0,ANTOň Michal walks.,Základní část
198014,3,2,Jan MULAč,Viktor BERáNEK,0,0,-10,20,0,0,0,0,0,0,Foul.,Základní část
198014,3,2,Jan MULAč,Viktor BERáNEK,0,1,0,0,0,0,0,0,0,0,Pickoff Attempt at 1st,Základní část
198014,3,2,Jan MULAč,Viktor BERáNEK,0,1,-12,57,0,0,0,0,0,0,Foul.,Základní část
198014,3,2,Jan MULAč,Viktor BERáNEK,0,2,30,52,0,0,0,0,0,0,Ball 1.,Základní část
198014,3,2,Jan MULAč,Viktor BERáNEK,1,2,-14,62,0,0,185,0,0,0,MULAč Jan flies out down left field line.  F7. 3 out.,Základní část
198014,3,0,Koya UEMURA,Viktor BERáNEK,0,0,0,0,0,0,0,0,0,0,"Middle of the 3rd<br>0 runs, 1 lob",Základní část
198014,4,0,Koya UEMURA,Viktor BERáNEK,0,0,-11,56,0,0,0,0,0,0,Called Strike 1.,Základní část
198014,4,0,Koya UEMURA,Viktor BERáNEK,0,1,31,6,0,0,0,0,0,0,Ball 1.,Základní část
198014,4,0,Koya UEMURA,Viktor BERáNEK,1,1,35,22,0,0,0,0,0,0,Ball 2.,Základní část
198014,4,0,Koya UEMURA,Viktor BERáNEK,2,1,-13,38,0,0,0,0,0,0,Swinging Strike 2.,Základní část
198014,4,0,Koya UEMURA,Viktor BERáNEK,2,2,-16,56,0,0,0,0,0,0,Foul.,Základní část
198014,4,0,Koya UEMURA,Viktor BERáNEK,2,2,38,40,0,0,0,0,0,0,Ball 3.,Základní část
198014,4,0,Koya UEMURA,Viktor BERáNEK,3,2,-4,17,0,0,82,0,0,0,UEMURA Koya grounds out 5-3. 1 out.,Základní část
198014,4,1,Filip KUBíčEK,Viktor BERáNEK,0,0,10,24,0,0,0,0,0,0,Foul.,Základní část
198014,4,1,Filip KUBíčEK,Viktor BERáNEK,0,1,35,25,0,0,0,0,0,0,Ball 1.,Základní část
198014,4,1,Filip KUBíčEK,Viktor BERáNEK,1,1,35,21,0,0,0,0,0,0,Ball 2.,Základní část
198014,4,1,Filip KUBíčEK,Viktor BERáNEK,2,1,6,39,0,0,0,0,0,0,Foul.,Základní část
198014,4,1,Filip KUBíčEK,Viktor BERáNEK,2,2,-4,26,0,0,113,0,0,0,KUBíčEK Filip grounds out 6-3. 2 out.,Základní část
198014,4,2,Petr ZýMA,Viktor BERáNEK,0,0,-15,59,0,0,181,1,0,0,ZýMA Petr doubles to left center.,Základní část
198014,4,2,Viktor HLUCHý,Viktor BERáNEK,0,0,13,31,0,0,0,0,0,0,Foul.,Základní část
198014,4,2,Viktor HLUCHý,Viktor BERáNEK,0,1,33,68,0,0,0,0,0,0,Ball 1.,Základní část
198014,4,2,Viktor HLUCHý,Viktor BERáNEK,1,1,-1,53,0,0,0,0,0,0,Foul.,Základní část
198014,4,2,Viktor HLUCHý,Viktor BERáNEK,1,2,33,9,0,0,0,0,0,0,Ball 2. ZýMA Petr to 3rd on passed ball.,Základní část
198014,4,2,Viktor HLUCHý,Viktor BERáNEK,2,2,-19,58,0,0,0,0,0,0,Foul.,Základní část
198014,4,2,Viktor HLUCHý,Viktor BERáNEK,2,2,-1,61,0,0,157,1,0,1,HLUCHý Viktor singles to center field. ZýMA Petr scores. 1 RBI.,Základní část
198014,4,2,Matouš BUBENíK,Viktor BERáNEK,0,0,-1,51,0,0,217,1,0,0,BUBENíK Matouš doubles down left field line. HLUCHý Viktor to 3rd. HLUCHý Viktor  out at home 762.  3 out.,Základní část
198014,4,0,Marek SLABý,Viktor BERáNEK,0,0,0,0,0,0,0,0,0,0,"Middle of the 4th<br>1 runs, 1 lob",Základní část
198014,5,0,Marek SLABý,Viktor BERáNEK,0,0,-11,42,0,0,0,0,0,0,Foul.,Základní část
198014,5,0,Marek SLABý,Viktor BERáNEK,0,1,34,69,0,0,0,0,0,0,Ball 1.,Základní část
198014,5,0,Marek SLABý,Viktor BERáNEK,1,1,38,31,0,0,0,0,0,0,Ball 2.,Základní část
198014,5,0,Marek SLABý,Viktor BERáNEK,2,1,31,13,0,0,0,0,0,0,Ball 3.,Základní část
198014,5,0,Marek SLABý,Viktor BERáNEK,3,1,38,32,0,0,0,0,1,0,SLABý Marek walks.,Základní část
198014,5,0,Matyáš SMOLA,Viktor BERáNEK,0,0,-19,42,0,0,0,0,0,0,Called Strike 1.,Základní část
198014,5,0,Matyáš SMOLA,Viktor BERáNEK,0,1,0,0,0,0,0,0,0,0,Pickoff Attempt at 1st,Základní část
198014,5,0,Matyáš SMOLA,Viktor BERáNEK,0,1,-17,48,0,0,31,0,0,0,SMOLA Matyáš out on sacrifice hit 13. Bunt. SLABý Marek to 2nd. 1 out.,Základní část
198014,5,1,Michal ANTOň,Viktor BERáNEK,0,0,-16,19,0,0,0,0,0,0,Foul.,Základní část
198014,5,1,Michal ANTOň,Viktor BERáNEK,0,1,35,55,0,0,0,0,0,0,Ball 1.,Základní část
198014,5,1,Michal ANTOň,Viktor BERáNEK,1,1,-18,21,0,0,0,0,0,0,Called Strike 2.,Základní část
198014,5,1,Michal ANTOň,Viktor BERáNEK,1,2,3,46,0,0,149,1,0,0,ANTOň Michal singles to first base. SLABý Marek to 3rd.,Základní část
198014,5,1,Jan MULAč,Viktor BERáNEK,0,0,-11,42,0,0,0,0,0,0,Called Strike 1. ANTOň Michal to 2nd on stolen base.,Základní část
198014,5,1,Jan MULAč,Viktor BERáNEK,0,1,-6,30,0,0,0,0,0,0,Foul.,Základní část
198014,5,1,Jan MULAč,Viktor BERáNEK,0,2,-1,22,0,0,0,0,0,0,Foul.,Základní část
198014,5,1,Jan MULAč,Viktor BERáNEK,0,2,31,23,0,0,0,0,0,0,Ball 1.,Základní část
198014,5,1,Jan MULAč,Viktor BERáNEK,1,2,-9,13,0,0,95,0,0,1,MULAč Jan grounds out 6-3. SLABý Marek scores. ANTOň Michal to 3rd. 2 out. 1 RBI.,Základní část
198014,5,2,Koya UEMURA,Viktor BERáNEK,0,0,-20,53,0,0,0,0,0,0,Called Strike 1.,Základní část
198014,5,2,Koya UEMURA,Viktor BERáNEK,0,1,31,18,0,0,0,0,0,0,Ball 1.,Základní část
198014,5,2,Koya UEMURA,Viktor BERáNEK,1,1,31,36,0,0,0,0,0,0,Ball 2.,Základní část
198014,5,2,Koya UEMURA,Viktor BERáNEK,2,1,-20,38,0,0,0,0,0,0,Swinging Strike 2.,Základní část
198014,5,2,Koya UEMURA,Viktor BERáNEK,2,2,38,10,0,0,0,0,0,0,Ball 3.,Základní část
198014,5,2,Koya UEMURA,Viktor BERáNEK,3,2,4,27,0,0,33,0,0,0,UEMURA Koya grounds out 1-3. 3 out.,Základní část
198014,5,0,Filip KUBíčEK,Viktor BERáNEK,0,0,0,0,0,0,0,0,0,0,"Middle of the 5th<br>1 runs, 1 lob",Základní část
198014,6,0,Neznámý,Neznámý,0,0,0,0,0,0,0,0,0,0,Pitching Change: #75 NAVRáTIL for #4 BERáNEK,Základní část
198014,6,0,Filip KUBíčEK,Ondřej NAVRáTIL,0,0,3,29,0,0,0,0,0,0,Called Strike 1.,Základní část
198014,6,0,Filip KUBíčEK,Ondřej NAVRáTIL,0,1,39,1,0,0,0,0,0,0,Ball 1.,Základní část
198014,6,0,Filip KUBíčEK,Ondřej NAVRáTIL,1,1,38,1,0,0,0,0,0,0,Ball 2.,Základní část
198014,6,0,Filip KUBíčEK,Ondřej NAVRáTIL,2,1,-7,50,0,0,181,0,0,0,KUBíčEK Filip flies out to left field.  F7. 1 out.,Základní část
198014,6,1,Petr ZýMA,Ondřej NAVRáTIL,0,0,2,42,0,0,0,0,0,0,Called Strike 1.,Základní část
198014,6,1,Petr ZýMA,Ondřej NAVRáTIL,0,1,2,49,0,0,171,0,0,0,ZýMA Petr flies out to center field.  F8. 2 out.,Základní část
198014,6,2,Viktor HLUCHý,Ondřej NAVRáTIL,0,0,-3,22,0,0,0,0,0,0,Called Strike 1.,Základní část
198014,6,2,Viktor HLUCHý,Ondřej NAVRáTIL,0,1,-6,18,0,0,0,0,0,0,Swinging Strike 2.,Základní část
198014,6,2,Viktor HLUCHý,Ondřej NAVRáTIL,0,2,36,40,0,0,0,0,0,0,Ball 1.,Základní část
198014,6,2,Viktor HLUCHý,Ondřej NAVRáTIL,1,2,-16,56,0,0,0,0,0,0,HLUCHý Viktor strikes out looking. 3 out.,Základní část
198014,6,0,Matouš BUBENíK,Ondřej NAVRáTIL,0,0,0,0,0,0,0,0,0,0,"Middle of the 6th<br>0 runs, 0 lob",Základní část
198014,7,0,Matouš BUBENíK,Ondřej NAVRáTIL,0,0,-3,56,0,0,184,0,0,0,BUBENíK Matouš flies out to center field.  F8. 1 out.,Základní část
198014,7,1,Marek SLABý,Ondřej NAVRáTIL,0,0,15,61,0,0,0,0,0,0,Called Strike 1.,Základní část
198014,7,1,Marek SLABý,Ondřej NAVRáTIL,0,1,6,33,0,0,0,0,0,0,Called Strike 2.,Základní část
198014,7,1,Marek SLABý,Ondřej NAVRáTIL,0,2,34,39,0,0,0,0,0,0,Ball 1.,Základní část
198014,7,1,Marek SLABý,Ondřej NAVRáTIL,1,2,38,22,0,0,0,0,0,0,Ball 2.,Základní část
198014,7,1,Marek SLABý,Ondřej NAVRáTIL,2,2,8,16,0,0,0,0,0,0,Foul.,Základní část
198014,7,1,Marek SLABý,Ondřej NAVRáTIL,2,2,36,4,0,0,0,0,0,0,Ball 3.,Základní část
198014,7,1,Marek SLABý,Ondřej NAVRáTIL,3,2,-3,55,0,0,0,0,0,0,SLABý Marek strikes out swinging. 2 out.,Základní část
198014,7,2,Matyáš SMOLA,Ondřej NAVRáTIL,0,0,-19,36,0,0,0,0,0,0,Called Strike 1.,Základní část
198014,7,2,Matyáš SMOLA,Ondřej NAVRáTIL,0,1,32,47,0,0,0,0,0,0,Ball 1.,Základní část
198014,7,2,Matyáš SMOLA,Ondřej NAVRáTIL,1,1,37,31,0,0,0,0,0,0,Ball 2.,Základní část
198014,7,2,Matyáš SMOLA,Ondřej NAVRáTIL,2,1,17,43,0,0,0,0,0,0,Foul.,Základní část
198014,7,2,Matyáš SMOLA,Ondřej NAVRáTIL,2,2,19,13,0,0,113,0,0,0,SMOLA Matyáš grounds out 4-3. 3 out.,Základní část
198014,7,0,Michal ANTOň,Ondřej NAVRáTIL,0,0,0,0,0,0,0,0,0,0,"Middle of the 7th<br>0 runs, 0 lob",Základní část
198014,8,0,Michal POKORNý,Neznámý,0,0,0,0,0,0,0,0,0,0,Pitching Change: #29 JOHNSON for #75 NAVRáTIL,Základní část
198014,8,0,Michal ANTOň,Ryan JOHNSON,0,0,39,5,0,0,0,0,0,0,Ball 1.,Základní část
198014,8,0,Michal ANTOň,Ryan JOHNSON,1,0,12,50,0,0,0,0,0,0,Called Strike 1.,Základní část
198014,8,0,Michal ANTOň,Ryan JOHNSON,1,1,9,54,0,0,0,0,0,0,Called Strike 2.,Základní část
198014,8,0,Michal ANTOň,Ryan JOHNSON,1,2,39,68,0,0,0,0,0,0,Ball 2.,Základní část
198014,8,0,Michal ANTOň,Ryan JOHNSON,2,2,18,56,0,0,0,0,0,0,ANTOň Michal strikes out looking. 1 out.,Základní část
198014,8,1,Jan MULAč,Ryan JOHNSON,0,0,6,30,0,0,0,0,0,0,Called Strike 1.,Základní část
198014,8,1,Jan MULAč,Ryan JOHNSON,0,1,39,68,0,0,0,0,0,0,Ball 1.,Základní část
198014,8,1,Jan MULAč,Ryan JOHNSON,1,1,11,28,0,0,0,0,0,0,Swinging Strike 2.,Základní část
198014,8,1,Jan MULAč,Ryan JOHNSON,1,2,37,10,0,0,0,0,0,0,Ball 2.,Základní část
198014,8,1,Jan MULAč,Ryan JOHNSON,2,2,36,3,0,0,0,0,0,0,Ball 3.,Základní část
198014,8,1,Jan MULAč,Ryan JOHNSON,3,2,18,40,0,0,0,0,0,0,Foul.,Základní část
198014,8,1,Jan MULAč,Ryan JOHNSON,3,2,34,46,0,0,0,0,1,0,MULAč Jan walks.,Základní část
198014,8,1,Koya UEMURA,Ryan JOHNSON,0,0,14,38,0,0,0,0,0,0,Called Strike 1.,Základní část
198014,8,1,Koya UEMURA,Ryan JOHNSON,0,1,2,23,0,0,0,0,0,0,Called Strike 2.,Základní část
198014,8,1,Koya UEMURA,Ryan JOHNSON,0,2,-10,44,0,0,0,0,0,0,Foul.,Základní část
198014,8,1,Koya UEMURA,Ryan JOHNSON,0,2,30,1,0,0,0,0,0,0,Ball 1.,Základní část
198014,8,1,Koya UEMURA,Ryan JOHNSON,1,2,36,9,0,0,0,0,0,0,Ball 2.,Základní část
198014,8,1,Koya UEMURA,Ryan JOHNSON,2,2,4,24,0,0,0,0,0,0,Foul.,Základní část
198014,8,1,Koya UEMURA,Ryan JOHNSON,2,2,16,26,0,0,0,0,0,0,UEMURA Koya strikes out looking. 2 out.,Základní část
198014,8,2,Filip KUBíčEK,Ryan JOHNSON,0,0,3,15,0,0,0,0,0,0,Called Strike 1.,Základní část
198014,8,2,Filip KUBíčEK,Ryan JOHNSON,0,1,15,46,0,0,208,1,0,0,KUBíčEK Filip doubles to right center. MULAč Jan to 3rd.,Základní část
198014,8,2,Petr ZýMA,Ryan JOHNSON,0,0,17,52,0,0,0,0,0,0,Called Strike 1.,Základní část
198014,8,2,Petr ZýMA,Ryan JOHNSON,0,1,39,44,0,0,0,0,0,0,Ball 1.,Základní část
198014,8,2,Petr ZýMA,Ryan JOHNSON,1,1,-8,56,0,0,0,0,0,0,Foul.,Základní část
198014,8,2,Petr ZýMA,Ryan JOHNSON,1,2,13,26,0,0,0,0,0,0,Foul.,Základní část
198014,8,2,Petr ZýMA,Ryan JOHNSON,1,2,30,48,0,0,0,0,0,0,Ball 2.,Základní část
198014,8,2,Petr ZýMA,Ryan JOHNSON,2,2,0,33,0,0,0,0,0,0,Foul.,Základní část
198014,8,2,Petr ZýMA,Ryan JOHNSON,2,2,-15,23,0,0,0,0,0,0,Foul.,Základní část
198014,8,2,Petr ZýMA,Ryan JOHNSON,2,2,18,45,0,0,113,0,0,0,ZýMA Petr flies out.  L4. 3 out.,Základní část
198014,8,0,Viktor HLUCHý,Ryan JOHNSON,0,0,0,0,0,0,0,0,0,0,"Middle of the 8th<br>0 runs, 2 lob",Základní část
198014,9,0,Tomáš BOHáč,Neznámý,0,0,0,0,0,0,0,0,0,0,Pinch Hitter: #0 FREEMAN for #0 HLUCHý,Základní část
198014,9,0,Caleb FREEMAN,Ryan JOHNSON,0,0,35,11,0,0,0,0,0,0,Ball 1.,Základní část
198014,9,0,Caleb FREEMAN,Ryan JOHNSON,1,0,15,34,0,0,0,0,0,0,Foul.,Základní část
198014,9,0,Caleb FREEMAN,Ryan JOHNSON,1,1,37,6,0,0,0,0,0,0,Ball 2.,Základní část
198014,9,0,Caleb FREEMAN,Ryan JOHNSON,2,1,37,45,0,0,0,0,0,0,Ball 3.,Základní část
198014,9,0,Caleb FREEMAN,Ryan JOHNSON,3,1,37,68,0,0,0,0,1,0,FREEMAN Caleb walks.,Základní část
198014,9,0,Matouš BUBENíK,Ryan JOHNSON,0,0,-14,24,0,0,0,0,0,0,Called Strike 1.,Základní část
198014,9,0,Matouš BUBENíK,Ryan JOHNSON,0,1,12,10,0,0,179,1,0,0,BUBENíK Matouš singles through the right side. FREEMAN Caleb to 2nd.,Základní část
198014,9,0,Marek SLABý,Ryan JOHNSON,0,0,37,59,0,0,0,0,0,0,Ball 1.,Základní část
198014,9,0,Marek SLABý,Ryan JOHNSON,1,0,-11,61,0,0,156,0,0,0,SLABý Marek flies out to left center.  F8. 1 out.,Základní část
198014,9,1,Matyáš SMOLA,Ryan JOHNSON,0,0,-2,61,0,0,0,0,0,0,Swinging Strike 1.,Základní část
198014,9,1,Matyáš SMOLA,Ryan JOHNSON,0,1,1,28,0,0,0,0,0,0,Called Strike 2.,Základní část
198014,9,1,Matyáš SMOLA,Ryan JOHNSON,0,2,0,0,0,0,0,0,0,0,Pickoff Attempt at 2nd,Základní část
198014,9,1,Matyáš SMOLA,Ryan JOHNSON,0,2,-3,24,0,0,0,0,0,0,Foul.,Základní část
198014,9,1,Matyáš SMOLA,Ryan JOHNSON,0,2,15,13,0,0,0,0,0,0,Foul.,Základní část
198014,9,1,Matyáš SMOLA,Ryan JOHNSON,0,2,-17,17,0,0,0,0,0,0,SMOLA Matyáš strikes out swinging. 2 out.,Základní část
198014,9,2,Michal ANTOň,Ryan JOHNSON,0,0,16,17,0,0,0,0,0,0,Swinging Strike 1.,Základní část
198014,9,2,Michal ANTOň,Ryan JOHNSON,0,1,13,14,0,0,0,0,0,0,Swinging Strike 2.,Základní část
198014,9,2,Michal ANTOň,Ryan JOHNSON,0,2,33,46,0,0,0,0,0,0,Ball 1.,Základní část
198014,9,2,Michal ANTOň,Ryan JOHNSON,1,2,39,23,0,0,0,0,0,0,Ball 2.,Základní část
198014,9,2,Michal ANTOň,Ryan JOHNSON,2,2,38,51,0,0,0,0,0,0,Ball 3.,Základní část
198014,9,2,Michal ANTOň,Ryan JOHNSON,3,2,-8,45,0,0,179,1,0,1,ANTOň Michal singles to left center. FREEMAN Caleb scores. BUBENíK Matouš to 2nd. 1 RBI.,Základní část
198014,9,2,Jan MULAč,Ryan JOHNSON,0,0,10,50,0,0,189,0,0,0,MULAč Jan flies out to right field.  F9. 3 out.,Základní část
198014,9,0,Koya UEMURA,Ryan JOHNSON,0,0,0,0,0,0,0,0,0,0,GAME OVER<br>HRO wins 9-3<br>Win: BERáNEK<br>Loss: DUFFEK,Základní část
198018,1,0,Michal ANTOň,Jesus CASTILLO,0,0,0,0,0,0,0,0,0,0,Play Ball,Základní část
198018,1,0,Michal ANTOň,Jesus CASTILLO,0,0,11,61,0,0,0,0,0,0,Called Strike 1.,Základní část
198018,1,0,Michal ANTOň,Jesus CASTILLO,0,1,33,65,0,0,0,0,0,0,Ball 1.,Základní část
198018,1,0,Michal ANTOň,Jesus CASTILLO,1,1,-16,23,0,0,0,0,0,0,Called Strike 2.,Základní část
198018,1,0,Michal ANTOň,Jesus CASTILLO,1,2,6,49,0,0,0,0,0,0,Foul.,Základní část
198018,1,0,Michal ANTOň,Jesus CASTILLO,1,2,15,28,0,0,0,0,0,0,ANTOň Michal strikes out looking. 1 out.,Základní část
198018,1,1,Jan MULAč,Jesus CASTILLO,0,0,35,26,0,0,0,0,0,0,Ball 1.,Základní část
198018,1,1,Jan MULAč,Jesus CASTILLO,1,0,38,43,0,0,0,0,0,0,Ball 2.,Základní část
198018,1,1,Jan MULAč,Jesus CASTILLO,2,0,-3,42,0,0,0,0,0,0,Called Strike 1.,Základní část
198018,1,1,Jan MULAč,Jesus CASTILLO,2,1,11,16,0,0,57,0,0,0,MULAč Jan grounds out 1-3. 2 out.,Základní část
198018,1,2,Koya UEMURA,Jesus CASTILLO,0,0,0,32,0,0,0,0,0,0,Called Strike 1.,Základní část
198018,1,2,Koya UEMURA,Jesus CASTILLO,0,1,1,20,0,0,57,0,0,0,UEMURA Koya grounds out 1-3. 3 out.,Základní část
198018,1,0,Filip KUBíčEK,Jesus CASTILLO,0,0,0,0,0,0,0,0,0,0,"Middle of the 1st<br>0 runs, 0 lob",Základní část
198018,2,0,Filip KUBíčEK,Jesus CASTILLO,0,0,-9,18,0,0,0,0,0,0,Called Strike 1.,Základní část
198018,2,0,Filip KUBíčEK,Jesus CASTILLO,0,1,4,25,0,0,0,0,0,0,Called Strike 2.,Základní část
198018,2,0,Filip KUBíčEK,Jesus CASTILLO,0,2,-20,30,0,0,0,0,0,0,KUBíčEK Filip strikes out swinging KS23. 1 out.,Základní část
198018,2,1,Petr ZýMA,Jesus CASTILLO,0,0,4,34,0,0,0,0,0,0,Called Strike 1.,Základní část
198018,2,1,Petr ZýMA,Jesus CASTILLO,0,1,-11,37,0,0,0,0,0,0,Called Strike 2.,Základní část
198018,2,1,Petr ZýMA,Jesus CASTILLO,0,2,30,25,0,0,0,0,0,0,Ball 1.,Základní část
198018,2,1,Petr ZýMA,Jesus CASTILLO,1,2,3,46,0,0,151,1,0,0,ZýMA Petr singles to center field.,Základní část
198018,2,1,Viktor HLUCHý,Jesus CASTILLO,0,0,-13,54,0,0,0,0,0,0,Called Strike 1.,Základní část
198018,2,1,Viktor HLUCHý,Jesus CASTILLO,0,1,35,61,0,0,0,0,0,0,Ball 1.,Základní část
198018,2,1,Viktor HLUCHý,Jesus CASTILLO,1,1,-20,46,0,0,0,0,0,0,Swinging Strike 2.,Základní část
198018,2,1,Viktor HLUCHý,Jesus CASTILLO,1,2,-9,14,0,0,0,0,0,0,Foul.,Základní část
198018,2,1,Viktor HLUCHý,Jesus CASTILLO,1,2,39,69,0,0,0,0,0,0,Ball 2.,Základní část
198018,2,1,Viktor HLUCHý,Jesus CASTILLO,2,2,38,60,0,0,0,0,0,0,Ball 3.,Základní část
198018,2,1,Viktor HLUCHý,Jesus CASTILLO,3,2,1,40,0,0,0,0,0,0,HLUCHý Viktor strikes out looking. 2 out.,Základní část
198018,2,2,Matouš BUBENíK,Jesus CASTILLO,0,0,33,6,0,0,0,0,0,0,Ball 1.,Základní část
198018,2,2,Matouš BUBENíK,Jesus CASTILLO,1,0,18,36,0,0,0,0,0,0,Called Strike 1.,Základní část
198018,2,2,Matouš BUBENíK,Jesus CASTILLO,1,1,-8,23,0,0,113,0,0,0,BUBENíK Matouš grounds out 6-3. 3 out.,Základní část
198018,2,0,Marek SLABý,Jesus CASTILLO,0,0,0,0,0,0,0,0,0,0,"Middle of the 2nd<br>0 runs, 1 lob",Základní část
198018,3,0,Marek SLABý,Jesus CASTILLO,0,0,-9,38,0,0,0,0,0,0,Called Strike 1.,Základní část
198018,3,0,Marek SLABý,Jesus CASTILLO,0,1,37,13,0,0,0,0,0,0,Ball 1.,Základní část
198018,3,0,Marek SLABý,Jesus CASTILLO,1,1,-5,53,0,0,0,0,0,0,Foul.,Základní část
198018,3,0,Marek SLABý,Jesus CASTILLO,1,2,-17,47,0,0,0,0,0,0,SLABý Marek strikes out looking. 1 out.,Základní část
198018,3,1,Aleš PRANDžEV,Jesus CASTILLO,0,0,2,60,0,0,0,0,0,0,Called Strike 1.,Základní část
198018,3,1,Aleš PRANDžEV,Jesus CASTILLO,0,1,16,22,0,0,0,0,0,0,Called Strike 2.,Základní část
198018,3,1,Aleš PRANDžEV,Jesus CASTILLO,0,2,34,33,0,0,0,0,0,0,Ball 1.,Základní část
198018,3,1,Aleš PRANDžEV,Jesus CASTILLO,1,2,5,29,0,0,0,0,0,0,Foul.,Základní část
198018,3,1,Aleš PRANDžEV,Jesus CASTILLO,1,2,-4,27,0,0,0,0,0,0,Foul.,Základní část
198018,3,1,Aleš PRANDžEV,Jesus CASTILLO,1,2,32,23,0,0,0,0,0,0,Ball 2.,Základní část
198018,3,1,Aleš PRANDžEV,Jesus CASTILLO,2,2,31,32,0,0,0,0,0,0,Ball 3.,Základní část
198018,3,1,Aleš PRANDžEV,Jesus CASTILLO,3,2,-10,14,0,0,71,0,0,0,PRANDžEV Aleš grounds out 5-3. 2 out.,Základní část
198018,3,2,Michal ANTOň,Jesus CASTILLO,0,0,39,7,0,0,0,0,0,0,Ball 1.,Základní část
198018,3,2,Michal ANTOň,Jesus CASTILLO,1,0,38,4,0,0,0,0,0,0,Ball 2.,Základní část
198018,3,2,Michal ANTOň,Jesus CASTILLO,2,0,-18,17,0,0,0,0,0,0,Called Strike 1.,Základní část
198018,3,2,Michal ANTOň,Jesus CASTILLO,2,1,-1,26,0,0,0,0,0,0,Swinging Strike 2.,Základní část
198018,3,2,Michal ANTOň,Jesus CASTILLO,2,2,34,20,0,0,0,0,0,0,Ball 3.,Základní část
198018,3,2,Michal ANTOň,Jesus CASTILLO,3,2,-12,55,0,0,0,0,0,0,ANTOň Michal strikes out looking. 3 out.,Základní část
198018,3,0,Jan MULAč,Jesus CASTILLO,0,0,0,0,0,0,0,0,0,0,"Middle of the 3rd<br>0 runs, 0 lob",Základní část
198018,4,0,Jan MULAč,Jesus CASTILLO,0,0,-18,60,0,0,145,1,0,0,MULAč Jan doubles to third base.,Základní část
198018,4,0,Koya UEMURA,Jesus CASTILLO,0,0,0,0,0,0,0,0,0,0,Pickoff Attempt at 2nd,Základní část
198018,4,0,Koya UEMURA,Jesus CASTILLO,0,0,-17,44,0,0,0,0,0,0,Called Strike 1.,Základní část
198018,4,0,Koya UEMURA,Jesus CASTILLO,0,1,-16,46,0,0,0,0,0,0,Foul.,Základní část
198018,4,0,Koya UEMURA,Jesus CASTILLO,0,2,33,2,0,0,0,0,0,0,Ball 1. MULAč Jan to 3rd on wild pitch.,Základní část
198018,4,0,Koya UEMURA,Jesus CASTILLO,1,2,37,58,0,0,0,0,0,0,Ball 2.,Základní část
198018,4,0,Koya UEMURA,Jesus CASTILLO,2,2,-3,45,0,0,162,1,0,1,UEMURA Koya singles to left field. MULAč Jan scores. 1 RBI.,Základní část
198018,4,0,Filip KUBíčEK,Jesus CASTILLO,0,0,30,38,0,0,0,0,0,0,Ball 1.,Základní část
198018,4,0,Filip KUBíčEK,Jesus CASTILLO,1,0,-14,56,0,0,238,0,0,0,KUBíčEK Filip flies out to left center.  F7. 1 out.,Základní část
198018,4,1,Petr ZýMA,Jesus CASTILLO,0,0,38,66,0,0,0,0,0,0,Ball 1.,Základní část
198018,4,1,Petr ZýMA,Jesus CASTILLO,1,0,15,64,0,0,198,1,0,0,ZýMA Petr singles to right center. UEMURA Koya to 3rd.,Základní část
198018,4,1,Viktor HLUCHý,Jesus CASTILLO,0,0,33,2,0,0,0,0,0,0,Ball 1.,Základní část
198018,4,1,Viktor HLUCHý,Jesus CASTILLO,1,0,31,58,0,0,0,0,0,0,Ball 2.,Základní část
198018,4,1,Viktor HLUCHý,Jesus CASTILLO,2,0,36,55,0,0,0,0,0,0,Ball 3.,Základní část
198018,4,1,Viktor HLUCHý,Jesus CASTILLO,3,0,37,67,0,0,0,0,1,0,HLUCHý Viktor walks. ZýMA Petr to 2nd.,Základní část
198018,4,1,Matouš BUBENíK,Jesus CASTILLO,0,0,-20,49,0,0,289,1,0,4,BUBENíK Matouš homers to deep left field. UEMURA Koya scores. ZýMA Petr scores. HLUCHý Viktor scores. 4 RBI.,Základní část
198018,4,1,Marek SLABý,Jesus CASTILLO,0,0,30,36,0,0,0,0,0,0,Ball 1.,Základní část
198018,4,1,Marek SLABý,Jesus CASTILLO,1,0,35,3,0,0,0,0,0,0,Ball 2.,Základní část
198018,4,1,Marek SLABý,Jesus CASTILLO,2,0,31,57,0,0,0,0,0,0,Ball 3.,Základní část
198018,4,1,Marek SLABý,Jesus CASTILLO,3,0,35,53,0,0,0,0,1,0,SLABý Marek walks.,Základní část
198018,4,1,Aleš PRANDžEV,Jesus CASTILLO,0,0,-6,42,0,0,0,0,0,0,Called Strike 1.,Základní část
198018,4,1,Aleš PRANDžEV,Jesus CASTILLO,0,1,9,14,0,0,0,0,0,0,Called Strike 2.,Základní část
198018,4,1,Aleš PRANDžEV,Jesus CASTILLO,0,2,0,0,0,0,0,0,0,0,Catcher Pickoff Attempt at 1st,Základní část
198018,4,1,Aleš PRANDžEV,Jesus CASTILLO,0,2,-10,24,0,0,86,0,0,0,PRANDžEV Aleš grounds out 5-3. SLABý Marek to 2nd. 2 out.,Základní část
198018,4,2,Michal ANTOň,Jesus CASTILLO,0,0,-18,13,0,0,0,0,0,0,Swinging Strike 1.,Základní část
198018,4,2,Michal ANTOň,Jesus CASTILLO,0,1,15,37,0,0,0,0,0,0,Called Strike 2.,Základní část
198018,4,2,Michal ANTOň,Jesus CASTILLO,0,2,8,23,0,0,0,0,0,0,ANTOň Michal strikes out swinging. 3 out.,Základní část
198018,4,0,Jan MULAč,Jesus CASTILLO,0,0,0,0,0,0,0,0,0,0,"Middle of the 4th<br>5 runs, 1 lob",Základní část
198018,5,0,Jan MULAč,Jesus CASTILLO,0,0,7,12,0,0,179,1,0,0,MULAč Jan singles up the middle.,Základní část
198018,5,0,Koya UEMURA,Jesus CASTILLO,0,0,-4,20,0,0,0,0,0,0,Called Strike 1.,Základní část
198018,5,0,Koya UEMURA,Jesus CASTILLO,0,1,36,22,0,0,0,0,0,0,Ball 1.,Základní část
198018,5,0,Koya UEMURA,Jesus CASTILLO,1,1,37,36,0,0,0,0,0,0,Ball 2.,Základní část
198018,5,0,Koya UEMURA,Jesus CASTILLO,2,1,16,37,0,0,0,0,0,0,Called Strike 2.,Základní část
198018,5,0,Koya UEMURA,Jesus CASTILLO,2,2,37,20,0,0,0,0,0,0,Ball 3.,Základní část
198018,5,0,Koya UEMURA,Jesus CASTILLO,3,2,36,14,0,0,0,0,1,0,UEMURA Koya walks. MULAč Jan to 2nd.,Základní část
198018,5,0,Filip KUBíčEK,Jesus CASTILLO,0,0,35,2,0,0,0,0,0,0,Ball 1.,Základní část
198018,5,0,Filip KUBíčEK,Jesus CASTILLO,1,0,-17,59,0,0,28,0,0,0,KUBíčEK Filip out on sacrifice hit 13. Bunt. MULAč Jan to 3rd. UEMURA Koya to 2nd. 1 out.,Základní část
198018,5,1,Petr ZýMA,Jesus CASTILLO,0,0,7,60,0,0,0,0,0,0,Foul.,Základní část
198018,5,1,Petr ZýMA,Jesus CASTILLO,0,1,16,53,0,0,79,0,0,0,ZýMA Petr flies out.  L4. 2 out.,Základní část
198018,5,2,Viktor HLUCHý,Jesus CASTILLO,0,0,8,31,0,0,0,0,0,0,Called Strike 1.,Základní část
198018,5,2,Viktor HLUCHý,Jesus CASTILLO,0,1,15,39,0,0,0,0,0,0,Swinging Strike 2.,Základní část
198018,5,2,Viktor HLUCHý,Jesus CASTILLO,0,2,30,56,0,0,0,0,0,0,Ball 1.,Základní část
198018,5,2,Viktor HLUCHý,Jesus CASTILLO,1,2,34,48,0,0,0,0,0,0,Ball 2.,Základní část
198018,5,2,Viktor HLUCHý,Jesus CASTILLO,2,2,-9,57,0,0,0,0,0,0,Foul.,Základní část
198018,5,2,Viktor HLUCHý,Jesus CASTILLO,2,2,31,30,0,0,0,0,0,0,Ball 3.,Základní část
198018,5,2,Viktor HLUCHý,Jesus CASTILLO,3,2,3,22,0,0,0,0,0,0,HLUCHý Viktor strikes out swinging. 3 out.,Základní část
198018,5,0,Matouš BUBENíK,Jesus CASTILLO,0,0,0,0,0,0,0,0,0,0,"Middle of the 5th<br>0 runs, 2 lob",Základní část
198018,6,0,Neznámý,Neznámý,0,0,0,0,0,0,0,0,0,0,Pitching Change: #40 LAKOTA for #47 CASTILLO,Základní část
198018,6,0,Matouš BUBENíK,David LAKOTA,0,0,34,10,0,0,0,0,0,0,Ball 1.,Základní část
198018,6,0,Matouš BUBENíK,David LAKOTA,1,0,-12,54,0,0,288,1,0,1,BUBENíK Matouš homers down left field line. 1 RBI.,Základní část
198018,6,0,Marek SLABý,David LAKOTA,0,0,36,13,0,0,0,0,0,0,Ball 1.,Základní část
198018,6,0,Marek SLABý,David LAKOTA,1,0,-13,41,0,0,0,0,0,0,Called Strike 1.,Základní část
198018,6,0,Marek SLABý,David LAKOTA,1,1,31,32,0,0,0,0,0,0,Ball 2.,Základní část
198018,6,0,Marek SLABý,David LAKOTA,2,1,1,57,0,0,183,0,0,0,SLABý Marek flies out to right center.  F9. 1 out.,Základní část
198018,6,1,Aleš PRANDžEV,David LAKOTA,0,0,-17,25,0,0,0,0,0,0,Foul.,Základní část
198018,6,1,Aleš PRANDžEV,David LAKOTA,0,1,6,52,0,0,0,0,0,0,Called Strike 2.,Základní část
198018,6,1,Aleš PRANDžEV,David LAKOTA,0,2,38,65,0,0,0,0,0,0,Ball 1.,Základní část
198018,6,1,Aleš PRANDžEV,David LAKOTA,1,2,-17,61,0,0,0,0,0,0,PRANDžEV Aleš strikes out swinging KS23. 2 out.,Základní část
198018,6,2,Michal ANTOň,David LAKOTA,0,0,38,15,0,0,0,0,0,0,Ball 1.,Základní část
198018,6,2,Michal ANTOň,David LAKOTA,1,0,35,13,0,0,0,0,0,0,Ball 2.,Základní část
198018,6,2,Michal ANTOň,David LAKOTA,2,0,18,39,0,0,0,0,0,0,Called Strike 1.,Základní část
198018,6,2,Michal ANTOň,David LAKOTA,2,1,-3,34,0,0,0,0,0,0,Foul.,Základní část
198018,6,2,Michal ANTOň,David LAKOTA,2,2,-13,26,0,0,113,0,0,0,ANTOň Michal grounds out 6-3. 3 out.,Základní část
198018,6,0,Jan MULAč,David LAKOTA,0,0,0,0,0,0,0,0,0,0,"Middle of the 6th<br>1 runs, 0 lob",Základní část
198018,7,0,Jan MULAč,David LAKOTA,0,0,-18,22,0,0,90,1,0,0,MULAč Jan singles to third base. MULAč Jan to 2nd on E5T.,Základní část
198018,7,0,Koya UEMURA,David LAKOTA,0,0,-3,49,0,0,0,0,0,0,Called Strike 1.,Základní část
198018,7,0,Koya UEMURA,David LAKOTA,0,1,30,13,0,0,0,0,0,0,Ball 1. MULAč Jan to 3rd on wild pitch.,Základní část
198018,7,0,Koya UEMURA,David LAKOTA,1,1,6,43,0,0,0,0,0,0,Foul.,Základní část
198018,7,0,Koya UEMURA,David LAKOTA,1,2,-12,54,0,0,190,0,0,1,UEMURA Koya flies out to left field.  Sacrifice Fly.  SF7. MULAč Jan scores. 1 out. 1 RBI.,Základní část
198018,7,1,Filip KUBíčEK,David LAKOTA,0,0,34,52,0,0,0,0,0,0,Ball 1.,Základní část
198018,7,1,Filip KUBíčEK,David LAKOTA,1,0,31,46,0,0,0,0,0,0,Ball 2.,Základní část
198018,7,1,Filip KUBíčEK,David LAKOTA,2,0,33,24,0,0,0,0,0,0,Ball 3.,Základní část
198018,7,1,Filip KUBíčEK,David LAKOTA,3,0,-3,22,0,0,0,0,0,0,Called Strike 1.,Základní část
198018,7,1,Filip KUBíčEK,David LAKOTA,3,1,35,46,0,0,0,0,1,0,KUBíčEK Filip walks.,Základní část
198018,7,1,Petr ZýMA,David LAKOTA,0,0,-3,41,0,0,0,0,0,0,Called Strike 1.,Základní část
198018,7,1,Petr ZýMA,David LAKOTA,0,1,35,9,0,0,0,0,0,0,Ball 1.,Základní část
198018,7,1,Petr ZýMA,David LAKOTA,1,1,-20,17,0,0,0,0,0,0,Called Strike 2.,Základní část
198018,7,1,Petr ZýMA,David LAKOTA,1,2,-9,50,0,0,0,0,0,0,Foul.,Základní část
198018,7,1,Petr ZýMA,David LAKOTA,1,2,36,2,0,0,0,0,0,0,Ball 2.,Základní část
198018,7,1,Petr ZýMA,David LAKOTA,2,2,-19,42,0,0,0,0,0,0,Foul.,Základní část
198018,7,1,Petr ZýMA,David LAKOTA,2,2,34,30,0,0,0,0,0,0,Ball 3.,Základní část
198018,7,1,Petr ZýMA,David LAKOTA,3,2,-18,50,0,0,150,1,0,0,ZýMA Petr singles to shortstop. KUBíčEK Filip to 2nd.,Základní část
198018,7,1,Viktor HLUCHý,David LAKOTA,0,0,31,64,0,0,0,0,0,0,Ball 1.,Základní část
198018,7,1,Viktor HLUCHý,David LAKOTA,1,0,37,30,0,0,0,0,0,0,Ball 2.,Základní část
198018,7,1,Viktor HLUCHý,David LAKOTA,2,0,33,7,0,0,0,0,0,0,Ball 3.,Základní část
198018,7,1,Viktor HLUCHý,David LAKOTA,3,0,37,58,0,0,0,0,1,0,HLUCHý Viktor walks. KUBíčEK Filip to 3rd. ZýMA Petr to 2nd.,Základní část
198018,7,1,Matouš BUBENíK,David LAKOTA,0,0,6,36,0,0,0,0,0,0,Called Strike 1.,Základní část
198018,7,1,Matouš BUBENíK,David LAKOTA,0,1,34,63,0,0,0,0,0,0,Ball 1.,Základní část
198018,7,1,Matouš BUBENíK,David LAKOTA,1,1,31,67,0,0,0,0,0,0,Ball 2. KUBíčEK Filip scores on wild pitch. ZýMA Petr to 3rd on wild pitch. HLUCHý Viktor to 2nd on wild pitch.,Základní část
198018,7,1,Matouš BUBENíK,David LAKOTA,2,1,32,50,0,0,0,0,0,0,Ball 3.,Základní část
198018,7,1,Matouš BUBENíK,David LAKOTA,3,1,-6,25,0,0,0,0,0,0,Foul.,Základní část
198018,7,1,Matouš BUBENíK,David LAKOTA,3,2,-2,64,0,0,-19,0,0,0,BUBENíK Matouš flies out.  P2. 2 out.,Základní část
198018,7,2,Marek SLABý,David LAKOTA,0,0,35,8,0,0,0,0,0,0,Ball 1.,Základní část
198018,7,2,Marek SLABý,David LAKOTA,1,0,17,47,0,0,0,0,0,0,Called Strike 1.,Základní část
198018,7,2,Marek SLABý,David LAKOTA,1,1,17,19,0,0,0,0,0,0,Foul.,Základní část
198018,7,2,Marek SLABý,David LAKOTA,1,2,31,30,0,0,0,0,0,0,Ball 2.,Základní část
198018,7,2,Marek SLABý,David LAKOTA,2,2,35,66,0,0,0,0,0,0,Ball 3.,Základní část
198018,7,2,Marek SLABý,David LAKOTA,3,2,30,28,0,0,0,0,1,0,SLABý Marek walks.,Základní část
198018,7,2,Aleš PRANDžEV,David LAKOTA,0,0,-2,48,0,0,0,0,0,0,Foul.,Základní část
198018,7,2,Aleš PRANDžEV,David LAKOTA,0,1,39,11,0,0,0,0,0,0,Ball 1.,Základní část
198018,7,2,Aleš PRANDžEV,David LAKOTA,1,1,36,30,0,0,0,0,0,0,Ball 2.,Základní část
198018,7,2,Aleš PRANDžEV,David LAKOTA,2,1,30,16,0,0,0,0,0,0,Ball 3.,Základní část
198018,7,2,Aleš PRANDžEV,David LAKOTA,3,1,33,28,0,0,0,0,1,1,PRANDžEV Aleš walks. ZýMA Petr scores. HLUCHý Viktor to 3rd. SLABý Marek to 2nd. 1 RBI.,Základní část
198018,7,0,Neznámý,Neznámý,0,0,0,0,0,0,0,0,0,0,Pitching Change: #9 POSPíšIL for #40 LAKOTA,Základní část
198018,7,0,Neznámý,Neznámý,0,0,0,0,0,0,0,0,0,0,Defensive Change: #12 ALVAREZ to 1B,Základní část
198018,7,0,Neznámý,Neznámý,0,0,0,0,0,0,0,0,0,0,Defensive Change: #36 SKOPAL to C,Základní část
198018,7,2,Michal ANTOň,Jan POSPíšIL,0,0,-6,31,0,0,0,0,0,0,Called Strike 1.,Základní část
198018,7,2,Michal ANTOň,Jan POSPíšIL,0,1,15,54,0,0,0,0,0,0,Called Strike 2.,Základní část
198018,7,2,Michal ANTOň,Jan POSPíšIL,0,2,-4,52,0,0,209,1,0,2,ANTOň Michal singles to right center. HLUCHý Viktor scores. SLABý Marek scores. PRANDžEV Aleš to 3rd. 2 RBI.,Základní část
198018,7,2,Jan MULAč,Jan POSPíšIL,0,0,-15,56,0,0,166,1,0,1,MULAč Jan singles to right center. PRANDžEV Aleš scores. ANTOň Michal to 3rd. 1 RBI.,Základní část
198018,7,2,Koya UEMURA,Jan POSPíšIL,0,0,31,52,0,0,0,0,0,0,Ball 1.,Základní část
198018,7,2,Koya UEMURA,Jan POSPíšIL,1,0,31,61,0,0,0,0,0,0,Ball 2.,Základní část
198018,7,2,Koya UEMURA,Jan POSPíšIL,2,0,-5,49,0,0,0,0,0,0,Called Strike 1.,Základní část
198018,7,2,Koya UEMURA,Jan POSPíšIL,2,1,-4,42,0,0,0,0,0,0,Foul.,Základní část
198018,7,2,Koya UEMURA,Jan POSPíšIL,2,2,-1,46,0,0,108,0,0,0,UEMURA Koya flies out.  L5. 3 out.,Základní část
198018,7,0,Filip KUBíčEK,Jan POSPíšIL,0,0,0,0,0,0,0,0,0,0,"Middle of the 7th<br>6 runs, 2 lob",Základní část
207004,1,0,Michal ANTOň,David KřEčEK,0,0,3,30,0,0,0,0,0,0,Called Strike 1.,Playoff
207004,1,0,Michal ANTOň,David KřEčEK,0,1,31,52,0,0,0,0,0,0,Ball 1.,Playoff
207004,1,0,Michal ANTOň,David KřEčEK,1,1,33,41,0,0,0,0,0,0,Ball 2.,Playoff
207004,1,0,Michal ANTOň,David KřEčEK,2,1,-17,28,0,0,0,0,0,0,Foul.,Playoff
207004,1,0,Michal ANTOň,David KřEčEK,2,2,-1,33,0,0,0,0,0,0,ANTOň Michal strikes out swinging. 1 out.,Playoff
207004,1,1,Koya UEMURA,David KřEčEK,0,0,30,48,0,0,0,0,0,0,Ball 1.,Playoff
207004,1,1,Koya UEMURA,David KřEčEK,1,0,4,61,0,0,0,0,0,0,Called Strike 1.,Playoff
207004,1,1,Koya UEMURA,David KřEčEK,1,1,11,59,0,0,0,0,0,0,Foul.,Playoff
207004,1,1,Koya UEMURA,David KřEčEK,1,2,7,60,0,0,231,0,0,0,UEMURA Koya flies out to right field.  F9. 2 out.,Playoff
207004,1,2,Petr ZýMA,David KřEčEK,0,0,-17,26,0,0,0,0,0,0,Called Strike 1.,Playoff
207004,1,2,Petr ZýMA,David KřEčEK,0,1,39,5,0,0,0,0,0,0,Ball 1.,Playoff
207004,1,2,Petr ZýMA,David KřEčEK,1,1,-15,57,0,0,196,1,0,0,ZýMA Petr singles to left field.,Playoff
207004,1,2,Filip KUBíčEK,David KřEčEK,0,0,34,31,0,0,0,0,0,0,Ball 1.,Playoff
207004,1,2,Filip KUBíčEK,David KřEčEK,1,0,-12,46,0,0,85,0,0,0,KUBíčEK Filip pops out.  P6. 3 out.,Playoff
207004,1,0,Aleš PRANDžEV,David KřEčEK,0,0,0,0,0,0,0,0,0,0,"End of the 1st<br>0 runs, 1 lob",Playoff
207004,2,0,Aleš PRANDžEV,David KřEčEK,0,0,-12,54,0,0,0,0,0,0,Swinging Strike 1.,Playoff
207004,2,0,Aleš PRANDžEV,David KřEčEK,0,1,33,8,0,0,0,0,0,0,Ball 1.,Playoff
207004,2,0,Aleš PRANDžEV,David KřEčEK,1,1,-20,49,0,0,0,0,0,0,Swinging Strike 2.,Playoff
207004,2,0,Aleš PRANDžEV,David KřEčEK,1,2,-9,44,0,0,0,0,0,0,PRANDžEV Aleš strikes out swinging. 1 out.,Playoff
207004,2,1,Marek SLABý,David KřEčEK,0,0,36,28,0,0,0,0,0,0,Ball 1.,Playoff
207004,2,1,Marek SLABý,David KřEčEK,1,0,36,17,0,0,0,0,0,0,Ball 2.,Playoff
207004,2,1,Marek SLABý,David KřEčEK,2,0,-19,36,0,0,0,0,0,0,Foul.,Playoff
207004,2,1,Marek SLABý,David KřEčEK,2,1,-13,54,0,0,0,0,0,0,Foul.,Playoff
207004,2,1,Marek SLABý,David KřEčEK,2,2,4,45,0,0,188,0,0,0,SLABý Marek flies out to center field.  F8. 2 out.,Playoff
207004,2,2,Matyáš SMOLA,David KřEčEK,0,0,39,25,0,0,0,0,0,0,Ball 1.,Playoff
207004,2,2,Matyáš SMOLA,David KřEčEK,1,0,33,21,0,0,0,0,0,0,Ball 2.,Playoff
207004,2,2,Matyáš SMOLA,David KřEčEK,2,0,-18,26,0,0,0,0,0,0,Called Strike 1.,Playoff
207004,2,2,Matyáš SMOLA,David KřEčEK,2,1,-18,51,0,0,226,0,0,0,SMOLA Matyáš flies out to center field.  F8. 3 out.,Playoff
207004,2,0,Lukáš DERGANZ,David KřEčEK,0,0,0,0,0,0,0,0,0,0,"End of the 2nd<br>0 runs, 0 lob",Playoff
207004,3,0,Lukáš DERGANZ,David KřEčEK,0,0,9,49,0,0,0,0,0,0,Swinging Strike 1.,Playoff
207004,3,0,Lukáš DERGANZ,David KřEčEK,0,1,-18,16,0,0,0,0,0,0,Called Strike 2.,Playoff
207004,3,0,Lukáš DERGANZ,David KřEčEK,0,2,11,23,0,0,0,0,0,0,DERGANZ Lukáš strikes out looking. 1 out.,Playoff
207004,3,1,Jan HOJDA,David KřEčEK,0,0,-16,17,0,0,113,0,0,0,HOJDA Jan reaches on fielding error. E6.,Playoff
207004,3,1,Michal ANTOň,David KřEčEK,0,0,32,14,0,0,0,0,0,0,Ball 1.,Playoff
207004,3,1,Michal ANTOň,David KřEčEK,1,0,-3,24,0,0,0,0,0,0,Called Strike 1.,Playoff
207004,3,1,Michal ANTOň,David KřEčEK,1,1,15,29,0,0,0,0,0,0,Foul.,Playoff
207004,3,1,Michal ANTOň,David KřEčEK,1,2,-13,54,0,0,261,1,0,0,ANTOň Michal doubles to deep left field. HOJDA Jan to 3rd.,Playoff
207004,3,1,Koya UEMURA,David KřEčEK,0,0,32,32,0,0,0,0,0,0,Ball 1.,Playoff
207004,3,1,Koya UEMURA,David KřEčEK,1,0,16,45,0,0,91,0,0,0,UEMURA Koya flies out foul.  FF4. 2 out.,Playoff
207004,3,2,Petr ZýMA,David KřEčEK,0,0,37,45,0,0,0,0,0,0,Ball 1.,Playoff
207004,3,2,Petr ZýMA,David KřEčEK,1,0,38,31,0,0,0,0,0,0,Ball 2.,Playoff
207004,3,2,Petr ZýMA,David KřEčEK,2,0,-8,45,0,0,0,0,0,0,Called Strike 1.,Playoff
207004,3,2,Petr ZýMA,David KřEčEK,2,1,32,49,0,0,0,0,0,0,Ball 3.,Playoff
207004,3,2,Petr ZýMA,David KřEčEK,3,1,-18,52,0,0,0,0,0,0,Swinging Strike 2.,Playoff
207004,3,2,Petr ZýMA,David KřEčEK,3,2,31,33,0,0,0,0,1,0,ZýMA Petr walks.,Playoff
207004,3,2,Filip KUBíčEK,David KřEčEK,0,0,8,53,0,0,65,0,0,0,KUBíčEK Filip pops out foul.  FP3. 3 out.,Playoff
207004,3,0,Aleš PRANDžEV,David KřEčEK,0,0,0,0,0,0,0,0,0,0,"End of the 3rd<br>0 runs, 3 lob",Playoff
207004,4,0,Aleš PRANDžEV,David KřEčEK,0,0,34,1,0,0,0,0,0,0,Ball 1.,Playoff
207004,4,0,Aleš PRANDžEV,David KřEčEK,1,0,11,18,0,0,0,0,0,0,Called Strike 1.,Playoff
207004,4,0,Aleš PRANDžEV,David KřEčEK,1,1,19,42,0,0,0,0,0,0,Swinging Strike 2.,Playoff
207004,4,0,Aleš PRANDžEV,David KřEčEK,1,2,32,13,0,0,0,0,0,0,Ball 2.,Playoff
207004,4,0,Aleš PRANDžEV,David KřEčEK,2,2,38,19,0,0,0,0,0,0,Ball 3.,Playoff
207004,4,0,Aleš PRANDžEV,David KřEčEK,3,2,-16,60,0,0,0,0,0,0,PRANDžEV Aleš strikes out swinging. 1 out.,Playoff
207004,4,1,Marek SLABý,David KřEčEK,0,0,30,27,0,0,0,0,0,0,Ball 1.,Playoff
207004,4,1,Marek SLABý,David KřEčEK,1,0,9,46,0,0,226,0,0,0,SLABý Marek flies out to right field.  F9. 2 out.,Playoff
207004,4,2,Matyáš SMOLA,David KřEčEK,0,0,7,55,0,0,0,0,0,0,Foul.,Playoff
207004,4,2,Matyáš SMOLA,David KřEčEK,0,1,11,35,0,0,0,0,0,0,Called Strike 2.,Playoff
207004,4,2,Matyáš SMOLA,David KřEčEK,0,2,12,57,0,0,0,0,0,0,SMOLA Matyáš strikes out swinging. 3 out.,Playoff
207004,4,0,Lukáš DERGANZ,David KřEčEK,0,0,0,0,0,0,0,0,0,0,"End of the 4th<br>0 runs, 0 lob",Playoff
207004,5,0,Lukáš DERGANZ,David KřEčEK,0,0,38,37,0,0,0,0,0,0,Ball 1.,Playoff
207004,5,0,Lukáš DERGANZ,David KřEčEK,1,0,12,52,0,0,0,0,0,0,Called Strike 1.,Playoff
207004,5,0,Lukáš DERGANZ,David KřEčEK,1,1,-11,49,0,0,0,0,0,0,Foul.,Playoff
207004,5,0,Lukáš DERGANZ,David KřEčEK,1,2,-14,13,0,0,0,0,0,0,Foul.,Playoff
207004,5,0,Lukáš DERGANZ,David KřEčEK,1,2,38,22,0,0,0,0,0,0,Ball 2.,Playoff
207004,5,0,Lukáš DERGANZ,David KřEčEK,2,2,39,32,0,0,0,0,0,0,Ball 3.,Playoff
207004,5,0,Lukáš DERGANZ,David KřEčEK,3,3,9,17,0,0,0,0,0,0,DERGANZ Lukáš strikes out swinging. 1 out.,Playoff
207004,5,1,Jan HOJDA,David KřEčEK,0,0,36,33,0,0,0,0,0,0,Ball 1.,Playoff
207004,5,1,Jan HOJDA,David KřEčEK,1,0,39,45,0,0,0,0,0,0,Ball 2.,Playoff
207004,5,1,Jan HOJDA,David KřEčEK,2,0,30,40,0,0,0,0,0,0,Ball 3.,Playoff
207004,5,1,Jan HOJDA,David KřEčEK,3,0,19,53,0,0,0,0,0,0,Called Strike 1.,Playoff
207004,5,1,Jan HOJDA,David KřEčEK,3,1,2,48,0,0,0,0,0,0,Swinging Strike 2.,Playoff
207004,5,1,Jan HOJDA,David KřEčEK,3,2,32,64,0,0,0,0,1,0,HOJDA Jan walks.,Playoff
207004,5,1,Michal ANTOň,David KřEčEK,0,0,14,31,0,0,0,0,0,0,Called Strike 1.,Playoff
207004,5,1,Michal ANTOň,David KřEčEK,0,1,-8,18,0,0,0,0,0,0,Foul.,Playoff
207004,5,1,Michal ANTOň,David KřEčEK,0,2,35,30,0,0,0,0,0,0,Ball 1.,Playoff
207004,5,1,Michal ANTOň,David KřEčEK,1,2,38,41,0,0,0,0,0,0,Ball 2.,Playoff
207004,5,1,Michal ANTOň,David KřEčEK,2,2,34,58,0,0,0,0,0,0,Ball 3.,Playoff
207004,5,1,Michal ANTOň,David KřEčEK,3,2,-10,12,0,0,0,0,0,0,ANTOň Michal strikes out swinging. 2 out.,Playoff
207004,5,2,Koya UEMURA,David KřEčEK,0,0,36,37,0,0,0,0,0,0,Ball 1. HOJDA Jan to 2nd on wild pitch.,Playoff
207004,5,2,Koya UEMURA,David KřEčEK,1,0,12,17,0,0,78,0,0,0,UEMURA Koya grounds out 4-3. 3 out.,Playoff
207004,5,0,Petr ZýMA,David KřEčEK,0,0,0,0,0,0,0,0,0,0,"End of the 5th<br>0 runs, 1 lob",Playoff
207004,6,0,Petr ZýMA,David KřEčEK,0,0,-5,38,0,0,0,0,0,0,Called Strike 1.,Playoff
207004,6,0,Petr ZýMA,David KřEčEK,0,1,33,39,0,0,0,0,0,0,Ball 1.,Playoff
207004,6,0,Petr ZýMA,David KřEčEK,1,1,5,58,0,0,0,0,0,0,Swinging Strike 2.,Playoff
207004,6,0,Petr ZýMA,David KřEčEK,1,2,8,17,0,0,0,0,0,0,Foul.,Playoff
207004,6,0,Petr ZýMA,David KřEčEK,1,2,35,21,0,0,0,0,0,0,Ball 2.,Playoff
207004,6,0,Petr ZýMA,David KřEčEK,2,2,10,41,0,0,0,0,0,0,Foul.,Playoff
207004,6,0,Petr ZýMA,David KřEčEK,2,2,9,43,0,0,0,0,0,0,ZýMA Petr strikes out swinging. 1 out.,Playoff
207004,6,1,Filip KUBíčEK,David KřEčEK,0,0,32,2,0,0,0,0,0,0,Ball 1.,Playoff
207004,6,1,Filip KUBíčEK,David KřEčEK,1,0,-6,19,0,0,0,0,0,0,Called Strike 1.,Playoff
207004,6,1,Filip KUBíčEK,David KřEčEK,1,1,8,57,0,0,0,0,0,0,Foul.,Playoff
207004,6,1,Filip KUBíčEK,David KřEčEK,1,2,14,26,0,0,88,0,0,0,KUBíčEK Filip grounds out 4-3. 2 out.,Playoff
207004,6,2,Aleš PRANDžEV,David KřEčEK,0,0,4,52,0,0,0,0,0,0,Swinging Strike 1.,Playoff
207004,6,2,Aleš PRANDžEV,David KřEčEK,0,1,37,52,0,0,0,0,0,0,Ball 1.,Playoff
207004,6,2,Aleš PRANDžEV,David KřEčEK,1,1,-5,59,0,0,0,0,0,0,Foul.,Playoff
207004,6,2,Aleš PRANDžEV,David KřEčEK,1,2,37,8,0,0,0,0,0,0,Ball 2.,Playoff
207004,6,2,Aleš PRANDžEV,David KřEčEK,2,2,38,55,0,0,0,0,0,0,Ball 3.,Playoff
207004,6,2,Aleš PRANDžEV,David KřEčEK,3,2,-15,24,0,0,0,0,0,0,PRANDžEV Aleš strikes out swinging. 3 out.,Playoff
207004,6,0,Marek SLABý,David KřEčEK,0,0,0,0,0,0,0,0,0,0,"End of the 6th<br>0 runs, 0 lob",Playoff
207004,7,0,Neznámý,Neznámý,0,0,0,0,0,0,0,0,0,0,Pitching Change: #34 HRDLIčKA for #29 KřEčEK,Playoff
207004,7,0,Marek SLABý,Vít HRDLIčKA,0,0,14,57,0,0,0,0,0,0,Called Strike 1.,Playoff
207004,7,0,Marek SLABý,Vít HRDLIčKA,0,1,32,20,0,0,0,0,0,0,Ball 1.,Playoff
207004,7,0,Marek SLABý,Vít HRDLIčKA,1,1,35,1,0,0,0,0,0,0,Ball 2.,Playoff
207004,7,0,Marek SLABý,Vít HRDLIčKA,2,1,-12,63,0,0,68,0,0,0,SLABý Marek flies out.  F5. 1 out.,Playoff
207004,7,1,Matyáš SMOLA,Vít HRDLIčKA,0,0,30,20,0,0,0,0,0,0,Ball 1.,Playoff
207004,7,1,Matyáš SMOLA,Vít HRDLIčKA,1,0,35,47,0,0,0,0,0,0,Ball 2.,Playoff
207004,7,1,Matyáš SMOLA,Vít HRDLIčKA,2,0,17,39,0,0,0,0,0,0,Called Strike 1.,Playoff
207004,7,1,Matyáš SMOLA,Vít HRDLIčKA,2,1,11,45,0,0,226,0,0,0,SMOLA Matyáš flies out to right field.  F9. 2 out.,Playoff
207004,7,2,Lukáš DERGANZ,Vít HRDLIčKA,0,0,39,10,0,0,0,0,0,0,Ball 1.,Playoff
207004,7,2,Lukáš DERGANZ,Vít HRDLIčKA,1,0,-16,33,0,0,0,0,0,0,Swinging Strike 1.,Playoff
207004,7,2,Lukáš DERGANZ,Vít HRDLIčKA,1,1,34,31,0,0,0,0,0,0,Ball 2.,Playoff
207004,7,2,Lukáš DERGANZ,Vít HRDLIčKA,2,1,34,61,0,0,0,0,0,0,Ball 3.,Playoff
207004,7,2,Lukáš DERGANZ,Vít HRDLIčKA,3,1,-11,58,0,0,0,0,0,0,Foul.,Playoff
207004,7,2,Lukáš DERGANZ,Vít HRDLIčKA,3,2,2,27,0,0,0,0,0,0,Foul.,Playoff
207004,7,2,Lukáš DERGANZ,Vít HRDLIčKA,3,2,32,44,0,0,0,0,1,0,DERGANZ Lukáš walks.,Playoff
207004,7,2,Jan HOJDA,Vít HRDLIčKA,0,0,33,5,0,0,0,0,0,0,Ball 1.,Playoff
207004,7,2,Jan HOJDA,Vít HRDLIčKA,1,0,1,46,0,0,0,0,0,0,Foul.,Playoff
207004,7,2,Jan HOJDA,Vít HRDLIčKA,1,1,-20,21,0,0,0,0,0,0,Called Strike 2.,Playoff
207004,7,2,Jan HOJDA,Vít HRDLIčKA,1,2,0,0,0,0,0,0,0,0,Pickoff Attempt at 1st,Playoff
207004,7,2,Jan HOJDA,Vít HRDLIčKA,1,2,11,57,0,0,0,0,0,0,HOJDA Jan strikes out swinging. 3 out.,Playoff
207004,7,0,Michal ANTOň,Vít HRDLIčKA,0,0,0,0,0,0,0,0,0,0,"End of the 7th<br>0 runs, 1 lob",Playoff
207004,8,0,Michal ANTOň,Vít HRDLIčKA,0,0,33,10,0,0,0,0,0,0,Ball 1.,Playoff
207004,8,0,Michal ANTOň,Vít HRDLIčKA,1,0,32,1,0,0,0,0,0,0,Ball 2.,Playoff
207004,8,0,Michal ANTOň,Vít HRDLIčKA,2,0,-4,13,0,0,0,0,0,0,Called Strike 1.,Playoff
207004,8,0,Michal ANTOň,Vít HRDLIčKA,2,1,-9,19,0,0,0,0,0,0,Called Strike 2.,Playoff
207004,8,0,Michal ANTOň,Vít HRDLIčKA,2,2,0,0,0,0,0,0,0,0,Coaching Visit,Playoff
207004,8,0,Michal ANTOň,Vít HRDLIčKA,2,3,15,56,0,0,206,1,0,0,ANTOň Michal singles to center field.,Playoff
207004,8,0,Koya UEMURA,Vít HRDLIčKA,0,0,7,19,0,0,0,0,0,0,Called Strike 1.,Playoff
207004,8,0,Koya UEMURA,Vít HRDLIčKA,0,1,-11,14,0,0,0,0,0,0,Swinging Strike 2.,Playoff
207004,8,0,Koya UEMURA,Vít HRDLIčKA,0,2,34,70,0,0,0,0,0,0,Ball 1.,Playoff
207004,8,0,Koya UEMURA,Vít HRDLIčKA,1,2,0,0,0,0,0,0,0,0,Pickoff Attempt at 1st,Playoff
207004,8,0,Koya UEMURA,Vít HRDLIčKA,1,2,-13,25,0,0,0,0,0,0,Foul.,Playoff
207004,8,0,Koya UEMURA,Vít HRDLIčKA,1,2,35,36,0,0,0,0,0,0,Ball 2. ANTOň Michal  out at 2nd CS24.  1 out.,Playoff
207004,8,1,Koya UEMURA,Vít HRDLIčKA,2,2,6,13,0,0,94,0,0,0,UEMURA Koya grounds out 4-3. 2 out.,Playoff
207004,8,2,Petr ZýMA,Vít HRDLIčKA,0,0,36,13,0,0,0,0,0,0,Ball 1.,Playoff
207004,8,2,Petr ZýMA,Vít HRDLIčKA,1,0,30,32,0,0,0,0,0,0,Ball 2.,Playoff
207004,8,2,Petr ZýMA,Vít HRDLIčKA,2,0,38,70,0,0,0,0,0,0,Ball 3.,Playoff
207004,8,2,Petr ZýMA,Vít HRDLIčKA,3,0,8,35,0,0,0,0,0,0,Called Strike 1.,Playoff
207004,8,2,Petr ZýMA,Vít HRDLIčKA,3,1,-2,32,0,0,0,0,0,0,Swinging Strike 2.,Playoff
207004,8,2,Petr ZýMA,Vít HRDLIčKA,3,2,4,12,0,0,0,0,0,0,Foul.,Playoff
207004,8,2,Petr ZýMA,Vít HRDLIčKA,3,2,34,43,0,0,0,0,1,0,ZýMA Petr walks.,Playoff
207004,8,2,Filip KUBíčEK,Vít HRDLIčKA,0,0,31,18,0,0,0,0,0,0,Ball 1.,Playoff
207004,8,2,Filip KUBíčEK,Vít HRDLIčKA,1,0,8,59,0,0,0,0,0,0,Called Strike 1.,Playoff
207004,8,2,Filip KUBíčEK,Vít HRDLIčKA,1,1,-4,19,0,0,0,0,0,0,Swinging Strike 2.,Playoff
207004,8,0,Neznámý,Neznámý,0,0,0,0,0,0,0,0,0,0,Defensive Change: #70 UEMURA to LF,Playoff
207004,8,2,Filip KUBíčEK,Vít HRDLIčKA,1,3,2,49,0,0,0,0,0,0,KUBíčEK Filip strikes out swinging. 3 out.,Playoff
207004,8,0,Aleš PRANDžEV,Vít HRDLIčKA,0,0,0,0,0,0,0,0,0,0,"End of the 8th<br>0 runs, 1 lob",Playoff
207004,9,0,Neznámý,Neznámý,0,0,0,0,0,0,0,0,0,0,Pinch Hitter: #0 FREEMAN for #39 PRANDžEV,Playoff
207004,9,0,Neznámý,Neznámý,0,0,0,0,0,0,0,0,0,0,Pitching Change: #79 LORENC for #34 HRDLIčKA,Playoff
207004,9,0,Caleb FREEMAN,Jan LORENC,0,0,32,60,0,0,0,0,0,0,Ball 1.,Playoff
207004,9,0,Caleb FREEMAN,Jan LORENC,1,0,0,37,0,0,0,0,0,0,Called Strike 1.,Playoff
207004,9,0,Caleb FREEMAN,Jan LORENC,1,1,-6,15,0,0,113,0,0,0,FREEMAN Caleb reaches on fielding error. E6.,Playoff
207004,9,0,Marek SLABý,Jan LORENC,0,0,38,6,0,0,0,0,0,0,Ball 1.,Playoff
207004,9,0,Marek SLABý,Jan LORENC,1,0,39,32,0,0,0,0,0,0,Ball 2.,Playoff
207004,9,0,Marek SLABý,Jan LORENC,2,0,31,47,0,0,0,0,0,0,Ball 3.,Playoff
207004,9,0,Marek SLABý,Jan LORENC,3,0,-12,13,0,0,0,0,0,0,Called Strike 1.,Playoff
207004,9,0,Marek SLABý,Jan LORENC,3,1,-9,36,0,0,0,0,0,0,Swinging Strike 2.,Playoff
207004,9,0,Marek SLABý,Jan LORENC,3,2,-14,17,0,0,0,0,0,0,Foul.,Playoff
207004,9,0,Marek SLABý,Jan LORENC,3,2,-6,29,0,0,0,0,0,0,SLABý Marek strikes out looking. 1 out.,Playoff
207004,9,1,Matyáš SMOLA,Jan LORENC,0,0,37,2,0,0,0,0,0,0,Ball 1.,Playoff
207004,9,1,Matyáš SMOLA,Jan LORENC,1,0,35,42,0,0,0,0,0,0,Ball 2.,Playoff
207004,9,1,Matyáš SMOLA,Jan LORENC,2,0,39,39,0,0,0,0,0,0,Ball 3.,Playoff
207004,9,1,Matyáš SMOLA,Jan LORENC,3,0,33,1,0,0,0,0,1,0,SMOLA Matyáš walks. FREEMAN Caleb to 2nd.,Playoff
207004,9,1,Lukáš DERGANZ,Jan LORENC,0,0,0,0,0,0,0,0,0,0,Coaching Visit,Playoff
207004,9,1,Lukáš DERGANZ,Jan LORENC,0,0,-14,42,0,0,0,0,0,0,Called Strike 1.,Playoff
207004,9,1,Lukáš DERGANZ,Jan LORENC,0,1,-9,58,0,0,0,0,0,0,Called Strike 2.,Playoff
207004,9,1,Lukáš DERGANZ,Jan LORENC,0,2,33,59,0,0,0,0,0,0,Ball 1.,Playoff
207004,9,1,Lukáš DERGANZ,Jan LORENC,1,2,9,24,0,0,0,0,0,0,Foul.,Playoff
207004,9,1,Lukáš DERGANZ,Jan LORENC,1,2,36,24,0,0,0,0,0,0,Ball 2.,Playoff
207004,9,1,Lukáš DERGANZ,Jan LORENC,2,2,0,0,0,0,0,0,0,0,Catcher Pickoff Attempt at 1st,Playoff
207004,9,1,Lukáš DERGANZ,Jan LORENC,2,2,-5,25,0,0,68,0,0,0,DERGANZ Lukáš reaches on fielders choice. FREEMAN Caleb to 3rd. SMOLA Matyáš  out at 2nd 54.  2 out.,Playoff
207004,9,2,Jan HOJDA,Jan LORENC,0,0,31,29,0,0,0,0,0,0,Ball 1.,Playoff
207004,9,2,Jan HOJDA,Jan LORENC,1,0,31,38,0,0,0,0,0,0,Ball 2.,Playoff
207004,9,2,Jan HOJDA,Jan LORENC,2,0,5,37,0,0,0,0,0,0,Called Strike 1.,Playoff
207004,9,2,Jan HOJDA,Jan LORENC,2,1,-5,30,0,0,0,0,0,0,Foul.,Playoff
207004,9,2,Jan HOJDA,Jan LORENC,2,2,11,24,0,0,0,0,0,0,HOJDA Jan strikes out looking. 3 out.,Playoff
207004,9,0,Michal ANTOň,Jan LORENC,0,0,0,0,0,0,0,0,0,0,GAME OVER<br>KOT wins 4-0<br>Win: KřEčEK<br>Loss: ZAVADIL,Playoff
207609,1,0,Michal ANTOň,Tomáš ONDRA,0,0,0,0,0,0,0,0,0,0,Play Ball,Playoff
207609,1,0,Michal ANTOň,Tomáš ONDRA,0,0,-16,26,0,0,0,0,0,0,Foul.,Playoff
207609,1,0,Michal ANTOň,Tomáš ONDRA,0,1,39,48,0,0,0,0,0,0,Ball 1.,Playoff
207609,1,0,Michal ANTOň,Tomáš ONDRA,1,1,-4,22,0,0,0,0,0,0,Called Strike 2.,Playoff
207609,1,0,Michal ANTOň,Tomáš ONDRA,1,2,8,14,0,0,0,0,0,0,Foul.,Playoff
207609,1,0,Michal ANTOň,Tomáš ONDRA,1,2,9,25,0,0,0,0,0,0,Foul.,Playoff
207609,1,0,Michal ANTOň,Tomáš ONDRA,1,2,36,40,0,0,0,0,0,0,Ball 2.,Playoff
207609,1,0,Michal ANTOň,Tomáš ONDRA,2,2,11,55,0,0,240,0,0,0,ANTOň Michal reaches on fielding error. E9.,Playoff
207609,1,0,Koya UEMURA,Tomáš ONDRA,0,0,-18,23,0,0,0,0,0,0,Swinging Strike 1.,Playoff
207609,1,0,Koya UEMURA,Tomáš ONDRA,0,1,34,45,0,0,0,0,0,0,Ball 1.,Playoff
207609,1,0,Koya UEMURA,Tomáš ONDRA,1,1,37,57,0,0,0,0,0,0,Ball 2.,Playoff
207609,1,0,Koya UEMURA,Tomáš ONDRA,2,1,0,59,0,0,226,0,0,0,UEMURA Koya pops out to right field.  P9. 1 out.,Playoff
207609,1,1,Filip KUBíčEK,Tomáš ONDRA,0,0,0,0,0,0,0,0,0,0,Pickoff Attempt at 1st,Playoff
207609,1,1,Filip KUBíčEK,Tomáš ONDRA,0,0,38,61,0,0,0,0,0,0,Ball 1.,Playoff
207609,1,1,Filip KUBíčEK,Tomáš ONDRA,1,0,-12,50,0,0,192,1,0,0,KUBíčEK Filip singles to left center. ANTOň Michal to 2nd.,Playoff
207609,1,1,Petr ZýMA,Tomáš ONDRA,0,0,-12,12,0,0,0,0,0,0,Called Strike 1.,Playoff
207609,1,1,Petr ZýMA,Tomáš ONDRA,0,1,10,51,0,0,0,0,0,0,Foul.,Playoff
207609,1,1,Petr ZýMA,Tomáš ONDRA,0,2,4,46,0,0,113,0,0,0,ZýMA Petr lines out.  L4. 2 out.,Playoff
207609,1,2,Caleb FREEMAN,Tomáš ONDRA,0,0,-11,43,0,0,0,0,0,0,Foul.,Playoff
207609,1,2,Caleb FREEMAN,Tomáš ONDRA,0,1,-20,49,0,0,0,0,0,0,Foul.,Playoff
207609,1,2,Caleb FREEMAN,Tomáš ONDRA,0,2,-15,37,0,0,0,0,0,0,FREEMAN Caleb strikes out swinging. 3 out.,Playoff
207609,1,0,Marek SLABý,Tomáš ONDRA,0,0,0,0,0,0,0,0,0,0,"Middle of the 1st<br>0 runs, 2 lob",Playoff
207609,2,0,Marek SLABý,Tomáš ONDRA,0,0,-19,57,0,0,0,0,0,0,Called Strike 1.,Playoff
207609,2,0,Marek SLABý,Tomáš ONDRA,0,1,7,30,0,0,0,0,0,0,Swinging Strike 2.,Playoff
207609,2,0,Marek SLABý,Tomáš ONDRA,0,2,17,15,0,0,0,0,0,0,SLABý Marek strikes out looking. 1 out.,Playoff
207609,2,1,Aleš PRANDžEV,Tomáš ONDRA,0,0,4,38,0,0,0,0,0,0,Foul.,Playoff
207609,2,1,Aleš PRANDžEV,Tomáš ONDRA,0,1,13,51,0,0,0,0,0,0,Swinging Strike 2.,Playoff
207609,2,1,Aleš PRANDžEV,Tomáš ONDRA,0,2,0,17,0,0,0,0,0,0,PRANDžEV Aleš strikes out swinging. 2 out.,Playoff
207609,2,2,Lukáš DERGANZ,Tomáš ONDRA,0,0,18,55,0,0,122,0,0,0,DERGANZ Lukáš pops out foul.  FP3. 3 out.,Playoff
207609,2,0,Jan HOJDA,Tomáš ONDRA,0,0,0,0,0,0,0,0,0,0,"Middle of the 2nd<br>0 runs, 0 lob",Playoff
207609,3,0,Jan HOJDA,Tomáš ONDRA,0,0,-2,24,0,0,0,0,0,0,Called Strike 1.,Playoff
207609,3,0,Jan HOJDA,Tomáš ONDRA,0,1,19,61,0,0,179,1,0,0,HOJDA Jan singles to center field.,Playoff
207609,3,0,Michal ANTOň,Tomáš ONDRA,0,0,-4,29,0,0,0,0,0,0,Called Strike 1.,Playoff
207609,3,0,Michal ANTOň,Tomáš ONDRA,0,1,37,8,0,0,0,0,0,0,Ball 1.,Playoff
207609,3,0,Michal ANTOň,Tomáš ONDRA,1,1,12,22,0,0,0,0,0,0,Foul.,Playoff
207609,3,0,Michal ANTOň,Tomáš ONDRA,1,2,-7,36,0,0,0,0,0,0,Foul.,Playoff
207609,3,0,Michal ANTOň,Tomáš ONDRA,1,2,32,66,0,0,0,0,0,0,Ball 2.,Playoff
207609,3,0,Michal ANTOň,Tomáš ONDRA,2,2,10,45,0,0,113,0,0,0,ANTOň Michal pops out.  P4. 1 out.,Playoff
207609,3,1,Koya UEMURA,Tomáš ONDRA,0,0,31,52,0,0,0,0,0,0,Ball 1.,Playoff
207609,3,1,Koya UEMURA,Tomáš ONDRA,1,0,1,17,0,0,0,0,0,0,Called Strike 1.,Playoff
207609,3,1,Koya UEMURA,Tomáš ONDRA,1,1,-6,33,0,0,0,0,0,0,Foul.,Playoff
207609,3,1,Koya UEMURA,Tomáš ONDRA,1,2,-10,10,0,0,179,1,0,0,UEMURA Koya singles up the middle. HOJDA Jan to 2nd.,Playoff
207609,3,1,Filip KUBíčEK,Tomáš ONDRA,0,0,2,57,0,0,0,0,0,0,Swinging Strike 1.,Playoff
207609,3,1,Filip KUBíčEK,Tomáš ONDRA,0,1,-18,12,0,0,0,0,0,0,Swinging Strike 2.,Playoff
207609,3,1,Filip KUBíčEK,Tomáš ONDRA,0,2,-13,16,0,0,0,0,0,0,KUBíčEK Filip strikes out swinging. 2 out.,Playoff
207609,3,2,Petr ZýMA,Tomáš ONDRA,0,0,-4,57,0,0,245,0,0,0,ZýMA Petr flies out to left field.  F7. 3 out.,Playoff
207609,3,0,Caleb FREEMAN,Tomáš ONDRA,0,0,0,0,0,0,0,0,0,0,"Middle of the 3rd<br>0 runs, 2 lob",Playoff
207609,4,0,Caleb FREEMAN,Tomáš ONDRA,0,0,-5,63,0,0,262,1,0,0,FREEMAN Caleb doubles to deep left field.,Playoff
207609,4,0,Marek SLABý,Tomáš ONDRA,0,0,-3,49,0,0,0,0,0,0,Foul.,Playoff
207609,4,0,Marek SLABý,Tomáš ONDRA,0,1,-17,60,0,0,36,0,0,0,SLABý Marek out on sacrifice hit 53. Bunt. FREEMAN Caleb to 3rd. 1 out.,Playoff
207609,4,1,Aleš PRANDžEV,Tomáš ONDRA,0,0,-11,52,0,0,0,0,0,0,Foul.,Playoff
207609,4,1,Aleš PRANDžEV,Tomáš ONDRA,0,1,-2,47,0,0,0,0,0,0,Foul.,Playoff
207609,4,1,Aleš PRANDžEV,Tomáš ONDRA,0,2,6,47,0,0,0,0,0,0,Foul.,Playoff
207609,4,1,Aleš PRANDžEV,Tomáš ONDRA,0,2,38,55,0,0,0,0,0,0,Ball 1.,Playoff
207609,4,1,Aleš PRANDžEV,Tomáš ONDRA,1,2,10,46,0,0,182,0,0,0,PRANDžEV Aleš flies out to right field.  F9. 2 out.,Playoff
207609,4,2,Lukáš DERGANZ,Tomáš ONDRA,0,0,-11,17,0,0,0,0,0,0,Foul.,Playoff
207609,4,2,Lukáš DERGANZ,Tomáš ONDRA,0,1,39,6,0,0,0,0,0,0,Ball 1.,Playoff
207609,4,2,Lukáš DERGANZ,Tomáš ONDRA,1,1,-8,35,0,0,0,0,0,0,Called Strike 2.,Playoff
207609,4,2,Lukáš DERGANZ,Tomáš ONDRA,1,2,8,55,0,0,0,0,0,0,DERGANZ Lukáš strikes out swinging. 3 out.,Playoff
207609,4,0,Jan HOJDA,Tomáš ONDRA,0,0,0,0,0,0,0,0,0,0,"Middle of the 4th<br>0 runs, 1 lob",Playoff
207609,5,0,Neznámý,Neznámý,0,0,0,0,0,0,0,0,0,0,Defensive Substitution: #8 KALáBEK for #25 TAKEDA at RF,Playoff
207609,5,0,Jan HOJDA,Tomáš ONDRA,0,0,-2,35,0,0,0,0,0,0,Called Strike 1.,Playoff
207609,5,0,Jan HOJDA,Tomáš ONDRA,0,1,34,58,0,0,0,0,0,0,Ball 1.,Playoff
207609,5,0,Jan HOJDA,Tomáš ONDRA,1,1,-15,14,0,0,0,0,0,0,Foul.,Playoff
207609,5,0,Jan HOJDA,Tomáš ONDRA,1,2,-3,21,0,0,89,0,0,0,HOJDA Jan grounds out 6-3. 1 out.,Playoff
207609,5,1,Michal ANTOň,Tomáš ONDRA,0,0,-5,23,0,0,0,0,0,0,Called Strike 1.,Playoff
207609,5,1,Michal ANTOň,Tomáš ONDRA,0,1,17,29,0,0,99,0,0,0,ANTOň Michal grounds out 4-3. 2 out.,Playoff
207609,5,2,Koya UEMURA,Tomáš ONDRA,0,0,4,49,0,0,0,0,0,0,Foul.,Playoff
207609,5,2,Koya UEMURA,Tomáš ONDRA,0,1,-6,13,0,0,0,0,0,0,Foul.,Playoff
207609,5,2,Koya UEMURA,Tomáš ONDRA,0,2,-5,56,0,0,248,0,0,0,UEMURA Koya flies out to left field.  F7. 3 out.,Playoff
207609,5,0,Filip KUBíčEK,Tomáš ONDRA,0,0,0,0,0,0,0,0,0,0,"Middle of the 5th<br>0 runs, 0 lob",Playoff
207609,6,0,Neznámý,Neznámý,0,0,0,0,0,0,0,0,0,0,Pitching Change: #95 VENTRUBA for #57 ONDRA,Playoff
207609,6,0,Filip KUBíčEK,Vojtěch VENTRUBA,0,0,-20,59,0,0,240,0,0,0,KUBíčEK Filip flies out to center field.  F8. 1 out.,Playoff
207609,6,1,Petr ZýMA,Vojtěch VENTRUBA,0,0,15,49,0,0,0,0,0,0,Called Strike 1.,Playoff
207609,6,1,Petr ZýMA,Vojtěch VENTRUBA,0,1,31,66,0,0,0,0,0,0,Ball 1.,Playoff
207609,6,1,Petr ZýMA,Vojtěch VENTRUBA,1,1,-7,16,0,0,19,0,0,0,ZýMA Petr grounds out 2-3. 2 out.,Playoff
207609,6,2,Caleb FREEMAN,Vojtěch VENTRUBA,0,0,39,13,0,0,0,0,0,0,Ball 1.,Playoff
207609,6,2,Caleb FREEMAN,Vojtěch VENTRUBA,1,0,13,58,0,0,0,0,0,0,Swinging Strike 1.,Playoff
207609,6,2,Caleb FREEMAN,Vojtěch VENTRUBA,1,1,30,2,0,0,0,0,0,0,Ball 2.,Playoff
207609,6,2,Caleb FREEMAN,Vojtěch VENTRUBA,2,1,-17,48,0,0,0,0,0,0,Swinging Strike 2.,Playoff
207609,6,2,Caleb FREEMAN,Vojtěch VENTRUBA,2,2,33,60,0,0,0,0,0,0,Ball 3.,Playoff
207609,6,2,Caleb FREEMAN,Vojtěch VENTRUBA,3,2,9,64,0,0,93,0,0,0,FREEMAN Caleb flies out foul.  FF3. 3 out.,Playoff
207609,6,0,Marek SLABý,Vojtěch VENTRUBA,0,0,0,0,0,0,0,0,0,0,"Middle of the 6th<br>0 runs, 0 lob",Playoff
207609,7,0,Marek SLABý,Vojtěch VENTRUBA,0,0,0,61,0,0,0,0,0,0,Foul.,Playoff
207609,7,0,Marek SLABý,Vojtěch VENTRUBA,0,1,39,48,0,0,0,0,0,0,Ball 1.,Playoff
207609,7,0,Marek SLABý,Vojtěch VENTRUBA,1,1,0,55,0,0,191,1,0,0,SLABý Marek singles to right field.,Playoff
207609,7,0,Aleš PRANDžEV,Vojtěch VENTRUBA,0,0,1,43,0,0,0,0,0,0,Swinging Strike 1.,Playoff
207609,7,0,Aleš PRANDžEV,Vojtěch VENTRUBA,0,1,-3,13,0,0,0,0,0,0,Called Strike 2.,Playoff
207609,7,0,Aleš PRANDžEV,Vojtěch VENTRUBA,0,2,-15,20,0,0,0,0,0,0,PRANDžEV Aleš strikes out looking. 1 out.,Playoff
207609,7,1,Lukáš DERGANZ,Vojtěch VENTRUBA,0,0,-18,55,0,0,0,0,0,0,Foul.,Playoff
207609,7,1,Lukáš DERGANZ,Vojtěch VENTRUBA,0,1,39,18,0,0,0,0,0,0,Ball 1.,Playoff
207609,7,1,Lukáš DERGANZ,Vojtěch VENTRUBA,1,1,-16,56,0,0,81,0,0,0,DERGANZ Lukáš lines out.  L1. SLABý Marek  out at 1st 13.  Double Play. 3 out.,Playoff
207609,7,0,Jan HOJDA,Vojtěch VENTRUBA,0,0,0,0,0,0,0,0,0,0,"Middle of the 7th<br>0 runs, 0 lob",Playoff
207609,8,0,Neznámý,Neznámý,0,0,0,0,0,0,0,0,0,0,Pitching Change: #14 ČAPKA for #95 VENTRUBA,Playoff
207609,8,0,Jan HOJDA,Filip ČAPKA,0,0,35,42,0,0,0,0,0,0,Ball 1.,Playoff
207609,8,0,Jan HOJDA,Filip ČAPKA,1,0,-11,32,0,0,0,0,0,0,Swinging Strike 1.,Playoff
207609,8,0,Jan HOJDA,Filip ČAPKA,1,1,13,21,0,0,0,0,0,0,Called Strike 2.,Playoff
207609,8,0,Jan HOJDA,Filip ČAPKA,1,2,8,59,0,0,167,1,0,0,HOJDA Jan singles down right field line.,Playoff
207609,8,0,Michal ANTOň,Filip ČAPKA,0,0,11,17,0,0,0,0,0,0,Called Strike 1.,Playoff
207609,8,0,Michal ANTOň,Filip ČAPKA,0,1,34,14,0,0,0,0,0,0,Ball 1.,Playoff
207609,8,0,Michal ANTOň,Filip ČAPKA,1,1,4,47,0,0,0,0,0,0,Called Strike 2.,Playoff
207609,8,0,Michal ANTOň,Filip ČAPKA,1,2,4,13,0,0,113,0,0,0,ANTOň Michal hits into a double play.  GDP 63. HOJDA Jan  out at 2nd 6.  2 out.,Playoff
207609,8,2,Koya UEMURA,Filip ČAPKA,0,0,31,33,0,0,0,0,0,0,Ball 1.,Playoff
207609,8,2,Koya UEMURA,Filip ČAPKA,1,0,17,26,0,0,64,0,0,0,UEMURA Koya grounds out 3U. 3 out.,Playoff
207609,8,0,Filip KUBíčEK,Filip ČAPKA,0,0,0,0,0,0,0,0,0,0,"Middle of the 8th<br>0 runs, 0 lob",Playoff
207609,9,0,Filip KUBíčEK,Filip ČAPKA,0,0,6,23,0,0,0,0,0,0,Called Strike 1.,Playoff
207609,9,0,Filip KUBíčEK,Filip ČAPKA,0,1,-15,57,0,0,195,1,0,0,KUBíčEK Filip singles to center field.,Playoff
207609,9,0,Petr ZýMA,Filip ČAPKA,0,0,35,10,0,0,0,0,0,0,Ball 1.,Playoff
207609,9,0,Petr ZýMA,Filip ČAPKA,1,0,39,27,0,0,0,0,0,0,Ball 2.,Playoff
207609,9,0,Petr ZýMA,Filip ČAPKA,2,0,39,44,0,0,0,0,0,0,Ball 3.,Playoff
207609,9,0,Petr ZýMA,Filip ČAPKA,3,0,0,0,0,0,0,0,0,0,Defensive Conference,Playoff
207609,9,0,Petr ZýMA,Filip ČAPKA,3,0,0,29,0,0,0,0,0,0,Foul.,Playoff
207609,9,0,Petr ZýMA,Filip ČAPKA,3,1,-16,34,0,0,0,0,0,0,Foul.,Playoff
207609,9,0,Petr ZýMA,Filip ČAPKA,3,2,-7,47,0,0,226,0,0,0,ZýMA Petr flies out to left center.  F7. 1 out.,Playoff
207609,9,1,Caleb FREEMAN,Filip ČAPKA,0,0,39,5,0,0,0,0,0,0,Ball 1.,Playoff
207609,9,1,Caleb FREEMAN,Filip ČAPKA,1,0,-19,12,0,0,0,0,0,0,Called Strike 1.,Playoff
207609,9,1,Caleb FREEMAN,Filip ČAPKA,1,1,33,16,0,0,0,0,0,0,Ball 2.,Playoff
207609,9,1,Caleb FREEMAN,Filip ČAPKA,2,1,-18,49,0,0,174,1,0,0,FREEMAN Caleb singles to left field. KUBíčEK Filip to 2nd.,Playoff
207609,9,1,Marek SLABý,Filip ČAPKA,0,0,35,1,0,0,0,0,0,0,Ball 1.,Playoff
207609,9,1,Marek SLABý,Filip ČAPKA,1,0,-20,51,0,0,0,0,0,0,Called Strike 1.,Playoff
207609,9,1,Marek SLABý,Filip ČAPKA,1,1,36,42,0,0,0,0,0,0,Ball 2. KUBíčEK Filip to 3rd on wild pitch.,Playoff
207609,9,1,Marek SLABý,Filip ČAPKA,2,1,36,20,0,0,0,0,0,0,Ball 3.,Playoff
207609,9,1,Marek SLABý,Filip ČAPKA,3,1,33,12,0,0,0,0,1,0,SLABý Marek walks. FREEMAN Caleb to 2nd.,Playoff
207609,9,0,Neznámý,Neznámý,0,0,0,0,0,0,0,0,0,0,Pinch Hitter: #16 ŠINDLER for #39 PRANDžEV,Playoff
207609,9,1,Filip ŠINDLER,Filip ČAPKA,0,0,-2,29,0,0,0,0,0,0,Swinging Strike 1.,Playoff
207609,9,1,Filip ŠINDLER,Filip ČAPKA,0,1,10,63,0,0,165,1,0,1,ŠINDLER Filip singles to right field. KUBíčEK Filip scores. FREEMAN Caleb to 3rd. SLABý Marek to 2nd. 1 RBI.,Playoff
207609,9,1,Lukáš DERGANZ,Filip ČAPKA,0,0,0,0,0,0,0,0,0,0,Defensive Conference,Playoff
207609,9,1,Lukáš DERGANZ,Filip ČAPKA,0,0,30,10,0,0,0,0,0,0,Ball 1.,Playoff
207609,9,1,Lukáš DERGANZ,Filip ČAPKA,1,0,34,36,0,0,0,0,0,0,Ball 2.,Playoff
207609,9,1,Lukáš DERGANZ,Filip ČAPKA,2,0,-4,51,0,0,0,0,0,0,Called Strike 1.,Playoff
207609,9,1,Lukáš DERGANZ,Filip ČAPKA,2,1,32,67,0,0,0,0,0,0,Ball 3.,Playoff
207609,9,1,Lukáš DERGANZ,Filip ČAPKA,3,1,33,36,0,0,0,0,1,1,DERGANZ Lukáš walks. FREEMAN Caleb scores. SLABý Marek to 3rd. ŠINDLER Filip to 2nd. 1 RBI.,Playoff
207609,9,1,Jan HOJDA,Filip ČAPKA,0,0,0,0,0,0,0,0,0,0,Coaching Visit,Playoff
207609,9,1,Jan HOJDA,Filip ČAPKA,0,0,-3,41,0,0,0,0,0,0,Called Strike 1.,Playoff
207609,9,1,Jan HOJDA,Filip ČAPKA,0,1,-10,61,0,0,0,0,0,0,Swinging Strike 2.,Playoff
207609,9,1,Jan HOJDA,Filip ČAPKA,0,2,32,29,0,0,0,0,0,0,Ball 1.,Playoff
207609,9,1,Jan HOJDA,Filip ČAPKA,1,2,33,57,0,0,0,0,0,0,Ball 2.,Playoff
207609,9,1,Jan HOJDA,Filip ČAPKA,2,2,-1,63,0,0,226,0,0,1,HOJDA Jan flies out to center field.  Sacrifice Fly.  SF8. SLABý Marek scores. 2 out. 1 RBI.,Playoff
207609,9,2,Michal ANTOň,Filip ČAPKA,0,0,8,16,0,0,0,0,0,0,Called Strike 1.,Playoff
207609,9,2,Michal ANTOň,Filip ČAPKA,0,1,38,63,0,0,0,0,0,0,Ball 1.,Playoff
207609,9,2,Michal ANTOň,Filip ČAPKA,1,1,-16,16,0,0,57,0,0,0,ANTOň Michal grounds out 1-3. 3 out.,Playoff
207609,9,0,Koya UEMURA,Filip ČAPKA,0,0,0,0,0,0,0,0,0,0,GAME OVER<br>DRA wins 9-3<br>Win: ONDRA<br>Loss: DUFFEK,Playoff
207600,1,0,Michal ANTOň,Aliangel LOPEZ,0,0,-17,17,0,0,0,0,0,0,Called Strike 1.,Playoff
207600,1,0,Michal ANTOň,Aliangel LOPEZ,0,1,30,7,0,0,0,0,0,0,Ball 1.,Playoff
207600,1,0,Michal ANTOň,Aliangel LOPEZ,1,1,37,41,0,0,0,0,0,0,Ball 2.,Playoff
207600,1,0,Michal ANTOň,Aliangel LOPEZ,2,1,16,59,0,0,179,1,0,0,ANTOň Michal singles to right center.,Playoff
207600,1,0,Koya UEMURA,Aliangel LOPEZ,0,0,-18,50,0,0,0,0,0,0,Called Strike 1.,Playoff
207600,1,0,Koya UEMURA,Aliangel LOPEZ,0,1,36,21,0,0,0,0,0,0,Ball 1.,Playoff
207600,1,0,Koya UEMURA,Aliangel LOPEZ,1,1,-1,19,0,0,113,0,0,0,UEMURA Koya reaches on fielders choice. ANTOň Michal  out at 2nd 64.  1 out.,Playoff
207600,1,1,Filip KUBíčEK,Aliangel LOPEZ,0,0,9,31,0,0,0,0,0,0,Called Strike 1.,Playoff
207600,1,1,Filip KUBíčEK,Aliangel LOPEZ,0,1,31,9,0,0,0,0,0,0,Ball 1.,Playoff
207600,1,1,Filip KUBíčEK,Aliangel LOPEZ,1,1,6,18,0,0,0,0,0,0,Called Strike 2.,Playoff
207600,1,1,Filip KUBíčEK,Aliangel LOPEZ,1,2,-7,46,0,0,113,0,0,0,KUBíčEK Filip lines out.  L6. 2 out.,Playoff
207600,1,2,Petr ZýMA,Aliangel LOPEZ,0,0,-18,20,0,0,0,0,0,0,Called Strike 1.,Playoff
207600,1,2,Petr ZýMA,Aliangel LOPEZ,0,1,35,37,0,0,0,0,0,0,Ball 1.,Playoff
207600,1,2,Petr ZýMA,Aliangel LOPEZ,1,1,37,67,0,0,0,0,0,0,Ball 2. UEMURA Koya to 2nd on stolen base.,Playoff
207600,1,2,Petr ZýMA,Aliangel LOPEZ,2,1,19,46,0,0,0,0,0,0,Swinging Strike 2.,Playoff
207600,1,2,Petr ZýMA,Aliangel LOPEZ,2,2,33,66,0,0,0,0,0,0,Ball 3.,Playoff
207600,1,2,Petr ZýMA,Aliangel LOPEZ,3,2,-15,13,0,0,0,0,0,0,Foul.,Playoff
207600,1,2,Petr ZýMA,Aliangel LOPEZ,3,2,34,24,0,0,0,0,1,0,ZýMA Petr walks.,Playoff
207600,1,2,Filip ŠINDLER,Aliangel LOPEZ,0,0,2,49,0,0,113,0,0,0,ŠINDLER Filip pops out.  P4. 3 out.,Playoff
207600,1,0,Marek SLABý,Aliangel LOPEZ,0,0,0,0,0,0,0,0,0,0,"End of the 1st<br>0 runs, 2 lob",Playoff
207600,2,0,Marek SLABý,Aliangel LOPEZ,0,0,-20,21,0,0,0,0,0,0,Foul.,Playoff
207600,2,0,Marek SLABý,Aliangel LOPEZ,0,1,-18,39,0,0,0,0,0,0,Foul.,Playoff
207600,2,0,Marek SLABý,Aliangel LOPEZ,0,2,9,25,0,0,57,0,0,0,SLABý Marek grounds out 1-3. 1 out.,Playoff
207600,2,1,Aleš PRANDžEV,Aliangel LOPEZ,0,0,-12,42,0,0,0,0,0,0,Swinging Strike 1.,Playoff
207600,2,1,Aleš PRANDžEV,Aliangel LOPEZ,0,1,4,27,0,0,94,0,0,0,PRANDžEV Aleš grounds out 3-1. 2 out.,Playoff
207600,2,2,Lukáš DERGANZ,Aliangel LOPEZ,0,0,1,54,0,0,0,0,0,0,Called Strike 1.,Playoff
207600,2,2,Lukáš DERGANZ,Aliangel LOPEZ,0,1,38,37,0,0,0,0,0,0,Ball 1.,Playoff
207600,2,2,Lukáš DERGANZ,Aliangel LOPEZ,1,1,-12,56,0,0,0,0,0,0,Foul.,Playoff
207600,2,2,Lukáš DERGANZ,Aliangel LOPEZ,1,2,33,27,0,0,0,0,0,0,Ball 2.,Playoff
207600,2,2,Lukáš DERGANZ,Aliangel LOPEZ,2,2,31,16,0,0,0,0,0,0,Ball 3.,Playoff
207600,2,2,Lukáš DERGANZ,Aliangel LOPEZ,3,2,17,51,0,0,0,0,0,0,DERGANZ Lukáš strikes out looking. 3 out.,Playoff
207600,2,0,Jan HOJDA,Aliangel LOPEZ,0,0,0,0,0,0,0,0,0,0,"End of the 2nd<br>0 runs, 0 lob",Playoff
207600,3,0,Jan HOJDA,Aliangel LOPEZ,0,0,36,48,0,0,0,0,0,0,Ball 1.,Playoff
207600,3,0,Jan HOJDA,Aliangel LOPEZ,1,0,33,21,0,0,0,0,0,0,Ball 2.,Playoff
207600,3,0,Jan HOJDA,Aliangel LOPEZ,2,0,15,57,0,0,0,0,0,0,Foul.,Playoff
207600,3,0,Jan HOJDA,Aliangel LOPEZ,2,1,37,39,0,0,0,0,0,0,Ball 3.,Playoff
207600,3,0,Jan HOJDA,Aliangel LOPEZ,3,1,-6,54,0,0,0,0,0,0,Swinging Strike 2.,Playoff
207600,3,0,Jan HOJDA,Aliangel LOPEZ,3,2,14,36,0,0,0,0,0,0,HOJDA Jan strikes out swinging. 1 out.,Playoff
207600,3,1,Michal ANTOň,Aliangel LOPEZ,0,0,32,44,0,0,0,0,0,0,Ball 1.,Playoff
207600,3,1,Michal ANTOň,Aliangel LOPEZ,1,0,7,47,0,0,0,0,0,0,Called Strike 1.,Playoff
207600,3,1,Michal ANTOň,Aliangel LOPEZ,1,1,-12,56,0,0,0,0,0,0,Called Strike 2.,Playoff
207600,3,1,Michal ANTOň,Aliangel LOPEZ,1,2,37,37,0,0,0,0,0,0,Ball 2.,Playoff
207600,3,1,Michal ANTOň,Aliangel LOPEZ,2,2,-2,32,0,0,0,0,0,0,ANTOň Michal strikes out swinging. 2 out.,Playoff
207600,3,2,Koya UEMURA,Aliangel LOPEZ,0,0,15,58,0,0,0,0,0,0,Called Strike 1.,Playoff
207600,3,2,Koya UEMURA,Aliangel LOPEZ,0,1,1,21,0,0,0,0,0,0,Foul.,Playoff
207600,3,2,Koya UEMURA,Aliangel LOPEZ,0,2,-3,15,0,0,0,0,0,0,Foul.,Playoff
207600,3,2,Koya UEMURA,Aliangel LOPEZ,0,2,8,46,0,0,226,0,0,0,UEMURA Koya flies out to center field.  F8. 3 out.,Playoff
207600,3,0,Filip KUBíčEK,Aliangel LOPEZ,0,0,0,0,0,0,0,0,0,0,"End of the 3rd<br>0 runs, 0 lob",Playoff
207600,4,0,Filip KUBíčEK,Aliangel LOPEZ,0,0,-2,51,0,0,0,0,0,0,Called Strike 1.,Playoff
207600,4,0,Filip KUBíčEK,Aliangel LOPEZ,0,1,-8,12,0,0,94,0,0,0,KUBíčEK Filip grounds out 5-3. 1 out.,Playoff
207600,4,1,Petr ZýMA,Aliangel LOPEZ,0,0,19,41,0,0,0,0,0,0,Called Strike 1.,Playoff
207600,4,1,Petr ZýMA,Aliangel LOPEZ,0,1,36,48,0,0,0,0,0,0,Ball 1.,Playoff
207600,4,1,Petr ZýMA,Aliangel LOPEZ,1,1,3,27,0,0,0,0,0,0,Swinging Strike 2.,Playoff
207600,4,1,Petr ZýMA,Aliangel LOPEZ,1,2,13,43,0,0,0,0,0,0,Foul.,Playoff
207600,4,1,Petr ZýMA,Aliangel LOPEZ,1,2,39,64,0,0,0,0,0,0,Ball 2.,Playoff
207600,4,1,Petr ZýMA,Aliangel LOPEZ,2,2,-13,45,0,0,226,0,0,0,ZýMA Petr flies out to center field.  F8. 2 out.,Playoff
207600,4,2,Filip ŠINDLER,Aliangel LOPEZ,0,0,30,26,0,0,0,0,0,0,Ball 1.,Playoff
207600,4,2,Filip ŠINDLER,Aliangel LOPEZ,1,0,15,31,0,0,0,0,0,0,Foul.,Playoff
207600,4,2,Filip ŠINDLER,Aliangel LOPEZ,1,1,10,56,0,0,0,0,0,0,Called Strike 2.,Playoff
207600,4,2,Filip ŠINDLER,Aliangel LOPEZ,1,2,8,23,0,0,0,0,0,0,ŠINDLER Filip strikes out swinging. 3 out.,Playoff
207600,4,0,Marek SLABý,Aliangel LOPEZ,0,0,0,0,0,0,0,0,0,0,"End of the 4th<br>0 runs, 0 lob",Playoff
207600,5,0,Marek SLABý,Aliangel LOPEZ,0,0,-54,49,0,0,0,0,0,0,SLABý Marek Hit By Pitch.,Playoff
207600,5,0,Aleš PRANDžEV,Aliangel LOPEZ,0,0,0,0,0,0,0,0,0,0,Pickoff Attempt at 1st,Playoff
207600,5,0,Aleš PRANDžEV,Aliangel LOPEZ,0,0,0,0,0,0,0,0,0,0,With PRANDžEV Aleš batting SLABý Marek  out at 1st PO13.  1 out.,Playoff
207600,5,1,Aleš PRANDžEV,Aliangel LOPEZ,0,0,2,41,0,0,0,0,0,0,Called Strike 1.,Playoff
207600,5,1,Aleš PRANDžEV,Aliangel LOPEZ,0,1,16,34,0,0,0,0,0,0,Foul.,Playoff
207600,5,1,Aleš PRANDžEV,Aliangel LOPEZ,0,2,-17,49,0,0,179,1,0,0,PRANDžEV Aleš singles to left field.,Playoff
207600,5,1,Lukáš DERGANZ,Aliangel LOPEZ,0,0,35,47,0,0,0,0,0,0,Ball 1.,Playoff
207600,5,1,Lukáš DERGANZ,Aliangel LOPEZ,1,0,8,42,0,0,0,0,0,0,Called Strike 1.,Playoff
207600,5,1,Lukáš DERGANZ,Aliangel LOPEZ,1,1,-16,37,0,0,0,0,0,0,Swinging Strike 2.,Playoff
207600,5,1,Lukáš DERGANZ,Aliangel LOPEZ,1,2,14,34,0,0,0,0,0,0,Foul.,Playoff
207600,5,1,Lukáš DERGANZ,Aliangel LOPEZ,1,2,-6,43,0,0,0,0,0,0,DERGANZ Lukáš strikes out swinging. 2 out.,Playoff
207600,5,2,Jan HOJDA,Aliangel LOPEZ,0,0,38,17,0,0,0,0,0,0,Ball 1.,Playoff
207600,5,2,Jan HOJDA,Aliangel LOPEZ,1,0,35,43,0,0,0,0,0,0,Ball 2.,Playoff
207600,5,2,Jan HOJDA,Aliangel LOPEZ,2,0,36,46,0,0,0,0,0,0,Ball 3.,Playoff
207600,5,2,Jan HOJDA,Aliangel LOPEZ,3,0,-11,43,0,0,0,0,0,0,Called Strike 1.,Playoff
207600,5,2,Jan HOJDA,Aliangel LOPEZ,3,1,-12,38,0,0,0,0,0,0,Called Strike 2.,Playoff
207600,5,2,Jan HOJDA,Aliangel LOPEZ,3,2,15,12,0,0,0,0,0,0,HOJDA Jan strikes out swinging. 3 out.,Playoff
207600,5,0,Michal ANTOň,Aliangel LOPEZ,0,0,0,0,0,0,0,0,0,0,"End of the 5th<br>0 runs, 1 lob",Playoff
207600,6,0,Michal ANTOň,Aliangel LOPEZ,0,0,-15,51,0,0,0,0,0,0,Called Strike 1.,Playoff
207600,6,0,Michal ANTOň,Aliangel LOPEZ,0,1,-3,37,0,0,0,0,0,0,Called Strike 2.,Playoff
207600,6,0,Michal ANTOň,Aliangel LOPEZ,0,2,6,18,0,0,0,0,0,0,Foul.,Playoff
207600,6,0,Michal ANTOň,Aliangel LOPEZ,0,2,1,18,0,0,89,1,0,0,ANTOň Michal singles to second base.,Playoff
207600,6,0,Koya UEMURA,Aliangel LOPEZ,0,0,30,44,0,0,0,0,0,0,Ball 1.,Playoff
207600,6,0,Koya UEMURA,Aliangel LOPEZ,1,0,7,17,0,0,87,1,0,0,UEMURA Koya singles to second base. ANTOň Michal to 2nd. ANTOň Michal to 3rd on E4T. UEMURA Koya to 2nd.,Playoff
207600,6,0,Filip KUBíčEK,Aliangel LOPEZ,0,0,-3,52,0,0,0,0,0,0,Called Strike 1.,Playoff
207600,6,0,Filip KUBíčEK,Aliangel LOPEZ,0,1,30,47,0,0,0,0,0,0,Ball 1.,Playoff
207600,6,0,Filip KUBíčEK,Aliangel LOPEZ,1,1,-6,19,0,0,0,0,0,0,Swinging Strike 2.,Playoff
207600,6,0,Filip KUBíčEK,Aliangel LOPEZ,1,2,-5,29,0,0,113,0,0,1,KUBíčEK Filip grounds out 6-3. ANTOň Michal scores. UEMURA Koya to 3rd. 1 out. 1 RBI.,Playoff
207600,6,1,Petr ZýMA,Aliangel LOPEZ,0,0,-14,50,0,0,179,1,0,1,ZýMA Petr singles to left center. UEMURA Koya scores. 1 RBI.,Playoff
207600,6,1,Filip ŠINDLER,Aliangel LOPEZ,0,0,7,20,0,0,94,0,0,0,ŠINDLER Filip grounds out 3U. ZýMA Petr to 2nd. 2 out.,Playoff
207600,6,2,Marek SLABý,Aliangel LOPEZ,0,0,37,36,0,0,0,0,0,0,Ball 1.,Playoff
207600,6,2,Marek SLABý,Aliangel LOPEZ,1,0,-18,53,0,0,179,1,0,0,SLABý Marek singles to left center. ZýMA Petr to 3rd.,Playoff
207600,6,2,Aleš PRANDžEV,Aliangel LOPEZ,0,0,34,33,0,0,0,0,0,0,Ball 1.,Playoff
207600,6,2,Aleš PRANDžEV,Aliangel LOPEZ,1,0,7,17,0,0,0,0,0,0,Foul.,Playoff
207600,6,2,Aleš PRANDžEV,Aliangel LOPEZ,1,1,-12,15,0,0,0,0,0,0,Swinging Strike 2. SLABý Marek to 2nd on stolen base.,Playoff
207600,6,2,Aleš PRANDžEV,Aliangel LOPEZ,1,2,-16,14,0,0,0,0,0,0,Foul.,Playoff
207600,6,2,Aleš PRANDžEV,Aliangel LOPEZ,1,2,30,18,0,0,0,0,0,0,Ball 2.,Playoff
207600,6,2,Aleš PRANDžEV,Aliangel LOPEZ,2,2,-11,58,0,0,0,0,0,0,PRANDžEV Aleš strikes out swinging. 3 out.,Playoff
207600,6,0,Lukáš DERGANZ,Aliangel LOPEZ,0,0,0,0,0,0,0,0,0,0,"End of the 6th<br>2 runs, 2 lob",Playoff
207600,7,0,Neznámý,Neznámý,0,0,0,0,0,0,0,0,0,0,Pitching Change: #72 VILLEGAS for #67 LOPEZ,Playoff
207600,7,0,Lukáš DERGANZ,Kender VILLEGAS,0,0,-13,20,0,0,41,0,0,0,DERGANZ Lukáš reaches on fielding error. Bunt. E1.,Playoff
207600,7,0,Jan HOJDA,Kender VILLEGAS,0,0,34,14,0,0,0,0,0,0,Ball 1.,Playoff
207600,7,0,Jan HOJDA,Kender VILLEGAS,1,0,3,12,0,0,0,0,0,0,Foul.,Playoff
207600,7,0,Jan HOJDA,Kender VILLEGAS,1,1,16,61,0,0,0,0,0,0,Foul.,Playoff
207600,7,0,Jan HOJDA,Kender VILLEGAS,1,2,-9,64,0,0,94,0,0,0,HOJDA Jan lines out.  L5. DERGANZ Lukáš  out at 1st 53.  Double Play. 2 out.,Playoff
207600,7,2,Michal ANTOň,Kender VILLEGAS,0,0,38,13,0,0,0,0,0,0,Ball 1.,Playoff
207600,7,2,Michal ANTOň,Kender VILLEGAS,1,0,1,17,0,0,0,0,0,0,Swinging Strike 1.,Playoff
207600,7,2,Michal ANTOň,Kender VILLEGAS,1,1,0,21,0,0,0,0,0,0,Called Strike 2.,Playoff
207600,7,2,Michal ANTOň,Kender VILLEGAS,1,2,37,67,0,0,0,0,0,0,Ball 2.,Playoff
207600,7,2,Michal ANTOň,Kender VILLEGAS,2,2,-8,58,0,0,0,0,0,0,ANTOň Michal strikes out swinging. 3 out.,Playoff
207600,7,0,Koya UEMURA,Kender VILLEGAS,0,0,0,0,0,0,0,0,0,0,"End of the 7th<br>0 runs, 0 lob",Playoff
207600,8,0,Koya UEMURA,Kender VILLEGAS,0,0,-11,27,0,0,0,0,0,0,Called Strike 1.,Playoff
207600,8,0,Koya UEMURA,Kender VILLEGAS,0,1,34,6,0,0,0,0,0,0,Ball 1.,Playoff
207600,8,0,Koya UEMURA,Kender VILLEGAS,1,1,4,61,0,0,0,0,0,0,Called Strike 2.,Playoff
207600,8,0,Koya UEMURA,Kender VILLEGAS,1,2,33,35,0,0,0,0,0,0,Ball 2.,Playoff
207600,8,0,Koya UEMURA,Kender VILLEGAS,2,2,5,47,0,0,179,1,0,0,UEMURA Koya singles to left center.,Playoff
207600,8,0,Filip KUBíčEK,Kender VILLEGAS,0,0,1,34,0,0,0,0,0,0,Foul.,Playoff
207600,8,0,Filip KUBíčEK,Kender VILLEGAS,0,1,34,11,0,0,0,0,0,0,Ball 1.,Playoff
207600,8,0,Filip KUBíčEK,Kender VILLEGAS,1,1,5,35,0,0,0,0,0,0,Called Strike 2.,Playoff
207600,8,0,Filip KUBíčEK,Kender VILLEGAS,1,2,-15,33,0,0,0,0,0,0,KUBíčEK Filip strikes out looking. 1 out.,Playoff
207600,8,1,Petr ZýMA,Kender VILLEGAS,0,0,35,4,0,0,0,0,0,0,Ball 1.,Playoff
207600,8,1,Petr ZýMA,Kender VILLEGAS,1,0,12,49,0,0,67,0,0,0,ZýMA Petr pops out foul.  FP3. 2 out.,Playoff
207600,8,2,Filip ŠINDLER,Kender VILLEGAS,0,0,0,55,0,0,226,0,0,0,ŠINDLER Filip flies out to right center.  F9. 3 out.,Playoff
207600,8,0,Marek SLABý,Kender VILLEGAS,0,0,0,0,0,0,0,0,0,0,"End of the 8th<br>0 runs, 1 lob",Playoff
207600,9,0,Marek SLABý,Kender VILLEGAS,0,0,-1,12,0,0,0,0,0,0,Foul.,Playoff
207600,9,0,Marek SLABý,Kender VILLEGAS,0,1,4,59,0,0,0,0,0,0,Called Strike 2.,Playoff
207600,9,0,Marek SLABý,Kender VILLEGAS,0,2,-2,56,0,0,0,0,0,0,SLABý Marek strikes out looking. 1 out.,Playoff
207600,9,1,Matyáš SMOLA,Kender VILLEGAS,0,0,30,18,0,0,0,0,0,0,Ball 1.,Playoff
207600,9,1,Matyáš SMOLA,Kender VILLEGAS,1,0,-5,57,0,0,0,0,0,0,Foul.,Playoff
207600,9,1,Matyáš SMOLA,Kender VILLEGAS,1,1,-3,44,0,0,0,0,0,0,Swinging Strike 2.,Playoff
207600,9,1,Matyáš SMOLA,Kender VILLEGAS,1,2,34,53,0,0,0,0,0,0,Ball 2.,Playoff
207600,9,1,Matyáš SMOLA,Kender VILLEGAS,2,2,17,36,0,0,0,0,0,0,Foul.,Playoff
207600,9,1,Matyáš SMOLA,Kender VILLEGAS,2,2,10,60,0,0,0,0,0,0,SMOLA Matyáš strikes out swinging. 2 out.,Playoff
207600,9,2,Lukáš DERGANZ,Kender VILLEGAS,0,0,-10,58,0,0,226,0,0,0,DERGANZ Lukáš flies out to left field.  F7. 3 out.,Playoff
207600,9,0,Jan HOJDA,Kender VILLEGAS,0,0,0,0,0,0,0,0,0,0,GAME OVER<br>DRA wins 10-2<br>Win: LOPEZ<br>Loss: UEMURA,Playoff
207016,1,0,Michal ANTOň,Lukáš ERCOLI,0,0,0,0,0,0,0,0,0,0,Play Ball,Playoff
207016,1,0,Michal ANTOň,Lukáš ERCOLI,0,0,33,64,0,0,0,0,0,0,Ball 1.,Playoff
207016,1,0,Michal ANTOň,Lukáš ERCOLI,1,0,0,55,0,0,0,0,0,0,Called Strike 1.,Playoff
207016,1,0,Michal ANTOň,Lukáš ERCOLI,1,1,-1,29,0,0,0,0,0,0,Called Strike 2.,Playoff
207016,1,0,Michal ANTOň,Lukáš ERCOLI,1,2,33,30,0,0,0,0,0,0,Ball 2.,Playoff
207016,1,0,Michal ANTOň,Lukáš ERCOLI,2,2,-8,60,0,0,179,1,0,0,ANTOň Michal singles to left field.,Playoff
207016,1,0,Koya UEMURA,Lukáš ERCOLI,0,0,6,54,0,0,0,0,0,0,Swinging Strike 1.,Playoff
207016,1,0,Koya UEMURA,Lukáš ERCOLI,0,1,-4,48,0,0,0,0,0,0,Called Strike 2.,Playoff
207016,1,0,Koya UEMURA,Lukáš ERCOLI,0,2,-20,11,0,0,113,0,0,0,UEMURA Koya reaches on fielders choice. ANTOň Michal  out at 2nd 64.  1 out.,Playoff
207016,1,1,Petr ZýMA,Lukáš ERCOLI,0,0,19,36,0,0,0,0,0,0,Called Strike 1.,Playoff
207016,1,1,Petr ZýMA,Lukáš ERCOLI,0,1,15,45,0,0,0,0,0,0,Called Strike 2. UEMURA Koya to 2nd on stolen base.,Playoff
207016,1,1,Petr ZýMA,Lukáš ERCOLI,0,2,-16,23,0,0,0,0,0,0,Foul.,Playoff
207016,1,1,Petr ZýMA,Lukáš ERCOLI,0,2,-7,21,0,0,0,0,0,0,ZýMA Petr strikes out swinging. 2 out.,Playoff
207016,1,2,Filip KUBíčEK,Lukáš ERCOLI,0,0,11,55,0,0,0,0,0,0,Called Strike 1.,Playoff
207016,1,2,Filip KUBíčEK,Lukáš ERCOLI,0,1,-19,24,0,0,0,0,0,0,Called Strike 2.,Playoff
207016,1,2,Filip KUBíčEK,Lukáš ERCOLI,0,2,31,16,0,0,0,0,0,0,Ball 1.,Playoff
207016,1,2,Filip KUBíčEK,Lukáš ERCOLI,1,2,39,21,0,0,0,0,0,0,Ball 2.,Playoff
207016,1,2,Filip KUBíčEK,Lukáš ERCOLI,2,2,2,14,0,0,0,0,0,0,KUBíčEK Filip strikes out looking. 3 out.,Playoff
207016,1,0,Filip ŠINDLER,Lukáš ERCOLI,0,0,0,0,0,0,0,0,0,0,"Middle of the 1st<br>0 runs, 1 lob",Playoff
207016,2,0,Filip ŠINDLER,Lukáš ERCOLI,0,0,-11,29,0,0,113,0,0,0,ŠINDLER Filip grounds out 6-3. 1 out.,Playoff
207016,2,1,Marek SLABý,Lukáš ERCOLI,0,0,37,51,0,0,0,0,0,0,Ball 1.,Playoff
207016,2,1,Marek SLABý,Lukáš ERCOLI,1,0,34,62,0,0,0,0,0,0,Ball 2.,Playoff
207016,2,1,Marek SLABý,Lukáš ERCOLI,2,0,-18,29,0,0,0,0,0,0,Called Strike 1.,Playoff
207016,2,1,Marek SLABý,Lukáš ERCOLI,2,1,-9,53,0,0,0,0,0,0,Called Strike 2.,Playoff
207016,2,1,Marek SLABý,Lukáš ERCOLI,2,2,19,25,0,0,94,0,0,0,SLABý Marek grounds out 3-1. 2 out.,Playoff
207016,2,2,Aleš PRANDžEV,Lukáš ERCOLI,0,0,16,57,0,0,235,1,0,0,PRANDžEV Aleš doubles to center field.,Playoff
207016,2,2,Lukáš DERGANZ,Lukáš ERCOLI,0,0,32,8,0,0,0,0,0,0,Ball 1.,Playoff
207016,2,2,Lukáš DERGANZ,Lukáš ERCOLI,1,0,17,34,0,0,0,0,0,0,Called Strike 1.,Playoff
207016,2,2,Lukáš DERGANZ,Lukáš ERCOLI,1,1,4,39,0,0,0,0,0,0,Called Strike 2.,Playoff
207016,2,2,Lukáš DERGANZ,Lukáš ERCOLI,1,2,36,46,0,0,0,0,0,0,Ball 2. PRANDžEV Aleš to 3rd on passed ball.,Playoff
207016,2,2,Lukáš DERGANZ,Lukáš ERCOLI,2,2,17,22,0,0,0,0,0,0,DERGANZ Lukáš strikes out looking. 3 out.,Playoff
207016,2,0,Jan HOJDA,Lukáš ERCOLI,0,0,0,0,0,0,0,0,0,0,"Middle of the 2nd<br>0 runs, 1 lob",Playoff
207016,3,0,Jan HOJDA,Lukáš ERCOLI,0,0,-4,45,0,0,0,0,0,0,Called Strike 1.,Playoff
207016,3,0,Jan HOJDA,Lukáš ERCOLI,0,1,2,28,0,0,0,0,0,0,Called Strike 2.,Playoff
207016,3,0,Jan HOJDA,Lukáš ERCOLI,0,2,38,41,0,0,0,0,0,0,Ball 1.,Playoff
207016,3,0,Jan HOJDA,Lukáš ERCOLI,1,2,31,24,0,0,0,0,0,0,Ball 2.,Playoff
207016,3,0,Jan HOJDA,Lukáš ERCOLI,2,2,-3,20,0,0,113,0,0,0,HOJDA Jan grounds out 6-3. 1 out.,Playoff
207016,3,1,Michal ANTOň,Lukáš ERCOLI,0,0,34,28,0,0,0,0,0,0,Ball 1.,Playoff
207016,3,1,Michal ANTOň,Lukáš ERCOLI,1,0,17,16,0,0,0,0,0,0,Called Strike 1.,Playoff
207016,3,1,Michal ANTOň,Lukáš ERCOLI,1,1,35,58,0,0,0,0,0,0,Ball 2.,Playoff
207016,3,1,Michal ANTOň,Lukáš ERCOLI,2,1,18,54,0,0,226,0,0,0,ANTOň Michal flies out to right field.  F9. 2 out.,Playoff
207016,3,2,Koya UEMURA,Lukáš ERCOLI,0,0,36,37,0,0,0,0,0,0,Ball 1.,Playoff
207016,3,2,Koya UEMURA,Lukáš ERCOLI,1,0,32,35,0,0,0,0,0,0,Ball 2.,Playoff
207016,3,2,Koya UEMURA,Lukáš ERCOLI,2,0,3,40,0,0,0,0,0,0,Called Strike 1.,Playoff
207016,3,2,Koya UEMURA,Lukáš ERCOLI,2,1,-18,23,0,0,0,0,0,0,Called Strike 2.,Playoff
207016,3,2,Koya UEMURA,Lukáš ERCOLI,2,2,7,47,0,0,0,0,0,0,UEMURA Koya strikes out swinging. 3 out.,Playoff
207016,3,0,Petr ZýMA,Lukáš ERCOLI,0,0,0,0,0,0,0,0,0,0,"Middle of the 3rd<br>0 runs, 0 lob",Playoff
207016,4,0,Petr ZýMA,Lukáš ERCOLI,0,0,30,58,0,0,0,0,0,0,Ball 1.,Playoff
207016,4,0,Petr ZýMA,Lukáš ERCOLI,1,0,-20,13,0,0,0,0,0,0,Called Strike 1.,Playoff
207016,4,0,Petr ZýMA,Lukáš ERCOLI,1,1,10,37,0,0,0,0,0,0,Called Strike 2.,Playoff
207016,4,0,Petr ZýMA,Lukáš ERCOLI,1,2,9,45,0,0,0,0,0,0,ZýMA Petr strikes out swinging. 1 out.,Playoff
207016,4,1,Filip KUBíčEK,Lukáš ERCOLI,0,0,-1,64,0,0,113,0,0,0,KUBíčEK Filip flies out.  F6. 2 out.,Playoff
207016,4,2,Filip ŠINDLER,Lukáš ERCOLI,0,0,-11,59,0,0,0,0,0,0,Foul.,Playoff
207016,4,2,Filip ŠINDLER,Lukáš ERCOLI,0,1,32,5,0,0,0,0,0,0,Ball 1.,Playoff
207016,4,2,Filip ŠINDLER,Lukáš ERCOLI,1,1,3,60,0,0,179,1,0,0,ŠINDLER Filip singles to right field.,Playoff
207016,4,2,Marek SLABý,Lukáš ERCOLI,0,0,0,0,0,0,0,0,0,0,Pickoff Attempt at 1st,Playoff
207016,4,2,Marek SLABý,Lukáš ERCOLI,0,0,-1,49,0,0,226,0,0,0,SLABý Marek flies out to center field.  F8. 3 out.,Playoff
207016,4,0,Aleš PRANDžEV,Lukáš ERCOLI,0,0,0,0,0,0,0,0,0,0,"Middle of the 4th<br>0 runs, 1 lob",Playoff
207016,5,0,Aleš PRANDžEV,Lukáš ERCOLI,0,0,-11,14,0,0,0,0,0,0,Foul.,Playoff
207016,5,0,Aleš PRANDžEV,Lukáš ERCOLI,0,1,-20,63,0,0,179,1,0,0,PRANDžEV Aleš singles to left center.,Playoff
207016,5,0,Lukáš DERGANZ,Lukáš ERCOLI,0,0,7,24,0,0,57,0,0,0,DERGANZ Lukáš grounds out. Bunt 1U. PRANDžEV Aleš to 2nd. 1 out.,Playoff
207016,5,1,Jan HOJDA,Lukáš ERCOLI,0,0,-20,31,0,0,0,0,0,0,Swinging Strike 1.,Playoff
207016,5,1,Jan HOJDA,Lukáš ERCOLI,0,1,13,41,0,0,0,0,0,0,Swinging Strike 2.,Playoff
207016,5,1,Jan HOJDA,Lukáš ERCOLI,0,2,-5,49,0,0,0,0,0,0,HOJDA Jan strikes out swinging. 2 out.,Playoff
207016,5,2,Michal ANTOň,Lukáš ERCOLI,0,0,-6,13,0,0,0,0,0,0,Called Strike 1. PRANDžEV Aleš  out at 3rd CS25.  3 out.,Playoff
207016,5,0,Michal ANTOň,Lukáš ERCOLI,0,0,0,0,0,0,0,0,0,0,"Middle of the 5th<br>0 runs, 0 lob",Playoff
207016,6,0,Michal ANTOň,Lukáš ERCOLI,0,0,37,68,0,0,0,0,0,0,Ball 1.,Playoff
207016,6,0,Michal ANTOň,Lukáš ERCOLI,1,0,16,14,0,0,0,0,0,0,Called Strike 1.,Playoff
207016,6,0,Michal ANTOň,Lukáš ERCOLI,1,1,38,37,0,0,0,0,0,0,Ball 2.,Playoff
207016,6,0,Michal ANTOň,Lukáš ERCOLI,2,1,13,54,0,0,226,0,0,0,ANTOň Michal flies out to right field.  F9. 1 out.,Playoff
207016,6,1,Koya UEMURA,Lukáš ERCOLI,0,0,38,66,0,0,0,0,0,0,Ball 1.,Playoff
207016,6,1,Koya UEMURA,Lukáš ERCOLI,1,0,12,60,0,0,0,0,0,0,Called Strike 1.,Playoff
207016,6,1,Koya UEMURA,Lukáš ERCOLI,1,1,15,33,0,0,0,0,0,0,Called Strike 2.,Playoff
207016,6,1,Koya UEMURA,Lukáš ERCOLI,1,2,-2,38,0,0,0,0,0,0,UEMURA Koya strikes out swinging. 2 out.,Playoff
207016,6,2,Petr ZýMA,Lukáš ERCOLI,0,0,-7,14,0,0,94,0,0,0,ZýMA Petr grounds out 5-3. 3 out.,Playoff
207016,6,0,Filip KUBíčEK,Lukáš ERCOLI,0,0,0,0,0,0,0,0,0,0,"Middle of the 6th<br>0 runs, 0 lob",Playoff
207016,7,0,Filip KUBíčEK,Lukáš ERCOLI,0,0,0,54,0,0,0,0,0,0,Called Strike 1.,Playoff
207016,7,0,Filip KUBíčEK,Lukáš ERCOLI,0,1,15,53,0,0,226,0,0,0,KUBíčEK Filip flies out to center field.  F8. 1 out.,Playoff
207016,7,1,Caleb FREEMAN,Lukáš ERCOLI,0,0,13,23,0,0,113,0,0,0,FREEMAN Caleb grounds out 4-3. 2 out.,Playoff
207016,7,2,Marek SLABý,Lukáš ERCOLI,0,0,10,20,0,0,0,0,0,0,Called Strike 1.,Playoff
207016,7,2,Marek SLABý,Lukáš ERCOLI,0,1,30,33,0,0,0,0,0,0,Ball 1.,Playoff
207016,7,2,Marek SLABý,Lukáš ERCOLI,1,1,18,50,0,0,179,1,0,0,SLABý Marek singles to right field.,Playoff
207016,7,2,Aleš PRANDžEV,Lukáš ERCOLI,0,0,-9,56,0,0,0,0,0,0,Foul.,Playoff
207016,7,2,Aleš PRANDžEV,Lukáš ERCOLI,0,1,34,63,0,0,0,0,0,0,Ball 1.,Playoff
207016,7,2,Aleš PRANDžEV,Lukáš ERCOLI,1,1,0,0,0,0,0,0,0,0,Pickoff Attempt at 1st,Playoff
207016,7,2,Aleš PRANDžEV,Lukáš ERCOLI,1,1,35,16,0,0,0,0,0,0,Ball 2.,Playoff
207016,7,2,Aleš PRANDžEV,Lukáš ERCOLI,2,1,34,30,0,0,0,0,0,0,Ball 3. SLABý Marek to 2nd on stolen base.,Playoff
207016,7,2,Aleš PRANDžEV,Lukáš ERCOLI,3,1,-1,40,0,0,0,0,0,0,Called Strike 2.,Playoff
207016,7,2,Aleš PRANDžEV,Lukáš ERCOLI,3,2,-18,42,0,0,0,0,0,0,PRANDžEV Aleš strikes out looking. 3 out.,Playoff
207016,7,0,Lukáš DERGANZ,Lukáš ERCOLI,0,0,0,0,0,0,0,0,0,0,"Middle of the 7th<br>0 runs, 1 lob",Playoff
207014,1,0,Michal ANTOň,Jan NOVáK,0,0,0,0,0,0,0,0,0,0,Play Ball,Playoff
207014,1,0,Michal ANTOň,Jan NOVáK,0,0,37,33,0,0,0,0,0,0,Ball 1.,Playoff
207014,1,0,Michal ANTOň,Jan NOVáK,1,0,19,35,0,0,0,0,0,0,Called Strike 1.,Playoff
207014,1,0,Michal ANTOň,Jan NOVáK,1,1,-9,24,0,0,0,0,0,0,Swinging Strike 2.,Playoff
207014,1,0,Michal ANTOň,Jan NOVáK,1,2,39,35,0,0,0,0,0,0,Ball 2.,Playoff
207014,1,0,Michal ANTOň,Jan NOVáK,2,2,39,69,0,0,0,0,0,0,Ball 3.,Playoff
207014,1,0,Michal ANTOň,Jan NOVáK,3,2,-16,12,0,0,0,0,0,0,ANTOň Michal strikes out swinging. 1 out.,Playoff
207014,1,1,Koya UEMURA,Jan NOVáK,0,0,31,24,0,0,0,0,0,0,Ball 1.,Playoff
207014,1,1,Koya UEMURA,Jan NOVáK,1,0,-1,52,0,0,0,0,0,0,Called Strike 1.,Playoff
207014,1,1,Koya UEMURA,Jan NOVáK,1,1,-16,33,0,0,0,0,0,0,Called Strike 2.,Playoff
207014,1,1,Koya UEMURA,Jan NOVáK,1,2,15,47,0,0,0,0,0,0,UEMURA Koya strikes out swinging. 2 out.,Playoff
207014,1,2,Petr ZýMA,Jan NOVáK,0,0,-19,28,0,0,0,0,0,0,Called Strike 1.,Playoff
207014,1,2,Petr ZýMA,Jan NOVáK,0,1,0,10,0,0,113,0,0,0,ZýMA Petr grounds out 4-3. 3 out.,Playoff
207014,1,0,Filip KUBíčEK,Jan NOVáK,0,0,0,0,0,0,0,0,0,0,"Middle of the 1st<br>0 runs, 0 lob",Playoff
207014,2,0,Filip KUBíčEK,Jan NOVáK,0,0,-20,58,0,0,310,1,0,1,KUBíčEK Filip homers to deep left field. 1 RBI.,Playoff
207014,2,0,Caleb FREEMAN,Jan NOVáK,0,0,7,28,0,0,113,0,0,0,FREEMAN Caleb grounds out 4-3. 1 out.,Playoff
207014,2,1,Marek SLABý,Jan NOVáK,0,0,3,15,0,0,0,0,0,0,Called Strike 1.,Playoff
207014,2,1,Marek SLABý,Jan NOVáK,0,1,4,18,0,0,0,0,0,0,Called Strike 2.,Playoff
207014,2,1,Marek SLABý,Jan NOVáK,0,2,-19,14,0,0,0,0,0,0,SLABý Marek strikes out swinging. 2 out.,Playoff
207014,2,2,Filip ŠINDLER,Jan NOVáK,0,0,12,23,0,0,94,0,0,0,ŠINDLER Filip grounds out 3U. 3 out.,Playoff
207014,2,0,Lukáš DERGANZ,Jan NOVáK,0,0,0,0,0,0,0,0,0,0,"Middle of the 2nd<br>1 runs, 0 lob",Playoff
207014,3,0,Lukáš DERGANZ,Jan NOVáK,0,0,39,53,0,0,0,0,0,0,Ball 1.,Playoff
207014,3,0,Lukáš DERGANZ,Jan NOVáK,1,0,32,53,0,0,0,0,0,0,Ball 2.,Playoff
207014,3,0,Lukáš DERGANZ,Jan NOVáK,2,0,19,43,0,0,0,0,0,0,Foul.,Playoff
207014,3,0,Lukáš DERGANZ,Jan NOVáK,2,1,-11,60,0,0,0,0,0,0,Foul.,Playoff
207014,3,0,Lukáš DERGANZ,Jan NOVáK,2,2,2,29,0,0,0,0,0,0,DERGANZ Lukáš strikes out looking. 1 out.,Playoff
207014,3,1,Jan HOJDA,Jan NOVáK,0,0,34,16,0,0,0,0,0,0,Ball 1.,Playoff
207014,3,1,Jan HOJDA,Jan NOVáK,1,0,13,25,0,0,0,0,0,0,Called Strike 1.,Playoff
207014,3,1,Jan HOJDA,Jan NOVáK,1,1,8,52,0,0,0,0,0,0,Foul.,Playoff
207014,3,1,Jan HOJDA,Jan NOVáK,1,2,32,41,0,0,0,0,0,0,Ball 2.,Playoff
207014,3,1,Jan HOJDA,Jan NOVáK,2,2,-16,30,0,0,0,0,0,0,Foul.,Playoff
207014,3,1,Jan HOJDA,Jan NOVáK,2,2,-18,58,0,0,0,0,0,0,HOJDA Jan strikes out looking. 2 out.,Playoff
207014,3,2,Michal ANTOň,Jan NOVáK,0,0,19,14,0,0,0,0,0,0,Called Strike 1.,Playoff
207014,3,2,Michal ANTOň,Jan NOVáK,0,1,-15,17,0,0,113,0,0,0,ANTOň Michal grounds out 6-3. 3 out.,Playoff
207014,3,0,Koya UEMURA,Jan NOVáK,0,0,0,0,0,0,0,0,0,0,"Middle of the 3rd<br>0 runs, 0 lob",Playoff
207014,4,0,Koya UEMURA,Jan NOVáK,0,0,33,41,0,0,0,0,0,0,Ball 1.,Playoff
207014,4,0,Koya UEMURA,Jan NOVáK,1,0,18,64,0,0,179,1,0,0,UEMURA Koya singles to right field.,Playoff
207014,4,0,Petr ZýMA,Jan NOVáK,0,0,-12,40,0,0,0,0,0,0,Called Strike 1.,Playoff
207014,4,0,Petr ZýMA,Jan NOVáK,0,1,7,48,0,0,0,0,0,0,Swinging Strike 2.,Playoff
207014,4,0,Petr ZýMA,Jan NOVáK,0,2,30,56,0,0,0,0,0,0,Ball 1.,Playoff
207014,4,0,Petr ZýMA,Jan NOVáK,1,2,39,26,0,0,0,0,0,0,Ball 2.,Playoff
207014,4,0,Petr ZýMA,Jan NOVáK,2,2,-9,39,0,0,0,0,0,0,ZýMA Petr strikes out swinging. 1 out.,Playoff
207014,4,1,Filip KUBíčEK,Jan NOVáK,0,0,36,33,0,0,0,0,0,0,Ball 1.,Playoff
207014,4,1,Filip KUBíčEK,Jan NOVáK,1,0,31,59,0,0,0,0,0,0,Ball 2.,Playoff
207014,4,1,Filip KUBíčEK,Jan NOVáK,2,0,-1,37,0,0,0,0,0,0,Foul.,Playoff
207014,4,1,Filip KUBíčEK,Jan NOVáK,2,1,38,10,0,0,0,0,0,0,Ball 3.,Playoff
207014,4,1,Filip KUBíčEK,Jan NOVáK,3,1,37,70,0,0,0,0,1,0,KUBíčEK Filip walks. UEMURA Koya to 2nd.,Playoff
207014,4,1,Caleb FREEMAN,Jan NOVáK,0,0,-17,13,0,0,0,0,0,0,Swinging Strike 1.,Playoff
207014,4,1,Caleb FREEMAN,Jan NOVáK,0,1,-17,19,0,0,0,0,0,0,Swinging Strike 2.,Playoff
207014,4,1,Caleb FREEMAN,Jan NOVáK,0,2,38,58,0,0,0,0,0,0,Ball 1.,Playoff
207014,4,1,Caleb FREEMAN,Jan NOVáK,1,2,31,26,0,0,0,0,0,0,Ball 2. UEMURA Koya to 3rd on passed ball. KUBíčEK Filip to 2nd on passed ball.,Playoff
207014,4,1,Caleb FREEMAN,Jan NOVáK,2,2,39,53,0,0,0,0,0,0,Ball 3.,Playoff
207014,4,1,Caleb FREEMAN,Jan NOVáK,3,2,0,37,0,0,0,0,0,0,FREEMAN Caleb strikes out swinging KS23. 2 out.,Playoff
207014,4,2,Marek SLABý,Jan NOVáK,0,0,0,51,0,0,0,0,0,0,Called Strike 1.,Playoff
207014,4,2,Marek SLABý,Jan NOVáK,0,1,-9,47,0,0,0,0,0,0,Swinging Strike 2.,Playoff
207014,4,2,Marek SLABý,Jan NOVáK,0,2,-13,23,0,0,19,0,0,0,SLABý Marek reaches on fielders choice. UEMURA Koya  out at home 2.  3 out.,Playoff
207014,4,0,Filip ŠINDLER,Jan NOVáK,0,0,0,0,0,0,0,0,0,0,"Middle of the 4th<br>0 runs, 2 lob",Playoff
207014,5,0,Filip ŠINDLER,Jan NOVáK,0,0,38,58,0,0,0,0,0,0,Ball 1.,Playoff
207014,5,0,Filip ŠINDLER,Jan NOVáK,1,0,36,12,0,0,0,0,0,0,Ball 2.,Playoff
207014,5,0,Filip ŠINDLER,Jan NOVáK,2,0,-11,15,0,0,94,0,0,0,ŠINDLER Filip grounds out 5-3. 1 out.,Playoff
207014,5,1,Lukáš DERGANZ,Jan NOVáK,0,0,0,50,0,0,0,0,0,0,Called Strike 1.,Playoff
207014,5,1,Lukáš DERGANZ,Jan NOVáK,0,1,-9,44,0,0,0,0,0,0,Swinging Strike 2.,Playoff
207014,5,1,Lukáš DERGANZ,Jan NOVáK,0,2,-14,56,0,0,0,0,0,0,DERGANZ Lukáš strikes out swinging. 2 out.,Playoff
207014,5,2,Jan HOJDA,Jan NOVáK,0,0,19,30,0,0,0,0,0,0,Called Strike 1.,Playoff
207014,5,2,Jan HOJDA,Jan NOVáK,0,1,-12,23,0,0,179,1,0,0,HOJDA Jan singles down LF line.,Playoff
207014,5,2,Michal ANTOň,Jan NOVáK,0,0,35,46,0,0,0,0,0,0,Ball 1.,Playoff
207014,5,2,Michal ANTOň,Jan NOVáK,1,0,35,9,0,0,0,0,0,0,Ball 2. HOJDA Jan to 2nd on stolen base.,Playoff
207014,5,2,Michal ANTOň,Jan NOVáK,2,0,6,24,0,0,113,0,0,0,ANTOň Michal grounds out 4-3. 3 out.,Playoff
207014,5,0,Koya UEMURA,Jan NOVáK,0,0,0,0,0,0,0,0,0,0,"Middle of the 5th<br>0 runs, 1 lob",Playoff
207014,6,0,Neznámý,Neznámý,0,0,0,0,0,0,0,0,0,0,Defensive Change: #51 UGUSA to RF,Playoff
207014,6,0,Koya UEMURA,Jan NOVáK,0,0,35,62,0,0,0,0,0,0,Ball 1.,Playoff
207014,6,0,Koya UEMURA,Jan NOVáK,1,0,1,42,0,0,0,0,0,0,Called Strike 1.,Playoff
207014,6,0,Koya UEMURA,Jan NOVáK,1,1,31,62,0,0,0,0,0,0,Ball 2.,Playoff
207014,6,0,Koya UEMURA,Jan NOVáK,2,1,30,26,0,0,0,0,0,0,Ball 3.,Playoff
207014,6,0,Koya UEMURA,Jan NOVáK,3,1,34,65,0,0,0,0,1,0,UEMURA Koya walks.,Playoff
207014,6,0,Petr ZýMA,Jan NOVáK,0,0,37,46,0,0,0,0,0,0,Ball 1.,Playoff
207014,6,0,Petr ZýMA,Jan NOVáK,1,0,-2,37,0,0,0,0,0,0,Foul.,Playoff
207014,6,0,Petr ZýMA,Jan NOVáK,1,1,12,24,0,0,0,0,0,0,Foul.,Playoff
207014,6,0,Petr ZýMA,Jan NOVáK,1,2,5,51,0,0,226,0,0,0,ZýMA Petr flies out to right field.  F9. 1 out.,Playoff
207014,6,1,Filip KUBíčEK,Jan NOVáK,0,0,30,19,0,0,0,0,0,0,Ball 1.,Playoff
207014,6,1,Filip KUBíčEK,Jan NOVáK,1,0,34,12,0,0,0,0,0,0,Ball 2.,Playoff
207014,6,1,Filip KUBíčEK,Jan NOVáK,2,0,32,20,0,0,0,0,0,0,Ball 3.,Playoff
207014,6,1,Filip KUBíčEK,Jan NOVáK,3,0,33,5,0,0,0,0,1,0,KUBíčEK Filip walks. UEMURA Koya to 2nd.,Playoff
207014,6,1,Caleb FREEMAN,Jan NOVáK,0,0,37,15,0,0,0,0,0,0,Ball 1.,Playoff
207014,6,1,Caleb FREEMAN,Jan NOVáK,1,0,-1,35,0,0,0,0,0,0,Called Strike 1.,Playoff
207014,6,1,Caleb FREEMAN,Jan NOVáK,1,1,8,11,0,0,57,0,0,0,FREEMAN Caleb hits into a double play.  GDP 143. KUBíčEK Filip  out at 2nd 14.  3 out.,Playoff
207014,6,0,Marek SLABý,Jan NOVáK,0,0,0,0,0,0,0,0,0,0,"Middle of the 6th<br>0 runs, 1 lob",Playoff
207014,7,0,Marek SLABý,Jan NOVáK,0,0,-20,40,0,0,0,0,0,0,Called Strike 1.,Playoff
207014,7,0,Marek SLABý,Jan NOVáK,0,1,2,46,0,0,0,0,0,0,Foul.,Playoff
207014,7,0,Marek SLABý,Jan NOVáK,0,2,17,40,0,0,0,0,0,0,SLABý Marek strikes out swinging. 1 out.,Playoff
207014,7,1,Filip ŠINDLER,Jan NOVáK,0,0,7,45,0,0,0,0,0,0,Called Strike 1.,Playoff
207014,7,1,Filip ŠINDLER,Jan NOVáK,0,1,11,12,0,0,0,0,0,0,Swinging Strike 2.,Playoff
207014,7,1,Filip ŠINDLER,Jan NOVáK,0,2,34,18,0,0,0,0,0,0,Ball 1.,Playoff
207014,7,1,Filip ŠINDLER,Jan NOVáK,1,2,6,57,0,0,179,1,0,0,ŠINDLER Filip singles to right field.,Playoff
207014,7,1,Lukáš DERGANZ,Jan NOVáK,0,0,33,44,0,0,0,0,0,0,Ball 1. ŠINDLER Filip to 2nd on passed ball.,Playoff
207014,7,1,Lukáš DERGANZ,Jan NOVáK,1,0,3,29,0,0,0,0,0,0,Swinging Strike 1.,Playoff
207014,7,1,Lukáš DERGANZ,Jan NOVáK,1,1,-13,16,0,0,0,0,0,0,Foul.,Playoff
207014,7,1,Lukáš DERGANZ,Jan NOVáK,1,2,37,3,0,0,0,0,0,0,Ball 2.,Playoff
207014,7,1,Lukáš DERGANZ,Jan NOVáK,2,2,-2,47,0,0,0,0,0,0,DERGANZ Lukáš strikes out looking. 2 out.,Playoff
207014,7,2,Jan HOJDA,Jan NOVáK,0,0,3,48,0,0,179,1,0,1,HOJDA Jan singles down right field line. ŠINDLER Filip scores. 1 RBI.,Playoff
207014,7,2,Michal ANTOň,Jan NOVáK,0,0,2,59,0,0,179,1,0,0,ANTOň Michal singles to right center. HOJDA Jan to 2nd.,Playoff
207014,7,0,Neznámý,Neznámý,0,0,0,0,0,0,0,0,0,0,Pitching Change: #34 HRDLIčKA for #18 NOVáK,Playoff
207014,7,2,Koya UEMURA,Vít HRDLIčKA,0,0,0,32,0,0,0,0,0,0,Called Strike 1.,Playoff
207014,7,2,Koya UEMURA,Vít HRDLIčKA,0,1,30,22,0,0,0,0,0,0,Ball 1.,Playoff
207014,7,2,Koya UEMURA,Vít HRDLIčKA,1,1,18,26,0,0,113,0,0,0,UEMURA Koya grounds out 4-3. 3 out.,Playoff
207014,7,0,Petr ZýMA,Vít HRDLIčKA,0,0,0,0,0,0,0,0,0,0,"Middle of the 7th<br>1 runs, 2 lob",Playoff
